S02B00005665684374726C4D64656C3234313032355F32303138625F616D6B7370646C696D69742E7372656307
S30900FA0000015A0000A1
S30900FA000401000000F7
S31501000000709FE4057080C00070780520546400106C
S31501000010707B012854640010706FE7007060C10A9C
S3150100002054640000706002017C75FBA6000170003B
S3150100003000007020000070400000706000007080B9
S31501000040000070A0000070C0000070E000007100A8
S315010000500000712000007140000071600000718095
S31501000060000071A0000071C0000071E00000720084
S315010000700000722000007240000072600000728071
S31501000080000072A0000072C0000072E00000730060
S31501000090000073200000734000007360000073804D
S315010000A0000073A0000073C0000073E000007C2113
S315010000B003A67C2FF1207C2903A67C3043A67C3144
S315010000C043A67C3243A67C3343A67C3A0BA67C3BF3
S315010000D00BA67C3A8BA67C3B8BA67C3D0BA67C3F74
S315010000E00BA67C2043A67C3E0BA67FE803A670A048
S315010000F0E00670A0C0007CA53C707CA903A670A890
S31501000100E00070A0C0001805090018A580807A20BB
S31501000110FFF870A0E00170A0C0007CA53C707CA92E
S3150100012003A670AAE08070A0C0001805090018A5F2
S3150100013080807A20FFF87120E0007120C580700967
S3150100014098007A12002C7D2903A67140E1027155AF
S31501000150C178194A84FF70A8E00070A1C37818A578
S3150100016084FF188A0001188504017A20FFF871209E
S31501000170E0007120C010700998007A12002C7D29C8
S3150100018003A67140E1027155C6F8194A84FF70A8A9
S31501000190E00070A2C0F818A584FF188A000118852E
S315010001A004017A20FFF87CC000A670C2C0007CC0A2
S315010001B0012470A000027CB3FBA670E0000471006C
S315010001C00002717FE7FF717FC7FB7D33FAA67CEAE8
S315010001D048397A1200107D6A48397D53FBA679FFAA
S315010001E0FFD47D0A48397A02FFE47CB3FAA618A542
S315010001F0D00100017C0004AC7CB3FBA670A0000218
S315010002007CB2FBA670E0000471000002717FE7FF7B
S31501000210717FC7FB7D32FAA67CEA48397A12001053
S315010002207D6A48397D52FBA679FFFF8A7D0A4839E6
S315010002307A02FFE47CB2FAA618A5D00100017C007F
S3150100024004AC7CB2FBA67120E0007126C0087009DF
S3150100025098007A1200207D2903A670A8E00070A2FA
S31501000260C10818A584FF7080E000188504017A2072
S31501000270FFFC7028E000702CC11071A8E00071B27B
S31501000280C0F87048E0007052C0F8180106C0780046
S30701000290376FBF
S3150100100078000000440044004400440044004400C9
S3150100101078000000440044004400440044004400B9
S3150100102078000000440044004400440044004400A9
S315010010307800000044004400440044004400440099
S31501001040780000C0440044004400440044004400C9
S315010010507800000044004400440044004400440079
S315010010607800000044004400440044004400440069
S315010010707800000044004400440044004400440059
S315010010807800000044004400440044004400440049
S315010010907800000044004400440044004400440039
S315010010A07800000044004400440044004400440029
S315010010B07800000044004400440044004400440019
S315010010C07800000044004400440044004400440009
S315010010D078000000440044004400440044004400F9
S315010010E078000000440044004400440044004400E9
S309010010F0780000007D
S31501001100182106B01881110CD231707FE4045063A6
S3150100111000207C008146C033182111140093180168
S31501001120112400051821101418011024707FE404FD
S315010011307C0006AC7C00014654630030C231188144
S31501001140100C1C2100500008182106F000801BC15C
S315010011500908D501014F013E70A8E1E04806780073
S3150100116009DB1823A8007A04001801E301F47800CA
S315010011700BB1C50100901BC1080820F1000470A83D
S31501001180E1E0480601E301F4780003DF78000B9300
S31501001190C50100901BC108081863838020F1000473
S315010011A0182106D800800211DB0118818008186910
S315010011B00618031378000DC551010014C231C3414D
S315010011C0C4517D0714707D08F07078000C1BCB01AB
S315010011D00090182180280004182106E851430000D8
S315010011E01BA1090C18AAA8017A05010A51240000BD
S315010011F018A9A8017A05010618AAA8047A160222D6
S3150100120018A9A8047A1600F618A9A8027A1601B632
S3150100121018AAA8027A1600E6C203C2D4C4E37CFD6A
S315010012200050C5F31827A8007D4700D051040010CF
S315010012307CCA391E512400141826A83F7A0500C815
S315010012400CD07A1101D001D0480E480FC173C16488
S315010012500C677A1201167D69F8107D48F11018277E
S31501001260A8007A16000C7D7F48107D5E4110182A71
S31501001270A8007A1401CA71200000D2055525000480
S315010012805545001055650014192B94FF7D0A01D4AC
S3150100129018A8AF0F7A1500E81828AF0F7A16023E84
S315010012A051250008192984FF7800000C1826AF0F74
S315010012B07A1601567D66FC707D4708707D68087058
S315010012C003147CCA3B787D0B4378192984FF18EBFC
S315010012D094FF7CCA01D418A6AF0F7A05FFD27120FC
S315010012E000035545001055650014D24555250000EB
S315010012F001531BA1080C217100041BA1080C014319
S31501001300217100041827A8007A05015218E684E025
S315010013102A077A1001AC7D1D3C30718000007140B6
S3150100132000001827A8007A14018E48167160000083
S315010013307CCA3830196B94FF7D4A01D4C1647D475C
S3150100134040387D6A48387D8863787CE753787D47E5
S3150100135000D01827A8007CE7511E69F77CE9EB78D5
S31501001360C1730C677A02FEF27D69F8147D48F114A7
S31501001370D175D2055545001055650014712000033D
S3150100138018AAAF1F552500007A050030510500083F
S315010013907D46F8701967C0017D690C707D4A0C7035
S315010013A07CC94B78190880017CE94B7855450010BA
S315010013B055250014550500081BA1080C0153217180
S315010013C0000418AAA8027A06FF2CC173512300084B
S315010013D05103000CD1755545000055250008C1740F
S315010013E0512300045505000C7CE9483851030010CF
S315010013F051430014550500105545001455250004A8
S31501001400015379FFFEF018A7ACFE7A05FEAA79FF13
S31501001410FED0710000007120000079FFFE3218A98C
S31501001420A8047A06FED0C173C1640C677A12FEC69F
S315010014307060E1031C638B1079FFFEBA196BB00073
S315010014407D4A019071200001D205552500045545BC
S3150100145000105565001479FFFE327A16FDF218E682
S3150100146084E004602A077A10008A7FDD3C307180AF
S315010014700000714000001827A8007A14006C481675
S31501001480716000007CCA383018EB94FF7CCA01D425
S315010014907CEAF83846E6034E7CCA53787CEA00D0EB
S315010014A0182AA8007D4A391E7D4AFC707D5FEB78BB
S315010014B079FFFD9C48177CEB303079FFFE7A7D0A77
S315010014C008701966B01F7D3D34307D4A58307D0C59
S315010014D034307D5DEB7879FFFE4818A9ACFE7A05BC
S315010014E0FDC279FFFE9A48177CEB303079FFFF9CED
S315010014F07FCA08701966B01F7FFD34307D4A5830A7
S315010015007FCC34307D5DEB7879FFFF6A1821069038
S31501001510008054C100545401007454A1005057E195
S31501001520006C546100581BE180385481005C1861DD
S31501001530805801F478000D2D1881802018618050A3
S3150100154078000D211881802018A1800801F379FF08
S31501001550FC8B78000AF750010074009053E1006C8F
S3150100156018218070000418210690008054C100548F
S315010015705401007454A1005057E1006C54610058A5
S315010015801BE180385481005C1861805801F47800B1
S315010015900CD3188180201861805078000CC7512126
S315010015A00024188180201929E00118A180085521FD
S315010015B0002401F379FFFC2578000A91500100749B
S315010015C0009053E1006C18218070000418210688F0
S315010015D00080546100585401007C5481005C54A180
S315010015E0005054C1005418618058188180381B81FD
S315010015F0096878000C6F1861805018818020780086
S315010016000C635121003818A9A8017A15003C5141F3
S31501001610003C51210024186180387D494A787CE9D3
S3150100162000D01829A8007D29391E7D29FC70552175
S31501001630003C78000A175001007C00901B81086865
S315010016401821807800045141002018AAA8017A15B2
S31501001650003C512100245141003C186180207D4904
S315010016604A787C8900D01829A8007D29211E7D2968
S31501001670FC7055210024780009D35001007C0090AC
S315010016801B81086818218078000418A9A8047A0625
S31501001690001818AAA8027A06FF787060E1031C6395
S315010016A08B1079FFFF9018AAA8047A06001018A9D2
S315010016B0A8027A16FFE879FFFF9C18A9A8027A16F4
S315010016C0FF5018AAA8027A16FF8C51410034512105
S315010016D000485061004C510100307CCA48167C8399
S315010016E040167CEA49D67CA341D67FC350167FE3D8
S315010016F051D67CE728147CC621147D4848167D689E
S3150100170049D60D647A1100C67A02000A0D757A115E
S3150100171000BC480C480D01740261480571000000C7
S31501001720CA717D6B48147D4A4114512100407D6B7D
S31501001730E8147D4AE1147CE93A147D25F8147D0408
S31501001740F11418C78004CF41C951D4617C852A7828
S315010017501825A8007C8500D07CA5211E18AAAF1FDC
S3150100176069F5D3517A0500961967C0012006182735
S31501001770A8007A1600187D05F8707D270C707D0487
S315010017800C707CA93B781888D3807D45F8707D4420
S315010017900C707D670C7002427CAB3B7818A4AF1FBE
S315010017A07A15FFC8D4611967C0FF18A7A8807A16F1
S315010017B0002471200003554100185561001C552174
S315010017C000081861800879FFFE6C481C480D79FFF6
S315010017D0FF481967C1011827A8007A06FFD87D04BA
S315010017E04B797A12FFD0192B90807D0A01947D0ADC
S315010017F04378192BC40079FFFFBC202718AAAF0F25
S315010018007A15FFA67D64FC707D6608707D450870BB
S3150100181001731828A8007C8A2B7802637A040008D1
S3150100182018CBD0017D24FC707D2608707D050870DB
S3150100183018E784FF18AAAF0F7C882B7802617A0516
S31501001840FFC6D43179FFFF62182106B000805461CA
S3150100185000405401005454810044DE51DF61186197
S315010018608040188180201BC10948780009F718615A
S31501001870803818818008780009EBC87118A7A8017B
S315010018807A15001C18618020780007C150010054A8
S3150100189000901BC10848182180500004C2611861DC
S315010018A0800818A6A8017A05FFE25101002419272C
S315010018B084FE5141000C1925CCFD7D0A5278554113
S315010018C000247A0200160D677A02FFBC7060E103FC
S315010018D01C638B1079FFFFB418A6A8047A1600C6FC
S315010018E018A6A8027A1600DA51210028CC615141C6
S315010018F00010C6E17D2A4850CD71C7F15521002857
S315010019000D6E7A11000E7A0200240D7F7A01001EF7
S315010019107CE5FC707CEA08707CC80870192984FF94
S315010019207CA643785521002803274BD57102E00098
S315010019307120000048007160000000B50D6E7A113B
S31501001940001E7A02000A0D7F7A1100147CFF3810FE
S315010019507CDE31107D0003787D2B5B787D0AF87083
S315010019607CE3FC707CE508707D290C707CC40870F2
S315010019707D494B787D080C707C66237801577A2067
S31501001980FFBE196AC0FF02007D695B7818AAA880AC
S315010019907A16003EDC01556100341861802079FF1A
S315010019A0FEEA71400000716000007120000055419F
S315010019B00030556100345521002879FFFECA712097
S315010019C00004186180205521002079FFFEBE196AA6
S315010019D0C101182AA8007A06FFBE7CCA2B797A12A1
S315010019E0FFB6192990807D0801940300192BC400C4
S315010019F079FFFFA4182106B8008054610040540104
S31501001A00004C54810044DE51DF6118618040188129
S31501001A1080207800084F1861803818818008780086
S31501001A2008435121002018A9A8017A05002851214F
S31501001A30000818A9A8017A05001C186180201881E0
S31501001A4080087800090B5001004C0090182180484D
S31501001A5000045001004C00904813182180480004EE
S31501001A60182106B80080546100405401004C54818D
S31501001A700044DE51DF6118618040188180207800C2
S31501001A8007E31861803818818008780007D751214B
S31501001A90002018A9A8017A0500285121000818A9D3
S31501001AA0A8017A05001C1861802018818008780039
S31501001AB0089F5001004C00901821804800045001F5
S31501001AC0004C00904813182180480004182106B8DC
S31501001AD00080546100405401004C54810044DE51A1
S31501001AE0DF611861804018818020780007771861CE
S31501001AF08038188180087800076B5121002018A9C9
S31501001B00A8017A0500285121000818A9A8017A051B
S31501001B10001C186180201881800878000833500164
S31501001B20004C00901821804800045001004C0090A0
S31501001B302C03182180480004182106B8008054613E
S31501001B4000405401004C54810044DE51DF611861AC
S31501001B508040188180207800070B18618038188131
S31501001B608008780006FF5121002018A9A8017A05EE
S31501001B7000285121000818A9A8017A05001C18613E
S31501001B80802018818008780007C75001004C00901A
S31501001B901821804800045001004C00902C031821A4
S31501001BA080480004182106B80080546100405401A1
S31501001BB0004C54810044DE51DF6118618040188178
S31501001BC080207800069F1861803818818008780087
S31501001BD006935121002018A9A8017A050028512150
S31501001BE0000818A9A8017A05001C1861802018812F
S31501001BF080087800075B5001004C0090182180484E
S31501001C0000045001004C009048131821804800043C
S31501001C10182106B80080546100405401004C5481DB
S31501001C200044DE51DF611861804018818020780010
S31501001C3006331861803818818008780006275121FB
S31501001C40002018A9A8017A0500285121000818A921
S31501001C50A8017A05001C1861802018818008780087
S31501001C6006EF5001004C00901821804800045001F5
S31501001C70004C00904813182180480004182106D80A
S31501001C8000807C69FC7071400003DB01554100084E
S31501001C905521000C1823A8007A06001E71200002A7
S31501001CA05521000818618008780003A1CB01009036
S31501001CB01821802800041829A8007A0600327C69B8
S31501001CC00034194984FD1909801D700A98007A109B
S31501001CD0002C7C63503071400000D6315541001C08
S31501001CE01929B01F5521001079FFFFBC1823AB80BD
S31501001CF07A160024003379FFFFC87C6A0C7018E855
S31501001D00B01F7C6340307D4A3C30D73155410018C5
S31501001D1079FFFFD07078E1E0480479FFFF9218213E
S31501001D2006D80080D831D941DB011861802018819D
S31501001D3080087800052F5121000818A9A8027A0504
S31501001D40007A18A9A8047A1600185121001018293A
S31501001D50A8007A1400661829A81E7A05001E5121CA
S31501001D60000C62031829A8007A0600062DF3CB01A0
S31501001D700090182180280004C3311909B03C1823AA
S31501001D80A8007D2300D07C63491E192884E07C6766
S31501001D90FC70700998007C6700D07A10002A5141C6
S31501001DA000187D494C30CB0100907C694A787C69EA
S31501001DB03A14182180280004CB0100904803182109
S31501001DC0802800041948B01F512100187D29087088
S31501001DD07D2650305141001C7D4944307CC94B78E9
S31501001DE079FFFFC6182106D80080D231DB01D34125
S31501001DF0D451D6715501001C186180087800024D36
S31501001E00CB010090182180280004182106D80080F3
S31501001E10D831D941DB01186180201881800878000A
S31501001E2004435121001CC6617D2AF4706C261929D0
S31501001E30C73F7CC653781829A8007A16000665F6AE
S31501001E40C231C341C451780001E3CB01009018218E
S31501001E5080280004182106D8008071400000DB01AB
S31501001E602A035541000C7A1200447C690034710042
S31501001E70000318E9801D55010008190984FD700841
S31501001E8098007A1000427C6340305541001CD631DF
S31501001E901929B01F1861800855210010780001AD7D
S31501001EA0CB010090182180280004712000021861DE
S31501001EB080085521000878000193CB010090182174
S31501001EC0802800047C6A0C701907B01F42737D4A92
S31501001ED04430D7315541001879FFFFB855CBFFB8CB
S31501001EE055EBFFBC560BFFC0562BFFC4564BFFC824
S31501001EF0566BFFCC568BFFD056ABFFD456CBFFD8D3
S31501001F0056EBFFDC570BFFE0572BFFE4574BFFE87F
S31501001F10576BFFEC578BFFF057ABFFF457CBFFF82E
S31501001F2057EBFFFC000451CBFFB851EBFFBC520B42
S31501001F30FFC0522BFFC4524BFFC8526BFFCC528BD2
S31501001F40FFD052ABFFD452CBFFD852EBFFDC530B81
S31501001F50FFE0532BFFE4534BFFE8536BFFEC538B2E
S31501001F60FFF053ABFFF453CBFFF8500B000453EBD8
S31501001F70FFFC0090033100045143000075484E3FB9
S31501001F807D47FC707549027FD1741828A8007A062E
S31501001F9000361829A8007A160054714000037D29DD
S31501001FA0387055440000715F7F827D290870194A97
S31501001FB084FF18A9AF3F7A05FFF45544000855245C
S31501001FC0000C00041828A8FF7A16002C1908848131
S31501001FD07D293870714000031929D3405504000842
S31501001FE0554400005524000C0004712000025524BC
S31501001FF0000000041829A8007A16001E1949CA40D3
S315010020007A1200207120000155240000754A38F12A
S315010020105544000C000471200004552400000004FE
S315010020205524000079FFFFE8182106E80080D23127
S31501002030D701D341D451D56118618008780003F5E1
S31501002040C701009021710004512300005143001083
S3150100205051630014C17318A9A8017A0500BC18A917
S31501002060A8047A16009C18A9A8027A1600627D486F
S315010020705B797A12005A5123000873E99C027A109F
S3150100208000D670099BFF7A1100781968C0FF18A85D
S31501002090A8807A1600AA196B907F7D4A019418AA26
S315010020A0AF1F7A1500421D2903FF7D6844707D46E6
S315010020B0C0707D29A0707CC643786DF7754AC33F11
S315010020C001647D4A4B787D433B7800047120000012
S315010020D07140000048067D4A4B786DF701647D43E7
S315010020E03B7800047D46F8707D680C707D450C7068
S315010020F01929810402527CCB437879FFFFB0712FF5
S31501002100E7F048066DF77140000001647D4A4B789F
S315010021107D433B7800047D6944707D46C0706DF750
S315010021207CC64B78754AC37F712FE7F0194AD208EE
S3150100213001647D4A4B787D433B7800041968C101EF
S315010021401828A8007A16FF5A196B90807D4A0194C7
S3150100215079FFFF4E711F7C027D2940501829A8384E
S315010021607A15FF6C190984E0700898007A1000DC72
S315010021707D464430480348041828A8007A1400C054
S315010021807120000148057D244030192594FF7D0406
S3150100219001D401347D0A50387D2958387D494B7860
S315010021A01829A8007D4900D07D29511E7D29FC7082
S315010021B07D25337818A9C0FF18A9A8807A060030B2
S315010021C018A9C1011829A8007A06004C7C66C070BE
S315010021D07CA8447018A3AF0F746AC33F7CC64378CA
S315010021E07D2000267529D2D779FFFEEE1965907FED
S315010021F07D4401947D46C0707D69447018AAAF0F75
S315010022007CC64B78754AC33F7D2000267529D2D7F7
S3150100221079FFFEC6196590807D4401947D46C070A4
S3150100222018AAAF0F7D684470754AC33F7CC64378D0
S315010022307D2000267529D2D779FFFE9E7100000107
S315010022407D05483079FFFF467D4508701889B01F26
S315010022507D664C3042457D434C30445679FFFF1A2A
S3150100226051030000514300047507657F7D06FC702C
S315010022707509033FD1641827A8007A0600507D2707
S3150100228053797A12007C7D48C4707D2940707D4A5D
S3150100229040707D094B7870FF7C0271000003550484
S315010022A000007D48FC707D2908707D4A08707D0913
S315010022B04B7818E784FF18A9AF0F7A05FFE8D274A7
S315010022C05524001055440014000470079FFF7A122C
S315010022D0003A7D48C4701CE7FC017D2940707D4AA7
S315010022E040707D094B78D2741929D310710000030F
S315010022F055240010550400005544001400047120B3
S3150100230000025524000000047D2753797A12002E1D
S315010023101909CA087A1200307120000155240000FB
S315010023207D49C4707508416F7D4A40707D084B78C0
S31501002330554400145504001000047120000455246E
S31501002340000000045524000079FFFFD85123000046
S3150100235018A9A8017A0500765144000018AAA80117
S315010023607A05006A18A9A8047A16003218AAA804E0
S315010023707A16004C18A9A8027A16003C18AAA802D7
S315010023807A160022C173C1640C677A12004448139D
S315010023901827A8007A06001C000418AAA8047A16B1
S315010023A000585123000448131829A8007A16FFEC97
S315010023B02C03000418AAA8027A16003AC13418633D
S315010023C094FF7C63191065F3000448130004C2638B
S315010023D0C2540C567A11FFBA7A00002A186794FF84
S315010023E07C63191065F300047A02000A0D347A1130
S315010023F000344803000451240004C1337C6348506F
S315010024000004C453C464C533C5440D657A11FF8203
S315010024100D657A02000A0D437A11FF760D567A018F
S31501002420FFCA18E794FF7CE7391018E3D0010004CE
S3150100243051230000C3735103000418A9A8017A05AA
S31501002440008E18A9A8047A16007018A9A8027A168F
S3150100245000521827A8007A16004A5143000873EA69
S315010024609F827A1000A0700A987F7A11004C18E9B1
S31501002470C07F7009A8407A12007018E7803F1827BC
S31501002480A8007A140076194A807F74E9CA7F7D4ACA
S31501002490B8707D03F8707D2953787D231B7800047D
S315010024A071400000712000007D2953787D03F8708A
S315010024B07D231B780004714FE7807D03F87071203E
S315010024C000007D2953787D231B78000474E9CABF77
S315010024D0714FE7807D03F8701929D2407D29537821
S315010024E07D231B78000467877A12FF9A18E78040DC
S315010024F01827A80079FFFF8E6817194A808079FF8F
S31501002500FF8C194AB482182AA8197A15FF967CE914
S31501002510543048167CC65030240646671827A80052
S315010025207D4700D07CE7511E69F77CE74B7818E9B7
S31501002530C07F18A9A8407A06001E67877A02003074
S3150100254018A7AF3F74E9CA7F7D400026754AEA1194
S3150100255079FFFF581927803F18A9AF3F7529CA7F10
S315010025607D400026754AEA1179FFFF401927804010
S3150100257018A9AF3F7529CA7F7D400026754AEA1121
S3150100258079FFFF28182106D8D9F1011F0231D74F4B
S31501002590353F001871200000553F0008780000986B
S315010025A071200000553F000C78000064313F00188F
S315010025B07529063F7D2970707D2A4B78713FE7E7C3
S315010025C07D2952145129002C7D298C701929C001AD
S315010025D07529063F7009A8017F8000207D2000260D
S315010025E07529E0077D2801207A020018513F001C59
S315010025F019298001553F000871200015553F000C2F
S31501002600513F000C19298001553F000C513F000C28
S315010026107009A8137F8000207D2000267529E00718
S315010026207D2801207A01FF88513F00081929800180
S31501002630553F0008515F0008513F001C7F8A484002
S315010026407D2000267529E0077D2801207A10FF5498
S31501002650197F802853EBFFFC03310004182106F093
S31501002660D3F1011F715FE7E7512A000071000001F4
S315010026707509F800552A0000715FE7E7512A000045
S31501002680710000007509F042552A0000715FE7E705
S31501002690512A0000710000007509E086552A0000E4
S315010026A0713FE7E7715F7FFF35490001715FE7E73A
S315010026B0512A00007100000075097462552A000054
S315010026C0715FE7E7512A000071000001750907FEF5
S315010026D0552A0000715FE7E7512A000C71000000DE
S315010026E07509F800552A000C715FE7E7512A000CBD
S315010026F0710000077509D848552A000C715FE7E794
S31501002700512A000C710000017509B212552A000CFC
S31501002710715FE7E7512A000C710000047509642610
S31501002720552A000C715FE7E7512A000C710000047D
S315010027307509452E552A000C715FE7E7512A000CF1
S315010027407100000475092636552A000C715FE7E70A
S31501002750512A000C710000007509D14A552A000C56
S31501002760715FE7E7512A000C710000017509C98CF8
S31501002770552A000C715FE7E7512A000C7100000031
S315010027807509C1CE552A000C715FE7E7512A000C85
S31501002790710000007509839E552A000C715FE7E7F9
S315010027A0512A000C710000047509073E552A000CD8
S315010027B0715FE7E7512A000071000000750907FE05
S315010027C0552A0000197F801053EBFFFC03310004EA
S315010027D0182106F0D3F1011F713FE7E7192AD1400D
S315010027E0512A0000710000017509F800552A000000
S315010027F0713FE7E7192AD140512A00007100000014
S315010028007509F042552A0000713FE7E7192AD140C0
S31501002810512A0000710000007509E086552A000062
S31501002820713FE7E71929D140715F7FFF3549000103
S31501002830713FE7E7192AD140512A000071000000D3
S3150100284075097462552A0000713FE7E7192AD140DC
S31501002850512A000071000001750907FE552A000082
S31501002860713FE7E7192AD140512A000C7100000097
S315010028707509F800552A000C713FE7E7192AD1407E
S31501002880512A000C7100000F7509D848552A000C11
S31501002890713FE7E7192AD140512A000C7100000166
S315010028A07509B212552A000C713FE7E7192AD14082
S315010028B0512A000C7100000475096426552A000C82
S315010028C0713FE7E7192AD140512A000C7100000433
S315010028D07509452E552A000C713FE7E7192AD140A3
S315010028E0512A000C7100000475092636552A000C80
S315010028F0713FE7E7192AD140512A000C7100000007
S315010029007509D14A552A000C713FE7E7192AD140CA
S31501002910512A000C710000017509C98C552A000C59
S31501002920713FE7E7192AD140512A000C71000000D6
S315010029307509C1CE552A000C713FE7E7192AD14026
S31501002940512A000C710000007509839E552A000C5E
S31501002950713FE7E7192AD140512A000C71000003A3
S315010029607509073E552A000C713FE7E7192AD14040
S31501002970512A000071000000750907FE552A000062
S31501002980197F801053EBFFFC03310004182106D098
S315010029900080DD01DBF1011F023002420251D76FD7
S315010029A0D87F351F0018355F0019353F001A712091
S315010029B00000353F000871200000353F000878000F
S315010029C0025A313F00197529063F7009A8057F8013
S315010029D000207D400026754AE0077D4801207A11D6
S315010029E001BE7D2A10707120E1031D298B287D2AE5
S315010029F04A14514900007120E1031D298B287D2AC3
S31501002A004A147D2903A60006313F00187529063FA1
S31501002A107D2970707D2A4B78713FE7E77D29521435
S31501002A207D284B78313F00087529063F7D290870BE
S31501002A30515F001C7D2A4A14592900007529043F5B
S31501002A407121D0015528003478000154313F001816
S31501002A507529063F7D2970707D2A4B78713FE7E71E
S31501002A607D2952147D284B78313F00087529063F90
S31501002A707D290870515F001C7D2A4A1459290000DE
S31501002A807529043F7121D0025528003478000110C0
S31501002A90313F00187529063F7D2970707D2A4B78D4
S31501002AA0713FE7E77D2952147D284B78313F0008B5
S31501002AB07529063F7D290870515F001C7D2A4A143D
S31501002AC0592900007529043F7121D0045528003485
S31501002AD0780000CC313F00187529063F7D297070BA
S31501002AE07D2A4B78713FE7E77D2952147D284B7883
S31501002AF0313F00087529063F7D290870515F001C8A
S31501002B007D2A4A14592900007529043F7121D008EC
S31501002B105528003478000088313F00187529063F92
S31501002B207D2970707D2A4B78713FE7E77D29521424
S31501002B307D284B78313F00087529063F7D290870AD
S31501002B40515F001C7D2A4A14592900007529043F4A
S31501002B507121D0105528003478000044313F001807
S31501002B607529063F7D2970707D2A4B78713FE7E70D
S31501002B707D2952147D284B78313F00087529063F7F
S31501002B807D290870515F001C7D2A4A1459290000CD
S31501002B907529043F7121D02055280034313F001892
S31501002BA07529063F03134E4479FFF9DD313F0008CD
S31501002BB07529063F7D290870515F00207D2A4A1438
S31501002BC0315F0018754A063F7D4A70707D4853781B
S31501002BD0715FE7E77D4A4214514A0038754A043F5E
S31501002BE05D490000313F00187529063F7D29707047
S31501002BF07D2A4B78713FE7E77D2952147D2A4B7870
S31501002C007132E002552A002C313F00087529063F32
S31501002C1019298001353F0008313F0008752A063F12
S31501002C20313F001A7529063F7F8A48407D200026DC
S31501002C307529E0077D2801207A10FD8A197F8030E9
S31501002C40500B0004009053EBFFFC033100041821E4
S31501002C5006F0D3F1011F712060007146E281194A25
S31501002C60D00155490280712060007146E00855493E
S31501002C700284712060007140000255490AC071202A
S31501002C8060007146E281194AD001554902787120E6
S31501002C9060007146E0085549027C71206000714070
S31501002CA0000155490AC4712060007146E281194A42
S31501002CB0D002554903B8712060007146E0085549B4
S31501002CC003BC712060007140000155490AC871209A
S31501002CD060007146E281194AD00155490288712086
S31501002CE060007140E0085549028C71206000714016
S31501002CF0000155490CD4712060007146E380194AE0
S31501002D00D001554902D4712060007146E380194A09
S31501002D10D001554902D8712060007146E008554935
S31501002D2002DC712060007140000155490AE47120FE
S31501002D3060007146E380194AD001554902D07120DD
S31501002D4060007146E380194AD0015549037C712020
S31501002D5060007146E380194AD00155490318712074
S31501002D6060007146E281194AD00155490258712025
S31501002D7060007146E281194AD0015549025C712011
S31501002D8060007146E008554902607120600071409B
S31501002D90000155490AF0712060007146E281194A25
S31501002DA0D00155490254712060007146E281194AE9
S31501002DB0D001554903C8712060007146E281194A64
S31501002DC0D00155490320712060007140E008554942
S31501002DD00240712060007140000255490B2C7120A0
S31501002DE060007140E008554902447120600071405D
S31501002DF0000255490B30712060007140E0085549C9
S31501002E0002EC712060007140000455490B3C7120B1
S31501002E1060007140E008554902F071206000714080
S31501002E20000355490B40712060007140E008554987
S31501002E3003B0712060007140E008554903CC712050
S31501002E4060007140E008554902F47120600071404C
S31501002E50E00855490330712060007140E00855498A
S31501002E6004A0712060007140E008554903387120C3
S31501002E7060007140E008554902F871206000714018
S31501002E80E008554903D0712060007140E0085549BA
S31501002E9003D8712060007140E008554903B47120E0
S31501002EA060007140E008554903D47120600071400B
S31501002EB0E008554903DC712060007140E00855497E
S31501002EC00374712060007140E00855490378712050
S31501002ED060007140E008554902FC712060007140B4
S31501002EE0E00855490300712060007140E00855492A
S31501002EF00310712060007140E0085549030C7120F0
S31501002F0060007140E00855490380712060007140FE
S31501002F10E008554903EC712060007140E00855490D
S31501002F200304712060007140E3005549026C712071
S31501002F306000714000013549130B7120600071403A
S31501002F40E300554902707120600071400001354966
S31501002F50130C712060007140E200554902987120FE
S31501002F6060007140000135491316712060007140FF
S31501002F70E200554902747120600071400001354933
S31501002F80130D712060007140E2005549032871203C
S31501002F906000714000003549133A712060007140AC
S31501002FA0E20055490308712060007140000035496F
S31501002FB01332712060007140E200554902E8712028
S31501002FC06000714000003549132A7120600071408C
S31501002FD0E200554903247120600071400000354923
S31501002FE01339712060007140E2005549038C71204C
S31501002FF06000714000003549135371206000714033
S31501003000E2005549031C71206000714000003549FA
S315010030101337197F801053EBFFFC0331000418218D
S3150100302006E80080D701D5F1011FD23F780000855F
S31501003030024202317108E0001D08111855280000EE
S31501003040554800047800010B02327128E000554909
S3150100305011087800012B024202317108E0001D08B7
S3150100306011105528000055480004780001AD0232C0
S315010030707128E0005549110C780001C10242023164
S315010030807108E0001D08112055280000554800046C
S315010030907800024302327128E00055491128197F50
S315010030A08018500B0004009053EBFFFC0331000421
S315010030B0182106D00080DD01DBF1011F71200040DF
S315010030C0553F00107120000071400000553F000877
S315010030D0555F000C513F0010700998207F80002039
S315010030E07D2000267529E0077D2801207A0200202F
S315010030F07800005F0231031379FFE0A90242023131
S31501003100553F0008555F000C78000028712FE7FF36
S31501003110713FC7FF553F0018713F7FFF553F001CA8
S31501003120513F0018515F001C553F0008555F000CC8
S31501003130513F0008515F000C03130324197F8030AF
S31501003140500B0004009053EBFFFC033100041821DF
S3150100315006E0D7F1011F71200000553F0008712FCD
S31501003160E7FF713FC7FF553F0008513F00080313B2
S31501003170197F802053EBFFFC03310004182106D090
S315010031800080DD01DBF1011F71200040553F001079
S315010031907120000071400000553F0008555F000C8A
S315010031A0513F0010700998207F8000207D20002665
S315010031B07529E0077D2801207A0200207800005B4E
S315010031C00231031379FFDFDD02420231553F000868
S315010031D0555F000C78000024712FE7F0553F001869
S315010031E071200000553F001C513F0018515F001C23
S315010031F0553F0008555F000C513F0008515F000C18
S3150100320003130324197F8030500B0004009053EB05
S31501003210FFFC03310004182106E0D7F1011F712FCD
S31501003220E780553F0008513F00080313197F8020AE
S3150100323053EBFFFC03310004182106D00080DD01A9
S31501003240DBF1011F71200040553F00107120000085
S3150100325071400000553F0008555F000C513F0010BA
S31501003260700998207F8000207D2000267529E007BF
S315010032707D2801207A0200207800005B02310313C9
S3150100328079FFDF2102420231553F0008555F000CEC
S3150100329078000024713FE7F0553F001871200000C7
S315010032A0553F001C513F0018515F001C553F000857
S315010032B0555F000C513F0008515F000C03130324B6
S315010032C0197F8030500B0004009053EBFFFC033153
S315010032D00004182106E0D7F1011F713FE780553F31
S315010032E00008513F00080313197F802053EBFFFCB0
S315010032F003310004182106F0D3F1011F713FE3C029
S31501003300714107FF5D490140713FE3C07140000013
S315010033105D490142713FE3C0714000005D490144CE
S31501003320713FE3C0714000005D490146713FE3C052
S315010033305949014E194AD00F5D49014E713FE3C00B
S31501003340714000005D49014C713FE3C071400000CE
S315010033505D490150713FE3C059490148754A053F2E
S315010033605D490148713FE3C0714000005D49001CA1
S31501003370713FE3C0714000005D49006C713FE3C0DD
S31501003380714000005D4900BC713FE3C0714000001F
S315010033905D49010C713FE3C059490006194AC48FC2
S315010033A0194AD0405D490006713FE3C071440000EF
S315010033B05D490004713FE3C0714000005D4900248E
S315010033C0713FE3C0714000005D490026713FE3C0D3
S315010033D0714000005D490002713FE3C07140000089
S315010033E05D49000A713FE3C0714000005D49000C70
S315010033F0713FE3C0714000005D49000E713FE3C0BB
S31501003400714000005D490010713FE3C0714000004A
S315010034105D490012713FE3C0714000005D49002221
S31501003420713FE3C059490056194AC48F194AD04021
S315010034305D490056713FE3C0714400005D49005487
S31501003440713FE3C0714000005D490074713FE3C004
S31501003450714000005D490076713FE3C07140000094
S315010034605D490052713FE3C0714000005D49005A59
S31501003470713FE3C0714000005D49005C713FE3C0EC
S31501003480714000005D49005E713FE3C0714000007C
S315010034905D490060713FE3C0714000005D49006213
S315010034A0713FE3C0714000005D490072713FE3C0A6
S315010034B0594900A6194AC48F194AD0405D4900A648
S315010034C0713FE3C0714400005D4900A4713FE3C050
S315010034D0714000005D4900C4713FE3C071400000C6
S315010034E05D4900C6713FE3C0714000005D4900A21D
S315010034F0713FE3C0714000005D4900AA713FE3C01E
S31501003500714000005D4900AC713FE3C071400000AD
S315010035105D4900AE713FE3C0714000005D4900B0F6
S31501003520713FE3C0714000005D4900B2713FE3C0E5
S31501003530714000005D4900C2713FE3C0594900F680
S31501003540194AC48F194AD0405D4900F6713FE3C05C
S31501003550714400005D4900F4713FE3C07140000011
S315010035605D490114713FE3C0714000005D490116D8
S31501003570713FE3C0714000005D4900F2713FE3C055
S31501003580714000005D4900FA713FE3C071400000DF
S315010035905D4900FC713FE3C0714000005D4900FEDA
S315010035A0713FE3C0714000005D490100713FE3C016
S315010035B0714000005D490102713FE3C071400000A6
S315010035C05D490112713FE3C059490148194AD10FBA
S315010035D05D490148713FE3C059490148194AD00F75
S315010035E05D490148197F801053EBFFFC033100044C
S315010035F0182106D0DBF1011F0231D74FD85F353FC5
S315010036000018313F00181929C0077529063F7D2981
S315010036100C70353F0008313F00181929C001353FAC
S315010036200009711FE3C0313F00087527063F515F4E
S31501003630001C7D4953787D2910707D2952147D29FE
S315010036401470752A043F02717D2920707D27107040
S315010036507D293A147D284A145D49000A313F000943
S315010036607529063F700998007F8000207D2000267D
S315010036707529E0077D2801207A020066715FE3C0A3
S31501003680313F00087529063F7D2920707D2810707D
S315010036907D2942147D2A4A14714000005D49000CBF
S315010036A0711FE3C0313F00087527063F515F0020B7
S315010036B07D4953787D2910707D2952147D29147016
S315010036C0752A043F02717D2920707D2710707D299E
S315010036D03A147D284A145D49000E7800008A313F6C
S315010036E000097529063F700998017F8000207D2019
S315010036F000267529E0077D2801207A02006A715F9C
S31501003700E3C0313F00087529063F7D2920707D28D9
S3150100371010707D2942147D2A4A141929801071409E
S3150100372000005D490000711FE3C0313F00087527A5
S31501003730063F515F00207D4953787D2910707D2910
S3150100374052147D291470752A043F02717D29207057
S315010037507D2710707D293A147D284A141929801075
S315010037605D490002713FE3C0315F0008754A063FBB
S31501003770710000017D0A5030754A063F194AC00F93
S31501003780754A063F1947C00F59490148194AC4F0FD
S315010037907D48537802727D0A53785D490148197F45
S315010037A0803053EBFFFC03310004182106E8D5F104
S315010037B0011F0231D34F353F000871404000194ABD
S315010037C0D140512A00007100000175090FBC552A2C
S315010037D0000071404000194AD140313F0008752967
S315010037E0063F192980107D2920707D2A4A14515FD0
S315010037F0000C5549000071404000194AD140313F43
S3150100380000087529063F192980107D2920707D4AF7
S315010038104A14512A00087100000175090FBC552A86
S31501003820000871404000194AD140313F000875290E
S31501003830063F192980107D2920707D4A4A14512A94
S31501003840000871000001750907FE552A000871403C
S315010038504000194AD140512A000071000000750943
S315010038600FBC552A0000713FE4045949022A194A3E
S31501003870C4E0194AD00A5D49022A713FE4061929B2
S31501003880D1807147030155490000197F801853EB18
S31501003890FFFC03310004182106E00080D901D7F1AD
S315010038A0011F7128E0001D2913BC3129000075296B
S315010038B0063F194980017548063F7148E0001D4AD7
S315010038C013BC350A0000700998007F8000207D2016
S315010038D000267529E0077D2801207A120008780064
S315010038E0010C193F800C031378006C397128E00034
S315010038F01D2913BC312900007529063F192984FFAA
S31501003900752A063F7128E0001D2913BC35490000C0
S3150100391071200001553F0008780000B6195F800C40
S31501003920513F00087D2A4A14312900007529063FB6
S31501003930700998007F8000207D2000267529E00708
S315010039407D2801207A12007E7128E0001D4913BCF2
S31501003950513F00087D2A48AE7529063F1949800165
S315010039607547063F7148E0001D0A13BC515F000808
S315010039707CE851AE700998007F8000207D200026EA
S315010039807529E0077D2801207A1200087800005E7B
S31501003990C23F7802357D7128E0001D4913BC513FB5
S315010039A000087D2A48AE7529063F192984FF752826
S315010039B0063F7128E0001D4913BC513F00087D0AEE
S315010039C049AE513F000819298001553F0008513F72
S315010039D00008700998067F8000207D200026752941
S315010039E0E0077D2801207A01FF36197F8020500BE0
S315010039F00004009053EBFFFC03310004182106F08C
S31501003A000080D501D3F1011F780238377C000146C9
S31501003A1078000F6D79FFF23B78004C217128E000A8
S31501003A201C690DB87800369F7128E0001C690EB834
S31501003A30780039657128E0001C690FB878003CA34D
S31501003A4079FFEC1D79FFED8D7800006F79FFF8A9FC
S31501003A507802355F78000A0378000E0F4833708EBE
S31501003A60053079FFFD497120E1011D4991BE71289B
S31501003A70E0001D290000554903947C008146712808
S31501003A80E000312913987529063F700998007F8057
S31501003A9000207D2000267529E0077D2801207A1265
S31501003AA000147128E000714000003549139879FF30
S31501003AB0FDE979FFFFCC182106F00080D501D3F18D
S31501003AC0011F713FE3E81929D14071400081554931
S31501003AD000004400713FE3E81929D140512900084B
S31501003AE01929C1F07049A8007F8000207D20002699
S31501003AF07529E0077D2801207A02FFDC713FE3E8A2
S31501003B001929D1407140000655490024713FE3E867
S31501003B101929D1407140010455490028713FE3E854
S31501003B201929D1407140004055490030713FE3E801
S31501003B301929D1407140000055490018713FE3E849
S31501003B401929D140714100005549003078000027FC
S31501003B50713FE3E81929D1407140039055490000AE
S31501003B60197F8010500B0004009053EBFFFC0331CA
S31501003B700004182106F0D3F1011F713FE400192951
S31501003B80D1407140E300194AD02155490400713FE3
S31501003B90E400715FE400514A0000714ED777714E1F
S31501003BA0C77055490000713FE000715FE000514A5E
S31501003BB00000714ED777714EC77055490000715F8D
S31501003BC0E40A512A00007100000175092EB4552A34
S31501003BD00000713FE7F61929D1C0715F7F9435491D
S31501003BE00000713FE40A7148E0001D4A16CC5549B0
S31501003BF01000713FE40A714000015D491006713FF2
S31501003C00E40A59491004194AC5F85D491004713F7F
S31501003C10E40A715F7FF45549100C713FE40A715F44
S31501003C20E3E87148C03455491010713FE40A714008
S31501003C3000015D491016713FE40A59491004194AF9
S31501003C40C4075D491004713FE40A59491004194A31
S31501003C50C4F85D491004713FE40A715F7FF4554968
S31501003C601018713FE40A7140000155491008713F6F
S31501003C70E40A5949101E194AD0085D49101E713FC0
S31501003C80E40A5949101C754A047F5D49101C713FAD
S31501003C90E40A5949101C754A0021194AD00C5D499C
S31501003CA0101C713FE40A59491014754A047F5D4995
S31501003CB01014713FE40A59491014754A0021194A32
S31501003CC0D00C5D491014713FE40A5949101E194A76
S31501003CD0C4FB5D49101E713FE40A5949101E194A79
S31501003CE0C4FD5D49101E713FE40A5949101E194A67
S31501003CF0C4DF5D49101E713FE40A5949101E194A75
S31501003D00C4EF5D49101E713FE40A5949101E754AF8
S31501003D1004BF5D49101E713FE40A5949101E194A34
S31501003D20C47F5D49101E713FE40A5949101E194AA4
S31501003D30C4BF5D49101E713FE40A5949101E194A54
S31501003D40C4FE5D49101E713FE3E81929D140714057
S31501003D50000155490098715FE40A512A000071007B
S31501003D60000175091F38552A0000715FE40A512ABE
S31501003D700000710000017509177A552A0000715F6C
S31501003D80E40A512A00007100000075092EB4552A73
S31501003D900000197F801053EBFFFC0331000418214A
S31501003DA006D8D9F1011F0231353F0018313F0018FD
S31501003DB07529063F7009A8047F8000207D20002612
S31501003DC07529E0077D2801207A110010712000086D
S31501003DD0353F00087800000C7120000C353F0008C3
S31501003DE0713FE40A315F0008754A063F754A047F50
S31501003DF0754A043F7547047F59491014754A0021D5
S31501003E007D48537802727D0A53785D491014713FDB
S31501003E10E40A315F0008754A063F754A047F754A10
S31501003E20043F7547047F5949101C754A00217D4896
S31501003E30537802727D0A53785D49101C713FE40A7A
S31501003E407140000155491008713FE40A315F0008CD
S31501003E50754A063F7D4A00D05549100C713FE40A68
S31501003E60315F0008754A063F7D4A00D05549101852
S31501003E70713FE40A5949101E194AD0085D49101EBE
S31501003E80713FE40A5949101E194AC47F5D49101E43
S31501003E90713FE40A5949101E194AC4BF5D49101EF3
S31501003EA0713FE40A31490018194AC4E0354900183E
S31501003EB0713FE40A31490018194AC07F3549001893
S31501003EC0197F802853EBFFFC03310004182106F00B
S31501003ED0D3F1011F7128E0003129139A7529063F94
S31501003EE019298001752A063F7128E0003549139A80
S31501003EF07128E0003129139A7529063F7009A83FF8
S31501003F007F8000207D2000267529E0077D2801207D
S31501003F107A0100107128E000714000003549139ABA
S31501003F20197F801053EBFFFC03310004182106F0C2
S31501003F30D3F1011F713FE40A5129101C7D293C7000
S31501003F401929C0017529063F7009A8017F80002043
S31501003F507D2000267529E0077D2801207A020010C0
S31501003F607128E00071400000354913C37128E00053
S31501003F70312913C37529063F0313197F801053EBAB
S31501003F80FFFC03310004182106F00080D501D3F1AE
S31501003F90011F713FE3E81929D140512900087D2904
S31501003FA064701929C00F7529063F7009A8027F8020
S31501003FB000207D2000267529E0077D2801207A0250
S31501003FC0002A79FFFF6B0231700998007F8000207B
S31501003FD07D2000267529E0077D2801207A02000C44
S31501003FE07120000078000008712000010313197F79
S31501003FF08010500B0004009053EBFFFC03310004CA
S31501004000182106D80080DB01D9F1011F02300242D6
S31501004010D75F0261351F0018355F0019353F001A59
S3150100402079FFFF0D0231700998007F8000207D2005
S3150100403000267529E0077D2801207A02026271288F
S31501004040E00071400001354913C3313F00191929B8
S3150100405084FF7529063F1929C03F7528063F712837
S31501004060E0001D4916CC512A00007509542A552A2B
S3150100407000007128E0001D4916CC512A000071008C
S31501004080000175094DAC552A0000313F001A192966
S31501004090C0017528063F7128E0001D4916CC512A3A
S315010040A00000750945EE552A0000313F001819290F
S315010040B0C03F7528063F7128E0001D4916CC512ADC
S315010040C00000750906BE552A00007128E0001D2969
S315010040D016CC71400000554900047128E0001D29E5
S315010040E016CC7140000055490008313F0019752969
S315010040F0063F7009A8047F8000207D2000267529CF
S31501004100E0077D2801207A11009071200000353FDB
S3150100411000087800005C7128E0001D2916CC514981
S315010041200004313F00087529063F511F001C7D28F8
S315010041304A14312900007529063F7D284B78313F05
S3150100414000087529063F7D2918707D0948307D4A8A
S315010041504A147128E0001D2916CC55490004313F47
S3150100416000087529063F19298001353F0008313FAE
S315010041700008752A063F313F00197529063F7F8AD7
S3150100418048407D2000267529E0077D2801207A1008
S31501004190FF88780000FC71200000353F0008780098
S315010041A000CC313F00087529063F7009A8037F80BE
S315010041B000207D2000267529E0077D2801207A113F
S315010041C000507128E0001D2916CC51490004313FE9
S315010041D000087529063F511F001C7D284A14312904
S315010041E000007529063F7D284B78313F0008752967
S315010041F0063F7D2918707D0948307D4A4A14712889
S31501004200E0001D2916CC554900047800005071289C
S31501004210E0001D2916CC51490008313F00087529D7
S31501004220063F511F001C7D284A14312900007529BB
S31501004230063F7D284B78313F00087529063F19292D
S3150100424084FC7D2918707D0948307D4A4A147128FD
S31501004250E0001D2916CC55490008313F0008752993
S31501004260063F19298001353F0008313F0008752AAC
S31501004270063F313F00197529063F7F8A48407D2058
S3150100428000267529E0077D2801207A10FF18313FA5
S3150100429000197529063F031379FFFB07197F80284B
S315010042A0500B0004009053EBFFFC0331000418216E
S315010042B006E00080D901D7F1011F79FFFCCD02315B
S315010042C0700998007F8000207D2000267529E0076F
S315010042D07D2801207A0200C07128E0003129139956
S315010042E07529063F700998007F8000207D200026F1
S315010042F07529E0077D2801207A02009C7128E000DB
S315010043003129139A752A063F7128E0003129139B3A
S315010043107529063F7F8A48407D2000267529E007DA
S315010043207D2801207A1200707128E0003129139A44
S315010043307529063F7D2A4B787D4910707D2A4B7879
S315010043407D4910707D2A48507148E0001D4A13CC02
S315010043507D295214553F0008513F000831290000BC
S315010043607527063F513F0008312900027528063F8F
S31501004370513F000819498003513F00083129000BBC
S315010043807529063F017303040325031679FFFC759E
S3150100439079FFFB3D197F8020500B0004009053EB01
S315010043A0FFFC03310004182106F00080D501D3F18A
S315010043B0011F79FFFEFD197F8010500B000400904C
S315010043C053EBFFFC03310004182106F0D3F1011F62
S315010043D078000000182106E8D5F1011F0231353FAA
S315010043E0000871406000313F00087529063F7D2AAB
S315010043F04A14312915007529063F0313197F8018C0
S3150100440053EBFFFC03310004182106E8D5F1011F27
S3150100441002320241355F0008353F000971406000F4
S31501004420313F00087529063F7D2A4A14315F00098C
S3150100443035491300197F801853EBFFFC0331000443
S31501004440182106D8D9F1011FD63F513F0018553F13
S31501004450000878000000182106E00080D901D7F194
S31501004460011F71200000553F0008712000005D3FCB
S31501004470000C7120E1031D298B407148E0001C6A84
S315010044800B787D2903A60007D23F513F000870092A
S3150100449098007F8000207D2000267529E0077D2871
S315010044A001207A12000AC23F79FFFF997120E103C8
S315010044B01D298E28191F80107148E0001C6A0B788F
S315010044C0485403057D2903A60007D23F513F000842
S315010044D0700998007F8000207D2000267529E0075D
S315010044E07D2801207A12000AC23F79FFFF57513F0A
S315010044F000101929C001700998007F8000207D20D5
S3150100450000267529E0077D2801207A0200427120E4
S31501004510E1031D298F847148E0001C6A0B78485419
S3150100452048157D2903A60007D23F513F00087009AF
S3150100453098007F8000207D2000267529E0077D28D0
S3150100454001207A12000AC23F79FFFEF97120E103C8
S315010045501D298F847148E0001C6A0B7848144805B0
S315010045607D2903A60007D23F513F00087009980034
S315010045707F8000207D2000267529E0077D28012007
S315010045807A12000AC23F79FFFEBB7120E1031D29A1
S315010045908F847148E0001C6A0B78482448057D2900
S315010045A003A60007D23F513F0008700998007F809B
S315010045B000207D2000267529E0077D2801207A123A
S315010045C0000AC23F79FFFE7D7120E1031D298F8418
S315010045D07148E0001C6A0B78483448F57D2903A62A
S315010045E00007D23F513F0008700998007F800020E4
S315010045F07D2000267529E0077D2801207A12000A10
S31501004600C23F79FFFE3F7120E1031D298F84714866
S31501004610E0001C6A0B78484448057D2903A600077B
S31501004620D23F513F0008700998007F8000207D200D
S3150100463000267529E0077D2801207A12000AC23F6B
S3150100464079FFFE01197F8020500B0004009053EB87
S31501004650FFFC03310004182106D00080DD01DBF1E7
S31501004660011FD63F0241D85F353F001C440071202F
S31501004670E1031D299334315F001C7548063F195F1C
S315010046808010C63F03040325C86F7D2903A60007D2
S31501004690D33F515F000C712010007F8A48007D20B6
S315010046A000267529E0077D2801207A12FFC4515F93
S315010046B0000C712008007F8A48007D20002675299C
S315010046C0E0077D2801207A02002C513F0010700975
S315010046D098007F8000207D2000267529E0077D282F
S315010046E001207A02001071200000553F0008780071
S315010046F0000C713F7FFF553F0008513F000803132F
S31501004700197F8030500B0004009053EBFFFC0331FE
S3150100471000041821069800805401006C1BC1096031
S31501004720011FDE3F54BF004054DF004454FF0048E0
S31501004730030E513E0000515E0004553F004C555F8B
S315010047400050349F003C7120E1031D698C30513FBC
S31501004750004C515F0050553F0058555F005C313F9A
S31501004760003C752A063F193F8058CE3F032450BFAF
S31501004770004050DF004450FF00487D284B787D699A
S3150100478003A60007D33F513F000C700998007F80B4
S3150100479000207D2000267529E0077D2801207A0268
S315010047A00018193F8010CE3F4814031579FFFEAB60
S315010047B0D23F7800000C713F7FFF553F0008513F03
S315010047C000080313197F8068500B000400901BCB6F
S315010047D008F803310004182106C80080DF01DDF165
S315010047E0011FD63F0241D85FD96FDA7F551F002CD2
S315010047F0353F001C7120E1031D2990C8315F001C63
S31501004800754A063FC63F0324C85FC96FCA7F511F59
S31501004810002C7D2903A60007D33F513F000C7009E8
S3150100482098007F8000207D2000267529E0077D28DD
S3150100483001207A020014C63F4804CB5F79FFFE1BB4
S31501004840D23F7800000C713F7FFF553F0008513F72
S3150100485000080313197F8038500B0004009053EBB6
S31501004860FFFC03310004182106F0D3F1011F713F4B
S31501004870E3F51929D1807155E3347153C0FE5549C9
S315010048800090713FE3F51929D180715F7FFF55498A
S3150100489000804400713FE3F51929D18051290000B8
S315010048A07D2934701929C0037529063F7009A803AB
S315010048B07F8000207D2000267529E0077D280120C4
S315010048C07A02FFD4713FE3F51929D1807155E3349A
S315010048D07153C0FE55490090713FE3F51929D18006
S315010048E0715F7FFF554900844400713FE3F5192943
S315010048F0D180512900007D2934701929C0037529F9
S31501004900063F7009A8037F8000207D2000267529B7
S31501004910E0077D2801207A02FFD4713FE3F51929CA
S31501004920D1807155E3347153C0FE55490090713FF2
S31501004930E3F51929D180715F7FFF5549008844004D
S31501004940713FE3F51929D180512900007D29347081
S315010049501929C0037529063F7009A8037F80002025
S315010049607D2000267529E0077D2801207A02FFD4E3
S31501004970197F801053EBFFFC03310004182106F068
S31501004980D3F1011F712058001929D180714005FF0B
S3150100499055490008712058001929D180714000FE3F
S315010049A05549008071405800194AD080512A0000AB
S315010049B0710000017509F042552A00007120580066
S315010049C01929D080715F7F803549000171405800F7
S315010049D0194AD180512A002C7100000175092EB4A3
S315010049E0552A002C71405000194AD104512A000859
S315010049F0710000017509F800552A00087140500040
S31501004A00194AD104512A00087100000075090FBC2A
S31501004A10552A000871405000194AD104512A00084C
S31501004A20710000007509F800552A00087120580028
S31501004A307140E20055490800712058007150E00F9D
S31501004A4055490810712058007150E0075549080C66
S31501004A50712058007150E005554908087120580029
S31501004A607140E1005549086071405800194AD10169
S31501004A70512A00087100000475096466552A000868
S31501004A8071405800194AD101512A000871000001EC
S31501004A907509D848552A000871405800194AD101AC
S31501004AA0512A00087100000C7509067E552A000876
S31501004AB071405800194AD101512A000871000001BC
S31501004AC07509829E552A0008712058007140E1003F
S31501004AD05549088071405800194AD101512A0028C8
S31501004AE0710000027509829E552A002871405800FE
S31501004AF0194AD101512A00287100000C7509067E58
S31501004B00552A002871405800194AD180512A002C93
S31501004B107100000175092EB4552A002C7140580008
S31501004B20194AD180512A002C71000001750936728B
S31501004B30552A002C71405800194AD180512A002C5F
S31501004B407100000175093E30552A002C714058004C
S31501004B50194AD180512A002C710000047509073EBB
S31501004B60552A002C712058001929D1807146E00080
S31501004B70714BC2F055490004712058001929D180A2
S31501004B807146E0007154C50F554900044400712077
S31501004B9058001929D180512900007D29DC70192975
S31501004BA0C0017529063F7009A8017F8000207D207C
S31501004BB000267529E0077D2801207A12FFD44400DA
S31501004BC0712058001929D180512900007D29E470EE
S31501004BD07529063F7009A8037F8000207D200026E5
S31501004BE07529E0077D2801207A02FFD8440071204B
S31501004BF058001929D180512900001929C00F75299A
S31501004C00063F7009A8047F8000207D2000267529B3
S31501004C10E0077D2801207A02FFD8197F801053EB27
S31501004C20FFFC03310004182106F00080D501D3F101
S31501004C30011F7128E0001D2917183129000975295E
S31501004C40063F1929C070700998007F8000207D20D9
S31501004C5000267529E0077D2801207A12002C71288B
S31501004C60E0001D291718312900097529063F192960
S31501004C70D001752A063F7128E0001D29171835490C
S31501004C800009780000347128E0001D291718312920
S31501004C9000097529063F1929D010752A063F712882
S31501004CA0E0001D291718354900097128E0001C6923
S31501004CB017187800218F197F8010500B000400907F
S31501004CC053EBFFFC03310004182106F0D3F1011F59
S31501004CD07128E0001D291718714000003549001898
S31501004CE07128E0001D291718714000003549001987
S31501004CF0197F801053EBFFFC03310004182106E8ED
S31501004D00D5F1011FD23F7128E0001D29171831295D
S31501004D1000187529063F7009A81F7F8000207D2095
S31501004D2000267529E0077D2801207A01000C7120F3
S31501004D300000780000807128E0001D29171831292C
S31501004D4000197529063F7D2A4B787128E0001D2937
S31501004D501718312900187529063F7D2A4A14192981
S31501004D60C01F7148E0001D4A1718192980027D29C4
S31501004D7018707D0A4A14513F00085149000451290F
S31501004D8000005528000A5548000E7128E0001D292B
S31501004D901718312900187529063F19298001752A26
S31501004DA0063F7128E0001D291718354900187120A2
S31501004DB000010313197F801853EBFFFC0331000434
S31501004DC0182106E80080D701D5F1011F0232024100
S31501004DD0D35F355F0008353F0009313F000875296B
S31501004DE0063F7148E0001D4A17187D2910707D2A7B
S31501004DF04A145149000C313F00097529063F032326
S31501004E0003147800223B0231700998007F8000204C
S31501004E107D2000267529E0077D2801207A020050B1
S31501004E20313F00087529063F315F0008754A063F84
S31501004E307108E0001D0817187D4A10707D4852144C
S31501004E40510A000C315F0009754A063F7D4852142C
S31501004E507108E0001D0817187D2910707D284A1475
S31501004E605549000C71200000780000A07800007000
S31501004E70313F00087529063F7148E0001D4A1718A1
S31501004E807D2910707D2A4A145129000C515F000CAE
S31501004E90314A0000754A063F35490000313F000896
S31501004EA07529063F7148E0001D0A17187D2A107002
S31501004EB07D485214514A000C194A80017108E000DC
S31501004EC01D0817187D2910707D284A145549000CB4
S31501004ED0513F000C19298001553F000C313F000953
S31501004EE07529063F194984FF355F00097009980045
S31501004EF07F8000207D2000267529E0077D2801207E
S31501004F007A02FF70712000010313197F8018500B7C
S31501004F100004009053EBFFFC03310004182106E85E
S31501004F20D5F1011F02320241D35F355F0008353FDB
S31501004F30000978000070313F00087529063F714865
S31501004F40E0001D4A17187D2910707D2A4A1451293F
S31501004F50000C31290000752A063F513F000C3549E6
S31501004F600000513F000C19298001553F000C313FCB
S31501004F7000087529063F7148E0001D0A17187D2AA9
S31501004F8010707D485214514A000C194A800171086B
S31501004F90E0001D0817187D2910707D284A1455490F
S31501004FA0000C313F00097529063F194984FF355F19
S31501004FB00009700998007F8000207D200026752950
S31501004FC0E0077D2801207A02FF70197F801853EBD4
S31501004FD0FFFC03310004182106D80080DB01D9F15A
S31501004FE0011F0231353F0018313F00187529063F70
S31501004FF07009A8047F8000207D2000267529E0071E
S315010050007D2801207A01000C7120000078000090B3
S31501005010313F00187529063F7009A6981D490120E0
S315010050207128E0001D2917187D2A4A14553F0008EA
S31501005030513F00081D290698553F000C78000018BD
S31501005040513F000819498001555F00087140000071
S3150100505035490000515F0008513F000C7F8A4840E6
S315010050607D2000267529E0077D2801207A10FFD4CE
S315010050707128E0001D291718312900087529063FF6
S315010050801929D002752A063F7128E0001D29171833
S315010050903549000879FFFC357120001E0313197F7D
S315010050A08028500B0004009053EBFFFC03310004F1
S315010050B0182106E8D5F1011F0137024002520261AB
S315010050C0987F351F0009355F000A5D3F000C313FAF
S315010050D000087529063F7009A8047F8000207D20FD
S315010050E000267529E0077D2801207A01000C712030
S315010050F00000780000E4313F00087529063F714839
S31501005100E0001D4A17187009A6987D2A4A141D2920
S3150100511007B0315F000A35490004593F000C752973
S31501005120043F700998007F8000207D2000267529A4
S31501005130E0077D2801207A02000C712000015D3F05
S31501005140000C313F00087529063F7148E0001D4AF1
S3150100515017187009A6987D2A4A141D2907B0595FA8
S31501005160000C5D490000313F00087529063F714872
S31501005170E0001D4A17187009A6987D2A4A141D29B0
S3150100518007B0714000015D490002313F00087529F1
S31501005190063F7148E0001D4A17187009A6987D2A36
S315010051A04A141D2907B0315F000935490005313F11
S315010051B000087529063F7148E0001D4A1718700955
S315010051C0A6987D2A4A141D2907B071400004354965
S315010051D00006712000010313197F801853EBFFFCB1
S315010051E003310004182106E8D5F1011F0231353FCC
S315010051F00008313F00087529063F7009A8047F8021
S3150100520000207D2000267529E0077D2801207A01EE
S31501005210000C7120000078000054313F0008752908
S31501005220063F7148E0001D4A17187009A6987D2AA5
S315010052304A141D2907B0714000013549000671283D
S31501005240E0001D291718312900087529063F713F0D
S31501005250D7FF713FC780752A063F7128E0001D29D7
S31501005260171835490008712000010313197F8018AA
S3150100527053EBFFFC03310004182106E0D7F1011FAF
S3150100528071200000353F000878000074313F0008A6
S315010052907529063F7148E0001D4A17187009A6983E
S315010052A07D2A4A141D2907B0312900067529063FB2
S315010052B07009A8047F8000207D2000267529E0075B
S315010052C07D2801207A020028313F00087529063F12
S315010052D07148E0001D4A17187009A6987D2A4A14DC
S315010052E01D2907B07140000135490006313F00080C
S315010052F07529063F19298001353F0008313F00080D
S315010053007529063F7009A8047F8000207D200026AC
S315010053107529E0077D2801207A01FF747128E000D4
S315010053201D291718312900087529063F713FD7FF36
S31501005330713FC780752A063F7128E0001D2917189D
S3150100534035490008197F802053EBFFFC0331000427
S31501005350182106D8D9F1011F0231353F0018313F16
S3150100536000187529063F7009A8047F8000207D205A
S3150100537000267529E0077D2801207A0100087800BA
S3150100538000CC313F00187529063F7148E0001D4ADF
S3150100539017187009A6987D2A4A141D2907B071406D
S315010053A000003549000671200000353F00087800ED
S315010053B00058313F00087529063F7148E0001D4A33
S315010053C017187009A6987D2A4A141D2907B0312994
S315010053D000067529063F1929C001700998007F80CA
S315010053E000207D2000267529E0077D2801207A12FC
S315010053F0000878000058313F00087529063F192931
S315010054008001353F0008313F00087529063F7009C4
S31501005410A8047F8000207D2000267529E0077D28CD
S3150100542001207A01FF907128E0001D291718312902
S3150100543000087529063F1929C07F752A063F71287C
S31501005440E0001D29171835490008197F802853EBFC
S31501005450FFFC03310004182106E0D7F1011F71207A
S315010054600000353F000878000038313F00087529F3
S31501005470063F7148E0001D4A17187009A6987D2A53
S315010054804A141D2907B07140000035490006313F15
S3150100549000087529063F19298001353F0008313F6B
S315010054A000087529063F7009A8047F8000207D2029
S315010054B000267529E0077D2801207A01FFB07128B1
S315010054C0E0001D291718312900087529063F1929F9
S315010054D0C07F752A063F7128E0001D291718354936
S315010054E00008197F802053EBFFFC033100041821CB
S315010054F006C80080DF01DDF1011F023002420251C0
S31501005500351F0028355F0029353F002A313F002825
S31501005510353F0020313F00297528063F313F002ADB
S315010055207529063F7D2A4B787D4918707D2A4B786F
S315010055307D4918707D2A485070E006987D4839D615
S315010055407D2952141D4901207128E0001D291718D3
S315010055507D2A4A14553F000C513F000C1929804001
S31501005560553F0010193F802019298001553F000839
S31501005570513F000819298007553F00147800012082
S31501005580513F000C51290000553F0018513F000CB6
S3150100559031290004353F001C313F001C7529063FA7
S315010055A0700998047F8000207CE0002674E7E007FC
S315010055B07CE801207A020064513F0018312900007D
S315010055C0752A063F513F000835490000513F000842
S315010055D019298001515F0018314A0001754A063FB9
S315010055E035490000513F000819298002515F001812
S315010055F0314A0002754A063F35490000513F00080D
S3150100560019298003515F0018314A0003754A063F84
S315010056103549000078000068313F001C7529063FB6
S31501005620700998027F8000207CE0002674E7E0077D
S315010056307CE801207A020034513F0018312900002C
S31501005640752A063F513F000835490000513F0008C1
S3150100565019298001515F0018314A0001754A063F38
S315010056603549000078000018513F00183129000023
S31501005670752A063F513F000835490000313F001C9D
S315010056807529063F515F00087D2A4A14553F0008D7
S31501005690513F000C19298008553F000C515F000845
S315010056A0513F00147F8A48407CE0002674E7E007FA
S315010056B07CE801207A000040515F000C513F001048
S315010056C07F8A48407CE0002674E7E0077CE80120F9
S315010056D07A000024513F000C5129000070099800FE
S315010056E07F8000207CE0002674E7E0077CE801204B
S315010056F07A02FE907128E0001D2917183129000948
S315010057007529063F1929C070700998007F8000200D
S315010057107CE0002674E7E0077CE801207A1200307D
S31501005720193F8020031379FFF5D7023170099800DC
S315010057307F8000207CE0002674E7E0077CE80120FA
S315010057407A02003A71200000780000367128E000E4
S315010057501D291718312900097529063F1929D02055
S31501005760752A063F7128E0001D29171835490009D9
S31501005770193F80200313780016CB71200001031313
S31501005780197F8038500B0004009053EBFFFC033166
S315010057900004182106D80080DB01D9F1011F02316E
S315010057A0353F00187128E0001D2917183129000816
S315010057B07529063F7D290774700998007F800020AE
S315010057C07CC0002674C6E0077CC801207A10000858
S315010057D07800022A71200000353F0009712000007F
S315010057E0353F0008780001F6313F00087529063F6C
S315010057F07148E0001D4A17187009A6987D2A4A14B7
S315010058001D2907B0312900067529063F1929C0014E
S31501005810700998007F8000207CC0002674C6E007CE
S315010058207CC801207A02000878000196313F000801
S315010058307529063F7148E0001D4A17187009A69898
S315010058407D2A4A141D2907B0312900047529063F0E
S31501005850315F0018754A063F7F8A48007CC00026E2
S3150100586074C6E0077CC801207A120008780001524C
S31501005870313F00087529063F7148E0001D0A1718D7
S3150100588070C006987D4931D67D4852141D4A07B02D
S31501005890594A0002754A043F194A84FF7548043F74
S315010058A07148E0001CEA171870C006987D4931D688
S315010058B07D4752141D4A07B05D0A00027148E00097
S315010058C01D4A17187009A6987D2A4A141D2907B082
S315010058D0592900027529043F700998007F8000202C
S315010058E07CC0002674C6E0077CC801207A12000835
S315010058F0780000CE313F00087529063F315F000868
S31501005900754A063F7108E0001D081718700AA69827
S315010059107D4852141D4A07B0594A0000754A043F92
S315010059207108E0001D0817187009A6987D284A1409
S315010059301D2907B05D49000271200000353F000AAC
S315010059407800003E315F0009313F000A7D2A4A1482
S315010059507528063F313F0008752A063F313F000A88
S315010059607529063F03030324031579FFFB85313FA0
S31501005970000A7529063F19298001353F000A313F82
S3150100598000087529063F7148E0001D4A171870097D
S31501005990A6987D2A4A141D2907B0312900057529C3
S315010059A0063F315F000A754A063F7F8A48407CC040
S315010059B0002674C6E0077CC801207A01FF8A313FC0
S315010059C000091929801E353F0009313F0008752954
S315010059D0063F19298001353F0008313F0008752926
S315010059E0063F7009A8047F8000207CC0002674C68B
S315010059F0E0077CC801207A01FDF2197F8028500B4F
S31501005A000004009053EBFFFC03310004182106F05B
S31501005A100080D5011BC10908011F7128E0001D295D
S31501005A201718312900097529063F1929C008700977
S31501005A3098007F8000207D2000267529E0077D28BB
S31501005A4001207A1200347128E0001D291718312926
S31501005A5000097529063F1929C4F7752A063F7128D9
S31501005A60E0001D291718354900097128E0001C6955
S31501005A70112C78000175780015057128E0001D29A3
S31501005A8017185129221C700998007F8000207D205B
S31501005A9000267529E0077D2801207A120134712834
S31501005AA0E0001D2917185129221C7009A8FF7F80C3
S31501005AB000207D2000267529E0077D2801207A1126
S31501005AC000287128E0001D2917185129221C753E4E
S31501005AD0063F7128E0001D2917187140000055493D
S31501005AE0221C78000022480E7128E0001D29171893
S31501005AF05129221C194984007128E0001D29171813
S31501005B005549221C7128E0001D49171C7128E00027
S31501005B101D291718312900057528063F7128E0004F
S31501005B201D2917185129001418C9800170E8E000D1
S31501005B301CE71718D567312900007529063F7D092D
S31501005B404A787529063F03177128E0001D090BB82D
S31501005B507CE908707D284A14592900007528043FFC
S31501005B607128E0001D291718312900047529063FFF
S31501005B707529043F7D094A787529043F5D2A00008D
S31501005B80193E84FF753E063F2A0E7F8000207D2048
S31501005B9000267529E0077D2801207A02FF6A71280F
S31501005BA0E0001D2917185129221C700998007F80D1
S31501005BB000207D2000267529E0077D2801207A1224
S31501005BC0000C712000017800000C79FFF05D712056
S31501005BD000000313197F8010500B000400901BCBAB
S31501005BE008F803310004182106C80080DF011BC133
S31501005BF00930011FDA3F513F00283129000075297C
S31501005C00063F7009A8017F8000207D2000267529A6
S31501005C10E0077D2801207A120028513F002831290A
S31501005C2000007529063F7009A8057F8000207D20A8
S31501005C3000267529E0077D2801207A0201E8513FF7
S31501005C40002819298002592900007529043F700985
S31501005C5098007F8000207D2000267529E0077D2899
S31501005C6001207A12002C513F002819298002592956
S31501005C7000007529043F700998007F8000207D206F
S31501005C8000267529E0077D2801207A02011C513F73
S31501005C900028312900007529063F7009A8017F8077
S31501005CA000207D2000267529E0077D2801207A0243
S31501005CB0008C7128E0001D29171831290008752963
S31501005CC0063F1929C010700998007F8000207D20A9
S31501005CD000267529E0077D2801207A02001879FF40
S31501005CE0F7797128E0001D29171871400000354920
S31501005CF000097128E0001D291718312900087529A6
S31501005D00063F1929D020752A063F7128E0001D2972
S31501005D101718354900087128E0001D29171831297F
S31501005D2000087529063F1929C4EF752A063F71280F
S31501005D30E0001D291718354900087128E0001D29C2
S31501005D401718715F7FFF354900007128E0001D2992
S31501005D5017187140000035490001513F00283129CB
S31501005D600001752A063F7128E0001D2917183549DB
S31501005D7000027128E0001D291718715F7FFE354961
S31501005D8000037128E0001D29171C714000005D49C0
S31501005D9000007128E0001D29171E714000005D49B1
S31501005DA0000078000B6C7128E0001D2917183129B5
S31501005DB000087529063F1929C020700998007F80BF
S31501005DC000207D2000267529E0077D2801207A1212
S31501005DD000507128E0001D2917183129000875297E
S31501005DE0063F1929C4DF752A063F7128E0001D29DF
S31501005DF01718354900087128E0001D29171831299F
S31501005E0000087529063F1929D010752A063F712801
S31501005E10E0001D2917183549000878000AF87800AE
S31501005E200AF47128E0001D2917183129000875297F
S31501005E30063F1929C020700998007F8000207D2027
S31501005E4000267529E0077D2801207A120AC07128EB
S31501005E50E0001D291718715F7FFF35490000712881
S31501005E60E0001D2917187140000035490001513F16
S31501005E70002831290001752A063F7128E0001D29F5
S31501005E80171835490002513F0028312900007529AC
S31501005E90063F7009A8237F8000207D400026754AB1
S31501005EA0E0077D4801207A110A4E7D2A1070712083
S31501005EB0E1031D2996FC7D2A4A14514900007120EF
S31501005EC0E1031D2996FC7D2A4A147D2903A60006B5
S31501005ED07128E0001D291718312900087529063F88
S31501005EE01929C4DF752A063F7128E0001D291718F4
S31501005EF035490008513F002819298002312900003F
S31501005F007529063F700998007F8000207D200026B4
S31501005F107529E0077D2801207A02002C7128E0000E
S31501005F201D291718312900087529063F1929D0108E
S31501005F30752A063F7128E0001D2917183549000802
S31501005F40780009C679FFF513780009BE71200000B3
S31501005F50353F000878000014313F00087529063FD7
S31501005F6019298001353F0008313F00087529063F90
S31501005F707148E0001D4A10F87D2A48AE7529063F92
S31501005F80700998007F8000207D2000267529E00792
S31501005F907D2801207A02FFC47128E0001D29171807
S31501005FA0315F0008354900037128E0001D291718E3
S31501005FB071400000354900047128E0001D291718B9
S31501005FC071400001354900057128E0001D291718A7
S31501005FD071400000354900067128E0001D29171897
S31501005FE0312900057529063F1929D002752A063F70
S31501005FF07128E0001D291718354900057128E000B0
S315010060001D291718715F7F97354900077128E00030
S315010060101D2917187148E0001D4A10F85549000C52
S31501006020780008E6513F002819298002312900002D
S315010060307529063F7009A8017F8000207D20002672
S315010060407529E0077D2801207A110054513F002867
S3150100605019298002312900007529063F031E513F87
S3150100606000281929800331290000752A063F513F6E
S3150100607000281929800451290000032303147800FC
S315010060800F9D02307128E0001D4917187FC9107055
S315010060907D2A4A145509000C7800086E7128E00023
S315010060A01D29171871400032354900017800085A38
S315010060B0513F00281929800231290000752A063F1F
S315010060C0513F00281929800348030324031579FF4A
S315010060D0ECF30231353F0018313F00187529063FB0
S315010060E0700998027F8000207D2000267529E0072F
S315010060F07D2801207A0200087800081A313F00182D
S315010061007529063F700998007F8000207D200026B2
S315010061107529E0077D2801207A120024313F0018F5
S315010061207529063F700998037F8000207D2000268F
S315010061307529E0077D2801207A0200187128E00000
S315010061401D2917187140003335490001780007BA37
S31501006150780007B6513F0028192980024803486490
S31501006160031579FFEC5F0231353F0019313F001904
S315010061707529063F700998027F8000207D20002640
S315010061807529E0077D2801207A0200087800078634
S31501006190313F00197529063F700998007F8000205C
S315010061A07D2000267529E0077D2801207A1200242A
S315010061B0313F00197529063F700998037F80002039
S315010061C07D2000267529E0077D2801207A02001826
S315010061D07128E0001D291718714000333549000167
S315010061E07800072678000722513F002819298002E6
S315010061F0312900007529063F480303147128E00080
S315010062001CA9171B79FFED19780006FE513F0028DE
S315010062101929800331290000752A063F513F0028BC
S3150100622019298004512900000323031478000DEF76
S3150100623002327128E0001D29171855490014513FF3
S31501006240002819298002312900007529063F4823B3
S3150100625003147128E0001CA9171B79FFECC3780011
S3150100626006A8513F00281929800231290000752905
S31501006270063F031379FFF0DD513F002819298002FB
S31501006280312900007529063F031379FFED4D0231CF
S315010062907D2A4B787128E0001D291718354900031E
S315010062A0513F002819298002312900007529063F2E
S315010062B07D2908707D2A20707D295050752A063F58
S315010062C07128E0001D291718354900047800063A9F
S315010062D0513F002819298002312900007529063FFE
S315010062E07009A8047F8000207D2000267529E0071B
S315010062F07D2801207A110054513F00281929800375
S31501006300312900007529063F7009A81D7F800020EC
S315010063107D2000267529E0077D2801207A11002CB1
S31501006320513F002819298004312900007529063FAB
S315010063307009A8077F8000207D2000267529E007C7
S315010063407D2801207A0100287128E0001D291718EF
S3150100635071400031354900017128E0001D291718E7
S31501006360714000005549011C7800059E513F0028E7
S3150100637019298002312900007529063F0317513F6B
S31501006380002819298003312900007529063F7D2A35
S315010063904B78513F002819298004312900007529BD
S315010063A0063F7D284B787D4953787D2918707D2AD3
S315010063B048501947A0D37D2952147D294214192921
S315010063C080247D2A18707128E0001D2917187D4A3E
S315010063D04A147128E0001D2917185549011C780037
S315010063E00528513F00281929800231290000752905
S315010063F0063F7009A8017F8000207D2000267529AF
S31501006400E0077D2801207A120054513F00281929FE
S315010064108002312900007529063F7009A8027F8094
S3150100642000207D2000267529E0077D2801207A12AB
S31501006430002C513F002819298002312900007529B5
S31501006440063F7009A8047F8000207D20002675295B
S31501006450E0077D2801207A0200287128E0001D2925
S3150100646017185129011C700998007F8000207D2092
S3150100647000267529E0077D2801207A020018712877
S31501006480E0001D29171871400031354900017800D7
S3150100649004787128E0001D29171853C9011C513FC2
S315010064A000281929800331290000752A063F513F2A
S315010064B000281929800451290000032303147800B8
S315010064C00B5D0231553E00007128E0001D291718A9
S315010064D05129011C515F0028314A0002754A063FC5
S315010064E035490004780004227128E0001D29171897
S315010064F0312900087529063F1929C002700998003B
S315010065007F8000207D2000267529E0077D28012057
S315010065107A0200187128E0001D291718714000221F
S31501006520354900017800013E513F002819298002B2
S31501006530312900007529063F700998017F800020E6
S315010065407D400026754AE0077D4801207A12004EFB
S31501006550700998027F8000207D400026754AE00779
S315010065607D4801207A12009C700998007F800020E6
S315010065707D2000267529E0077D2801207A0200D4B6
S31501006580513F002819298003312900007529063F4A
S31501006590031379FFEDBF780000CC513F002819297C
S315010065A08003312900007527063F513F002819292C
S315010065B08004312900007528063F513F002819291A
S315010065C0800531290000752A063F513F0028192907
S315010065D08006592900007529043F01730304032528
S315010065E0031679FFEACF513F002819298003312983
S315010065F000007529063F031379FFEBED780000666D
S31501006600513F002819298003312900007527063FCB
S31501006610513F002819298004312900007528063FB9
S31501006620513F00281929800531290000752A063FA6
S31501006630513F002819298006592900007529043F70
S31501006640017303040325031679FFEA69780000162E
S315010066507128E0001D2917187140003135490001E4
S315010066604400780002A47128E0001D291718312979
S3150100667000087529063F1929C002700998007F8014
S3150100668000207D2000267529E0077D2801207A0259
S3150100669000187128E0001D2917187140002235499C
S315010066A000017800006A513F00281929800231292A
S315010066B000007529063F700998007F8000207D4003
S315010066C00026754AE0077D4801207A1200207009EC
S315010066D098017F8000207D2000267529E0077D280E
S315010066E001207A1200107800001479FFED6D780010
S315010066F0001E79FFEB87780000167128E0001D293E
S31501006700171871400031354900014400780001FA3B
S315010067107128E0001D291718714000023549000350
S315010067207128E0001D29171C715F7FFF5549000084
S315010067307128E0001D2917185149000C7128E00045
S315010067401D29171855490014513F0028192980049D
S31501006750592900007529043F7D2A4B78513F0028AD
S3150100676019298002592900007529043F7D29807065
S315010067707D494B78553F001C7128E0001D291718EB
S31501006780515F001C5549221C7128E0001D2917186C
S31501006790312900017529063F700998007F80002084
S315010067A07D2000267529E0077D2801207A02000850
S315010067B078000162780001527128E0001D2917183E
S315010067C071400002354900037128E0001D291718A0
S315010067D071400001354900047800012E7128E0005E
S315010067E01D2917185129000C553F000C7128E0008E
S315010067F01D29171851290010553F0010513F002837
S3150100680019298004592900007529043F7D2A4B78EE
S31501006810513F002819298002592900007529043F92
S315010068207D2980707D494B78553F00207128E00015
S315010068301D29171851490010513F00207D4A4A145D
S315010068407128E000713FC7FE7F8A48407D200026FF
S315010068507529E0077D2801207A11002C7128E000B6
S315010068601D291718514900107127E7FF713FC7FF0E
S315010068707F8A48407D2000267529E0077D28012072
S315010068807A1100187128E0001D291718714000338C
S31501006890354900017800005C71200000553F001465
S315010068A078000034513F001019498001555F0010EE
S315010068B0515F000C190A8001551F000C314A000076
S315010068C0754A063F35490000513F001419298001D8
S315010068D0553F0014513F00147009AA237F80002000
S315010068E07D2000267529E0077D2801207A01FFB861
S315010068F0780000167128E0001D2917187140003034
S31501006900354900014400780000087800000879FF45
S31501006910E319197F8038500B000400901BCB08F84F
S3150100692003310004182106F00080D501D3F1011FBF
S315010069307128E0001D291718312900097529063F1C
S315010069401929C48F752A063F7128E0001D291718D9
S31501006950354900097128E0001D2917183129000958
S315010069607529063F1929C001700998007F8000200A
S315010069707D2000267529E0077D2801207A12003442
S315010069807128E0001D291718312900097529063FCC
S315010069901929C4FE752A063F7128E0001D2917181A
S315010069A03549000979FFE28371200001780001363B
S315010069B07128E0001D291718312900087529063F9D
S315010069C07D290774700998007F8000207D200026AC
S315010069D07529E0077D2801207A0001067128E0006B
S315010069E01D291718312900187529063F70099800C5
S315010069F07F8000207D2000267529E0077D28012063
S31501006A007A1200DE7128E0001D29171831290009C4
S31501006A107529063F1929D020752A063F7128E000FD
S31501006A201D291718354900097128E0001D29171875
S31501006A30312900197529063F192980027D2A187006
S31501006A407128E0001D2917187D2A4A141929800A80
S31501006A500313780003EF7128E0001D291718312967
S31501006A6000197529063F19298001752A063F7128E3
S31501006A70E0001D291718354900197128E0001D2964
S31501006A801718312900197529063F7009A81F7F803B
S31501006A9000207D2000267529E0077D2801207A0146
S31501006AA000147128E0001D291718714000003549AE
S31501006AB000197128E0001D291718312900187529B8
S31501006AC0063F192984FF752A063F7128E0001D2912
S31501006AD01718354900187120000178000008712047
S31501006AE000000313197F8010500B0004009053EB34
S31501006AF0FFFC03310004182106E00080D901D7F11B
S31501006B00011F7128E0001D291718553F0008513F44
S31501006B1000081D292220553F000C78000018513F1E
S31501006B20000819498001555F000871400000354988
S31501006B300000515F0008513F000C7F8A48407D20CC
S31501006B4000267529E0077529E03F7D240120752976
S31501006B50203F7A14FFCC780001BB197F8020500BAF
S31501006B600004009053EBFFFC03310004182106E8F2
S31501006B700080D701D5F1011F02320241D35F355F93
S31501006B800008353F0009313F00087529063F7009A5
S31501006B9098027F8000207D2000267529E0077D2848
S31501006BA001207A02002A313F00097529063F700942
S31501006BB098007F8000207D2000267529E0077D282A
S31501006BC001207A02000AC33F7800015D197F80180F
S31501006BD0500B0004009053EBFFFC03310004182115
S31501006BE006D80080DB01D9F1011F02320241355F6F
S31501006BF00018353F0019313F00187529063F700905
S31501006C0098027F8000207D2000267529E0077D28D7
S31501006C1001207A0200EC313F00197529063F7009FF
S31501006C2098087F8000207D2000267529E0077D28B1
S31501006C3001207A0200CC71200000553F000878003F
S31501006C40008871200000553F000C78000054713F08
S31501006C50E7EC1929D180512900307529C23F19293C
S31501006C60C001553F0010513F0010700998017F8007
S31501006C7000207D2000267529E0077D2801207A0263
S31501006C800014712000C9553F000871200015553FB9
S31501006C90000C513F000C19298001553F000C513F52
S31501006CA0000C7009A8137F8000207D20002675291D
S31501006CB0E0077D2801207A01FF98513F0008192934
S31501006CC08001553F0008513F00087009A8C77F8021
S31501006CD000207D2000267529E0077D2801207A0104
S31501006CE0FF647800013D713FE7EC192AD180512AF2
S31501006CF00030710000017509402E552A0030197FB8
S31501006D008028500B0004009053EBFFFC0331000474
S31501006D10182106F0D3F1011F197F801053EBFFFCF8
S31501006D2003310004182106E8D5F1011FD23F513F76
S31501006D30000831290000752A063F7128E0001D2947
S31501006D40112C35490000513F000831290001752AEF
S31501006D50063F7128E0001D29112C35490001513FDC
S31501006D60000831290002752A063F7128E0001D2915
S31501006D70112C35490002513F000831290003752ABB
S31501006D80063F7128E0001D29112C35490003513FAA
S31501006D90000831290004752A063F7128E0001D29E3
S31501006DA0112C35490004513F000831290005752A87
S31501006DB0063F7128E0001D29112C35490005513F78
S31501006DC0000831290006752A063F7128E0001D29B1
S31501006DD0112C35490006513F000831290007752A53
S31501006DE0063F7128E0001D29112C3549000771283D
S31501006DF0E0001D291718312900097529063F1929AF
S31501006E00D008752A063F7128E0001D291718354953
S31501006E100009197F801853EBFFFC03310004182188
S31501006E2006F00080D501D3F1011F79FFFAFB197F26
S31501006E308010500B0004009053EBFFFC033100045B
S31501006E40182106E80080D701D5F1011FD23F513F35
S31501006E50000831290000752A063F7128E0001D2926
S31501006E6013C435490000513F000831290001752A34
S31501006E70063F7128E0001D2913C435490001513F21
S31501006E80000831290002752A063F7128E0001D29F4
S31501006E9013C435490002513F000831290003752A00
S31501006EA0063F7128E0001D2913C435490003513FEF
S31501006EB0000831290004752A063F7128E0001D29C2
S31501006EC013C435490004513F000831290005752ACC
S31501006ED0063F7128E0001D2913C435490005513FBD
S31501006EE0000831290006752A063F7128E0001D2990
S31501006EF013C435490006513F000831290007752A98
S31501006F00063F7128E0001D2913C4354900074823AF
S31501006F104884480570C0010148877128E0001D09B1
S31501006F2013C4780012B302317009A8017F800020D2
S31501006F307D2000267529E0077D2801207A12002C84
S31501006F407128E0001D291718312900097529063F06
S31501006F50713FD7FF713FC780752A063F7128E00050
S31501006F601D29171835490009197F8018500B00048F
S31501006F70009053EBFFFC03310004182106F000805A
S31501006F80D501D3F1011F7128E0001D2917183129F8
S31501006F9000097529063F7D290774700998007F80CD
S31501006FA000207D2000267529E0077D2801207A0032
S31501006FB0005A48234884480570C001014887712852
S31501006FC0E0001D0913C47800120F02317009A801EF
S31501006FD07F8000207D2000267529E0077D2801207D
S31501006FE07A0200287128E0001D29171831290009A5
S31501006FF07529063F1929C07F752A063F7128E000C9
S315010070001D29171835490009197F8010500B0004F6
S31501007010009053EBFFFC03310004182106E8D5F17B
S31501007020011F0231D34F353F0008513F000C0313B6
S31501007030197F801853EBFFFC03310004182106E881
S31501007040D5F1011FD23F0241353F000C313F000C03
S315010070507529063F515F00087D4A4A147128E000F0
S31501007060713FC7FE7F8A48407D2000267529E007CB
S315010070707529E03F7D2401207529203F7A15002CD2
S31501007080515F00087127E7FF713FC7FF7F8A4840BC
S315010070907D2000267529E0077529E03F7D24012022
S315010070A07529203F7A15000C712000007800000830
S315010070B0712000010313197F801853EBFFFC033184
S315010070C00004182106D8D9F1011FD63F713FE7EC1C
S315010070D0714AE000194AD03F554900004400713F0A
S315010070E0E7EC512900007D29C4701929C0017529D1
S315010070F0063F700998007F8000207D2000267529B3
S31501007100E0077D2801207A12FFD8713FE7EC714034
S31501007110000935490004715FE7EC512A000471004A
S3150100712000017509B212552A0004715FE7EC512A74
S3150100713000047100000375099A98552A0004715FCD
S31501007140E7EC512A0004710000037509835E552A94
S315010071500004715FE7EC512A000471000000750913
S315010071607C20552A0004715FE7EC512A0004710066
S31501007170000075097462552A0004715FE7EC512A13
S3150100718000047100000075096CA4552A0004715FA2
S31501007190E7EC512A000471000000750964E6552ADE
S315010071A00004715FE7EC512A0004710000007509C3
S315010071B03E30552A0004715FE7EC512A0004710044
S315010071C0000075093672552A0004715FE7EC512AF1
S315010071D000047100000075092EB4552A0004715F80
S315010071E0E7EC512A000471000000750926F6552ABC
S315010071F00004715FE7EC512A000471000000750973
S315010072001F38552A0004715FE7EC512A000471000A
S3150100721000067509077E552A000471200000353FD6
S315010072200008780000AE711FE7EC313F00087529B0
S31501007230063F315F0008754A063FC67F7D4A1070DA
S315010072407D475214514A0000192980087D29207072
S315010072507D284A145549000071200000353F000978
S3150100726078000040711FE7EC313F0008752A063FA0
S31501007270313F00097529063F7D4A20707D48521429
S315010072807D2A4A1419298080714000003549000879
S31501007290313F00097529063F19298001353F00094B
S315010072A0313F00097529063F7009A8077F80002034
S315010072B07D2000267529E0077D2801207A01FFA897
S315010072C0313F00087529063F19298001353F00081D
S315010072D0313F00087529063F7009A83F7F800020CD
S315010072E07D2000267529E0077D2801207A01FF3AD5
S315010072F0713FE7EC7140000055490164713FE7ECCD
S31501007300715F7FFF55490010713FE7EC715F7FFFA9
S3150100731055490014713FE7EC715F7FFF554900182D
S31501007320713FE7EC715F7FFF55490048713FE7EC1C
S31501007330714000005549001C713FE7EC71400000A7
S3150100734055490024713FE7EC715F7FFF5549002CD9
S31501007350713FE7EC715F7FFF55490030713FE7EC04
S315010073607140000655490020713FE7EC7140003F2E
S3150100737055490000715FE7EC512A000071000000D9
S315010073807509E0C6552A0000197F802853EBFFFCDA
S3150100739003310004182106D8D9F1011FD63F713FE8
S315010073A0E7EC1929D140714AE000194AD03F554905
S315010073B000004400713FE7EC1929D1405129000032
S315010073C07D29C4701929C0017529063F70099800E5
S315010073D07F8000207D2000267529E0077D28012079
S315010073E07A12FFD4713FE7EC1929D14071400004AC
S315010073F035490004713FE7EC192AD140512A0004AE
S31501007400710000017509B212552A0004713FE7ECBB
S31501007410192AD140512A00047100000375099A986E
S31501007420552A0004713FE7EC192AD140512A00047C
S31501007430710000037509835E552A0004713FE7EC6C
S31501007440192AD140512A00047100000075097C20D7
S31501007450552A0004713FE7EC192AD140512A00044C
S315010074607100000075097462552A0004713FE7EC4A
S31501007470192AD140512A00047100000075096CA433
S31501007480552A0004713FE7EC192AD140512A00041C
S3150100749071000000750964E6552A0004713FE7ECA6
S315010074A0192AD140512A00047100000075093E30A5
S315010074B0552A0004713FE7EC192AD140512A0004EC
S315010074C07100000075093672552A0004713FE7EC18
S315010074D0192AD140512A00047100000075092EB401
S315010074E0552A0004713FE7EC192AD140512A0004BC
S315010074F071000000750926F6552A0004713FE7EC74
S31501007500192AD140512A00047100000075091F385B
S31501007510552A0004713FE7EC192AD140512A00048B
S31501007520710000067509077E552A000471200000C6
S31501007530353F0008780000B6713FE7EC1928D140C5
S31501007540313F00087529063F315F0008754A063F3D
S31501007550C67F7D4A10707D475214514A0000192991
S3150100756080087D2920707D284A1455490000712024
S315010075700000353F000978000044713FE7EC192807
S31501007580D140313F0008752A063F313F0009752970
S31501007590063F7D4A20707D4852147D2A4A141929D6
S315010075A080807140000035490008313F0009752986
S315010075B0063F19298001353F0009313F0009752928
S315010075C0063F7009A8077F8000207D2000267529C7
S315010075D0E0077D2801207A01FFA4313F00087529C3
S315010075E0063F19298001353F0008313F00087529FA
S315010075F0063F7009A83F7F8000207D20002675295F
S31501007600E0077D2801207A01FF32713FE7EC192955
S31501007610D1407140000055490164713FE7EC1929D9
S31501007620D140715F7FFF55490010713FE7EC192981
S31501007630D140715F7FFF55490014713FE7EC19296D
S31501007640D140715F7FFF55490018713FE7EC192959
S31501007650D140715F7FFF55490048713FE7EC192919
S31501007660D140714000005549001C713FE7EC1929D2
S31501007670D1407140000055490024713FE7EC1929BA
S31501007680D140715F7FFF5549002C713FE7EC192905
S31501007690D140715F7FFF55490030713FE7EC1929F1
S315010076A0D1407140000655490020713FE7EC192988
S315010076B0D1407140003F55490000713FE7EC192A5E
S315010076C0D140512A0000710000007509E0C6552A13
S315010076D00000197F802853EBFFFC033100041821B9
S315010076E006D8D9F1011FD63F713FE7EC1929D180A0
S315010076F0714AE000194AD03F554900004400713FE4
S31501007700E7EC1929D180512900007D29C470192976
S31501007710C0017529063F700998007F8000207D20F1
S3150100772000267529E0077D2801207A12FFD4713FD2
S31501007730E7EC1929D1807140000435490004713FF5
S31501007740E7EC192AD180512A00047100000175095C
S31501007750B212552A0004713FE7EC192AD180512A49
S3150100776000047100000375099A98552A0004713FB7
S31501007770E7EC192AD180512A00047100000375092A
S31501007780835E552A0004713FE7EC192AD180512AFC
S3150100779000047100000075097C20552A0004713F20
S315010077A0E7EC192AD180512A0004710000007509FD
S315010077B07462552A0004713FE7EC192AD180512AD7
S315010077C000047100000075096CA4552A0004713F7C
S315010077D0E7EC192AD180512A0004710000007509CD
S315010077E064E6552A0004713FE7EC192AD180512A33
S315010077F000047100000075093E30552A0004713FEE
S31501007800E7EC192AD180512A00047100000075099C
S315010078103672552A0004713FE7EC192AD180512AA4
S3150100782000047100000075092EB4552A0004713F49
S31501007830E7EC192AD180512A00047100000075096C
S3150100784026F6552A0004713FE7EC192AD180512A00
S3150100785000047100000075091F38552A0004713FA4
S31501007860E7EC192AD180512A000471000006750936
S31501007870077E552A000471200000353F0008780074
S3150100788000B6713FE7EC1928D180313F0008752910
S31501007890063F315F0008754A063FC67F7D4A107074
S315010078A07D475214514A0000192980087D2920700C
S315010078B07D284A145549000071200000353F000912
S315010078C078000044713FE7EC1928D180313F000868
S315010078D0752A063F313F00097529063F7D4A20700A
S315010078E07D4852147D2A4A1419298080714000006E
S315010078F035490008313F00097529063F19298001DC
S31501007900353F0009313F00097529063F7009A8076F
S315010079107F8000207D2000267529E0077D28012033
S315010079207A01FFA4313F00087529063F1929800114
S31501007930353F0008313F00087529063F7009A83F09
S315010079407F8000207D2000267529E0077D28012003
S315010079507A01FF32713FE7EC1929D18071400000AD
S3150100796055490164713FE7EC1929D180715F7FFFA9
S3150100797055490010713FE7EC1929D180715F7FFFEE
S3150100798055490014713FE7EC1929D180715F7FFFDA
S3150100799055490018713FE7EC1929D180715F7FFFC6
S315010079A055490048713FE7EC1929D1807140000023
S315010079B05549001C713FE7EC1929D180714000003F
S315010079C055490024713FE7EC1929D180715F7FFF8A
S315010079D05549002C713FE7EC1929D180715F7FFF72
S315010079E055490030713FE7EC1929D18071400006F5
S315010079F055490020713FE7EC1929D1807140003FBC
S31501007A0055490000713FE7EC192AD180512A00003F
S31501007A10710000007509E0C6552A0000197F80280B
S31501007A2053EBFFFC03310004182106E8D5F1011FD1
S31501007A30023002420251D36F351F0008355F00093B
S31501007A40353F000A313F00087529063F192982048E
S31501007A50192984B07D2970707D2A4B78712AE0003E
S31501007A601929D03F552A0000313F00097529063FE3
S31501007A707009A8077F8000207D2000267529E00770
S31501007A807D2801207A010024313F00097529063F2E
S31501007A907009A80F7F8000207D2000267529E00748
S31501007AA07D2801207A01011C313F000A7529063F14
S31501007AB0700998007F8000207D2000267529E00747
S31501007AC07D2801207A02008C313F00087529063F86
S31501007AD019298204192984B07D2970707D2A4B7871
S31501007AE0313F00097529063F511F000C7508043FF7
S31501007AF07508057F7508043F192980087D292070BE
S31501007B007D4A4A14512A0004750990DA552A00045F
S31501007B10313F00087529063F19298204192984B0C5
S31501007B207D2970707D2A4B78313F00097529063F02
S31501007B30192980087D2920707D4A4A14512A00009E
S31501007B40710000007509AA94552A00007800007496
S31501007B50313F00087529063F19298204192984B085
S31501007B607D2970707D2A4B78313F00097529063FC2
S31501007B70192980087D2920707D2A4A14515F000C3D
S31501007B8055490004313F00087529063F1929820429
S31501007B90192984B07D2970707D2A4B78313F0009FF
S31501007BA07529063F192980087D2920707D4A4A14C6
S31501007BB0512A0000710000017509AA94552A000096
S31501007BC0313F00097529063F7009980E7F80002014
S31501007BD07D2000267529E0077D2801207A020024F0
S31501007BE0313F00087529063F19298204192984B0F5
S31501007BF07D2970707D2A4B787122E000552A001488
S31501007C00313F00087529063F19298204192984B0D4
S31501007C107D2970707D2A4B787120003F552A00001E
S31501007C20313F00087529063F19298204192984B0B4
S31501007C307D2970707D2A4B78512A00007100000061
S31501007C407509E0C6552A0000197F801853EBFFFC21
S31501007C5003310004182106E8D5F1011F0232024161
S31501007C60355F0008353F0009313F00087529063F99
S31501007C7019298204192984B07D2970707D2A4B78CF
S31501007C80712AE0001929D03F552A0000313F00082A
S31501007C907529063F19298204192984B07D29707036
S31501007CA00317313F00087529063F1929820419294E
S31501007CB084B07D29707051490028313F000975292A
S31501007CC0063F710000017D0948307D494B785527F3
S31501007CD00028313F00087529063F19298204192910
S31501007CE084B07D2970707D2A4B787120003F552A1A
S31501007CF00000313F00087529063F19298204192918
S31501007D0084B07D2970707D2A4B78512A000071005C
S31501007D1000007509E0C6552A0000197F801853EB4B
S31501007D20FFFC03310004182106D80080DB01D9F1DC
S31501007D30011F02320241D75F355F0018353F001936
S31501007D4071200000553F000C313F00197529063F8F
S31501007D507009A81F7F8000207D2000267529E00775
S31501007D607D2801207A11022C313F00187529063F22
S31501007D7019298204192984B07D297070514900306E
S31501007D80313F00197529063F7D494C301929C0013B
S31501007D90700998007F8000207D2000267529E00764
S31501007DA07D2801207A120418313F00187529063FF3
S31501007DB019298204192984B07D2970707D2A4B788E
S31501007DC0313F00197529063F192980087D29207040
S31501007DD07D2A4A14512900007D29C4701929C00F32
S31501007DE07529063F353F0010313F00187529063FBA
S31501007DF019298204192984B07D2970707D2A4B784E
S31501007E00313F00197529063F192980087D292070FF
S31501007E107D2A4A14512900007D2984701929C00F31
S31501007E207529063F353F0011313F00187529063F78
S31501007E3019298204192984B07D2970707D2A4B780D
S31501007E40313F00197529063F192980087D292070BF
S31501007E507D2A4A14592900025D3F00127120000053
S31501007E60353F000878000066313F00087529063F56
S31501007E70515F001C7D2A4A14315F0018754A063F7E
S31501007E80194A8204194A84B07D4A70700327315F0A
S31501007E9000197548063F315F0008754A063F7D089F
S31501007EA020707D0742147D485214194A8080314A58
S31501007EB00008754A063F35490000313F000875291B
S31501007EC0063F19298001353F0008313F0008752911
S31501007ED0063F315F0018754A063F194A8204194A5E
S31501007EE084B07D4A70707D485378315F0019754AB8
S31501007EF0063F194A80087D4A20707D485214514A2E
S31501007F0000007D4A8470194AC00F754A063F7F8971
S31501007F1050007D2000267529E0077D2801207A1072
S31501007F20FF4A313F0018752A063F313F001975296E
S31501007F30063F03230314C75F79FFEC35313F001871
S31501007F407529063F19298204192984B07D29707083
S31501007F5051290008553F0014313F00187529063F85
S31501007F6019298204192984B07D2970707D284B78DE
S31501007F70313F00197529063F714000017D4948309E
S31501007F805528003071200001553F000C7800023061
S31501007F90313F00187529063F19298204192984B031
S31501007FA07D2970705149002C313F00197529063F12
S31501007FB0192984E07D494C301929C00170099800BE
S31501007FC07F8000207D2000267529E0077D2801207D
S31501007FD07A1201EC313F00187529063F19298204EE
S31501007FE0192984B07D2970707D2A4B78313F00199B
S31501007FF07529063F192980087D2920707D2A4A1492
S31501008000512900007D29C4701929C00F7529063F21
S31501008010353F0010313F00187529063F19298204A2
S31501008020192984B07D2970707D2A4B78313F00195A
S315010080307529063F192980087D2920707D2A4A1451
S31501008040512900007D2984701929C00F7529063F21
S31501008050353F0011313F00187529063F1929820461
S31501008060192984B07D2970707D2A4B78313F00191A
S315010080707529063F192980087D2920707D2A4A1411
S31501008080592900025D3F001271200000353F0008AA
S3150100809078000066313F00087529063F515F001CD4
S315010080A07D2A4A14315F0018754A063F194A82042F
S315010080B0194A84B07D4A70700327315F00197548EB
S315010080C0063F315F0008754A063F7D0820707D072F
S315010080D042147D485214194A8080314A0008754A73
S315010080E0063F35490000313F00087529063F192929
S315010080F08001353F0008313F00087529063F315F91
S315010081000018754A063F194A8204194A84B07D4A05
S3150100811070707D485378315F0019754A063F194AD8
S3150100812080087D4A20707D485214514A00007D4ADC
S315010081308470194AC00F754A063F7F8950007D2019
S3150100814000267529E0077D2801207A10FF4A313F74
S315010081500018752A063F313F00197529063F03238A
S315010081600314C75F79FFEA09313F00187529063FF5
S3150100817019298204192984B07D29707051290008B2
S31501008180553F0014313F00187529063F192982040D
S31501008190192984B07D2970707D284B78313F0019EB
S315010081A07529063F192984E0714000017D4948304F
S315010081B05528002C71200001553F000C513F000C41
S315010081C00313197F8028500B0004009053EBFFFC2A
S315010081D003310004182106D00080DD01DBF1011F07
S315010081E00252D76F0271551F0020347F0018349F49
S315010081F00019355F001A353F001B71200002553FFB
S31501008200000C313F00197529063F7009A8077F80C8
S3150100821000207D2000267529E0077D2801207A119E
S31501008220001071200008353F0019780003F6313F30
S3150100823000197529063F7009A80F7F8000207D204F
S3150100824000267529F7FF752A063F313F0019752962
S31501008250063F7009A8377F8000207FDDE8427D2038
S3150100826000267529FFFF7529063F7D49483875297E
S31501008270063F700998007F8000207D200026752921
S31501008280E0077D2801207A1200107120000F353F8A
S3150100829000197800038E313F00197529063F7009D0
S315010082A0A83F7F8000207D2000267529E0077D28D4
S315010082B001207A0100107120003F353F0019780036
S315010082C00362313F00187529063F192982041929CD
S315010082D084B07D2970707D2A4B78313F001975294C
S315010082E0063F192980087D2920707D2A4A145129C3
S315010082F000007D29C4701929C00F7529063F700930
S31501008300A80C7F8000207D2000267529E0077D28A6
S3150100831001207A02001071200002553F000C7800FE
S315010083200302313F001A7529063F700998007F80C4
S3150100833000207D2000267529E0077D2801207A028C
S3150100834000C8313F00187529063F192982041929E9
S3150100835084B07D2970707D2A4B78313F00197529CB
S31501008360063F192980087D2920707D4A4A14512A21
S315010083700000710000007509AA94552A0000313FDA
S3150100838000187529063F19298204192984B07D2907
S3150100839070707D2A4B78313F00197529063F511FB0
S315010083A0001C7508043F7508057F7508043F1929E7
S315010083B080087D2920707D4A4A14512A00047509D6
S315010083C090DA552A0004313F00187529063F19290C
S315010083D08204192984B07D2970707D2A4B78313F3A
S315010083E000197529063F192980087D2920707D4AC3
S315010083F04A14512A0000710000007509B252552A2B
S315010084000000780000B4313F00187529063F19298C
S315010084108204192984B07D2970707D2A4B78313FF9
S3150100842000197529063F192980087D2920707D4A82
S315010084304A14512A0000710000017509AA94552AAF
S315010084400000313F00187529063F192982041929B0
S3150100845084B07D2970707D284B78313F00197529CC
S31501008460063F515F001C194AC71F192980087D293B
S3150100847020707D284A1455490004313F001875299A
S31501008480063F19298204192984B07D2970707D2A35
S315010084904B78313F00197529063F192980087D2936
S315010084A020707D4A4A14512A0000710000017509A5
S315010084B0B252552A0000313F00187529063F192985
S315010084C08204192984B07D2970707D2A4B78313F49
S315010084D000197529063F192980087D2920707D4AD2
S315010084E04A14512A0000710000007509A2D6552AC6
S315010084F0000071200000353F000878000064313F1C
S3150100850000187529063F19298204192984B07D2985
S3150100851070700316313F00197528063F313F000878
S315010085207529063F315F0008754A063FC87F7D47BA
S315010085305214314A0000754A063F7D0820707D06B7
S3150100854042147D284A141929808035490008313F93
S3150100855000087529063F19298001353F0008313F7A
S315010085600008752A063F313F001B7529063F7F8AA1
S3150100857048407D2000267529E0077D2801207A10D4
S31501008580FF80313F00187529063F192982041929F0
S3150100859084B07D2970700317313F00197529063F94
S315010085A0315F001B194AC00F7548063F192980081B
S315010085B07D2920707D474A14512A00007509831EC2
S315010085C0552A0000313F00187529063F19298204F2
S315010085D0192984B07D2970707D2A4B78313F0019A5
S315010085E07529063F192980087D2920707D4A4A147C
S315010085F0512A00007100000C7509C10E552A0000B0
S3150100860071200001553F000C313F0018752A063FC5
S31501008610313F00197529063F0323031479FFE5C38A
S31501008620513F000C0313197F8030500B000400905A
S3150100863053EBFFFC03310004182106E00080D90149
S31501008640D7F1011F71200000353F0008715FE3E09B
S31501008650512A00007100000175093672552A000081
S31501008660713FE7E0192AD140512A0000710000014B
S3150100867075093672552A0000713FE3E0192AD18047
S31501008680512A00007100000175093672552A000051
S31501008690713FE7E0192AD1C0512A0000710000019B
S315010086A075093672552A0000780001B3780002A7D1
S315010086B0780004937800015778000327780000FFBB
S315010086C0780003F7715FE3E0512A000071000000B2
S315010086D075093672552A0000713FE7E0192AD14023
S315010086E0512A00007100000075093672552A0000F2
S315010086F0713FE3E0192AD180512A00007100000080
S3150100870075093672552A0000713FE7E0192AD1C072
S31501008710512A00007100000075093672552A0000C1
S3150100872071200000353F000878000034313F000811
S315010087307529063F480303147800047B313F00087E
S315010087407529063F481303147800046B313F00086E
S315010087507529063F19298001353F0008313F000878
S315010087607529063F7009A8087F8000207D20002614
S315010087707529E0077D2801207A01FFB4480348B432
S3150100878078000433480348C47800042B480348D4CE
S3150100879078000423480348E47800041B4803780062
S315010087A004D34813780004CD197F8020500B0004B0
S315010087B0009053EBFFFC03310004182106F0D3F1BE
S315010087C0011F713FE3E07154E00055490000713F1C
S315010087D0E7E01929D1407154E00055490000713F85
S315010087E0E3E01929D1807154E00055490000713F39
S315010087F0E7E01929D1C07154E00055490000197FFD
S31501008800801053EBFFFC03310004182106F0D3F16D
S31501008810011F713FE3E07140000055490020713F9F
S31501008820E7E01929D1407140000055490020713F08
S31501008830E3E01929D1807140000055490020713FBC
S31501008840E7E01929D1C07140000055490020197F80
S31501008850801053EBFFFC03310004182106F0D3F11D
S31501008860011F713FE3E0714000007150C203554999
S315010088700094713FE3E07140000055490000715FCB
S31501008880E3E0512A000071000000750907FE552A30
S315010088900000713FE7E01929D14071400000715095
S315010088A0C20355490094713FE7E01929D14071404F
S315010088B0000055490000713FE7E0192AD140512ACD
S315010088C0000071000000750907FE552A0000713F7E
S315010088D0E3E01929D180714000007150C203554966
S315010088E00094713FE3E01929D18071400000554998
S315010088F00000713FE3E0192AD180512A000071007E
S315010089000000750907FE552A0000713FE7E01929A5
S31501008910D1C0714000007150C20355490094713FA6
S31501008920E7E01929D1C07140000055490000713FA7
S31501008930E7E0192AD1C0512A00007100000075092B
S3150100894007FE552A0000197F801053EBFFFC033107
S315010089500004182106F0D3F1011F713FE3E07154C1
S31501008960E00055490000713FE3E0714000005549C0
S3150100897000C8713FE7E01929D1407154E00055491B
S315010089800000713FE7E01929D140714000005549C7
S3150100899000C8713FE3E01929D1807154E0005549BF
S315010089A00000713FE3E01929D1807140000055496B
S315010089B000C8713FE7E01929D1C07154E00055495B
S315010089C00000713FE7E01929D1C071400000554907
S315010089D000C8197F801053EBFFFC033100041821F6
S315010089E006F0D3F1011F713FE3E071400000715FB2
S315010089F0C7FF554900A4713FE3E0714000005549A6
S31501008A0000B4713FE3E07140000055490034713F05
S31501008A10E7E01929D14071400000715FC7FF554950
S31501008A2000A4713FE7E01929D14071400000554982
S31501008A3000B4713FE7E01929D14071400000554962
S31501008A400034713FE3E01929D18071400000715F64
S31501008A50C7FF554900A4713FE3E01929D180714050
S31501008A600000554900B4713FE3E01929D1807140F6
S31501008A70000055490034713FE7E01929D1C0714022
S31501008A800000715FC7FF554900A4713FE7E019294E
S31501008A90D1C071400000554900B4713FE7E0192982
S31501008AA0D1C07140000055490034197F801053EB45
S31501008AB0FFFC03310004182106F0D3F1011F713FB9
S31501008AC0E3E07140000055490040713FE3E0714029
S31501008AD0000055490044713FE7E01929D140714032
S31501008AE0000055490040713FE7E01929D140714026
S31501008AF0000055490044713FE3E01929D1807140D6
S31501008B00000055490040713FE3E01929D1807140C9
S31501008B10000055490044713FE7E01929D1C0714071
S31501008B20000055490040713FE7E01929D1C0714065
S31501008B30000055490044197F801053EBFFFC0331B7
S31501008B400004182106F0D3F1011F715FE3E0512AF9
S31501008B5000007100000075098B9C552A0000713FC9
S31501008B60E7E0192AD140512A000071000000750979
S31501008B708B9C552A0000713FE3E0192AD180512AC6
S31501008B8000007100000075098B9C552A0000713F99
S31501008B90E7E0192AD1C0512A0000710000007509C9
S31501008BA08B9C552A0000197F801053EBFFFC033183
S31501008BB00004182106D8D9F1011F02320241355F9E
S31501008BC00018353F0019313F00187528063F313F1F
S31501008BD000197529063F7148E0001D4A10B87D0845
S31501008BE020707D284A147D2A4A1431290000353F18
S31501008BF00008313F00087529063F700998007F80FB
S31501008C0000207D2000267529E0077D2801207A12A3
S31501008C10005471406000313F00087529063F19294B
S31501008C2080907D2910707D4A4A14512A00007100F6
S31501008C3000017509B252552A000071406000313FAA
S31501008C4000087529063F192980907D2910707D4AF3
S31501008C504A14512A00007100000175099B18552A12
S31501008C6000004400197F802853EBFFFC0331000408
S31501008C70182106E8D5F1011F0231353F0008313FC1
S31501008C8000087529063F700998017F8000207D2024
S31501008C9000267529E0077D2801207A020020713F10
S31501008CA0E7E0192AD140512A000071000001750937
S31501008CB0C1CE552A000078000018715FE3E0512A01
S31501008CC00000710000017509C1CE552A000044005B
S31501008CD0197F801853EBFFFC03310004182106D8D5
S31501008CE0D9F1011F02320241355F0018353F0019E3
S31501008CF0712000005D3F0008313F00187529063FCD
S31501008D00700998017F8000207D2000267529E007E3
S31501008D107D2801207A0200724400713FE7E0192A9A
S31501008D20D140313F00197529063F192980407D2917
S31501008D3010707D2A4A14512900007D299C70192939
S31501008D40C0017529063F700998007F8000207D20AB
S31501008D5000267529E0077D2801207A12FFC0713FA0
S31501008D60E7E0192AD140313F00197529063F192933
S31501008D7080407D2910707D2A4A14592900025D3FE1
S31501008D800008780000664400715FE3E0313F001996
S31501008D907529063F192980407D2910707D2A4A14BC
S31501008DA0512900007D299C701929C0017529063FAA
S31501008DB0700998007F8000207D2000267529E00734
S31501008DC07D2801207A12FFC4715FE3E0313F00196B
S31501008DD07529063F192980407D2910707D2A4A147C
S31501008DE0592900025D3F0008593F00087529043FD3
S31501008DF07009A3E87154E00A194AD0A17D49509639
S31501008E007D4A4A147D4A4E707D29FE707D29505057
S31501008E107529043F0313197F802853EBFFFC0331A7
S31501008E200004182106D80080DB01D9F1011FD63FC5
S31501008E30712000005D3F000A712000005D3F000CBB
S31501008E4071200000353F000878000060593F000A94
S31501008E507529043F7D2A0734313F00087529063FED
S31501008E60511F00187D284A14312900007529063F33
S31501008E707D284B78313F00087529063F1929B0072F
S31501008E807D0948307D2907347D494B787D29073492
S31501008E907529043F5D3F000A313F00087529063FE9
S31501008EA019298001353F0008313F00087529063F21
S31501008EB07009A8077F8000207D2000267529E0071C
S31501008EC07D2801207A01FF88195F800A193F800CED
S31501008ED04803480448150326031779FF9AB3593FF7
S31501008EE0000C7529043F1929C0807D293E70752A19
S31501008EF0063F7128E0001D2913A435490000593F9A
S31501008F00000C7529043F1929C0407D293670752A40
S31501008F10063F7128E0001D2913A435490001593F78
S31501008F20000C7529043F1929C0207D292E70752A48
S31501008F30063F7128E0001D2913A435490002593F57
S31501008F40000C7529043F1929C0107D292670752A40
S31501008F50063F7128E0001D2913A435490003593F36
S31501008F60000C7529043F1929C0087D291E70752A30
S31501008F70063F7128E0001D2913A435490004593F15
S31501008F80000C7529043F1929C0047D291670752A1C
S31501008F90063F7128E0001D2913A435490005593FF4
S31501008FA0000C7529043F1929C0027D290E70752A06
S31501008FB0063F7128E0001D2913A435490006593FD3
S31501008FC0000C7529043F7529063F1929C001752A28
S31501008FD0063F7128E0001D2913A435490007197FB2
S31501008FE08028500B0004009053EBFFFC0331000472
S31501008FF0182106D80080DB01D9F1011FD63F712067
S3150100900000005D3F000A712000005D3F000C7120E9
S315010090100000353F000878000060593F000A7529B5
S31501009020043F7D2A0734313F00087529063F511F49
S3150100903000187D284A14312900007529063F7D282C
S315010090404B78313F00087529063F1929B0077D097C
S3150100905048307D2907347D494B787D2907347529A8
S31501009060043F5D3F000A313F00087529063F192973
S315010090708001353F0008313F00087529063F700918
S31501009080A8077F8000207D2000267529E0077D281E
S3150100909001207A01FF88195F800A193F800C480375
S315010090A0481448150326031779FF98E5593F000C24
S315010090B07529043F1929C0807D293E70752A063F0E
S315010090C07128E0001D2913B435490000593F000CF1
S315010090D07529043F1929C0407D293670752A063F36
S315010090E07128E0001D2913B435490001593F000CD0
S315010090F07529043F1929C0207D292E70752A063F3E
S315010091007128E0001D2913B435490002593F000CAE
S315010091107529043F1929C0107D292670752A063F35
S315010091207128E0001D2913B435490003593F000C8D
S315010091307529043F1929C0087D291E70752A063F25
S315010091407128E0001D2913B435490004593F000C6C
S315010091507529043F1929C0047D291670752A063F11
S315010091607128E0001D2913B435490005593F000C4B
S315010091707529043F1929C0027D290E70752A063FFB
S315010091807128E0001D2913B435490006593F000C2A
S315010091907529043F7529063F1929C001752A063F1D
S315010091A07128E0001D2913B435490007197F80286D
S315010091B0500B0004009053EBFFFC0331000418210F
S315010091C006F00080D501D3F1011F71204000192955
S315010091D0D140714000015549013C7128E000312917
S315010091E013987529063F19298001752A063F7128AA
S315010091F0E0003549139878001461197F8010500BEF
S315010092000004009053EBFFFC03310004182106D043
S31501009210DBF1011F0231D74FD85FD96F5D3F0018CF
S31501009220593F00187529043F11404AD1513F001C8E
S3150100923051290000138A4ACD7D2000267529E007B1
S315010092407D2801207A01001871200000553F001089
S3150100925071200000553F00087800014A593F001867
S315010092607529043F11404AD1513F00247D291070D0
S31501009270511F001C7D284A1451290000138A4ACD2A
S315010092807D2000267529E0077D2801207A0101024B
S31501009290513F00247D290C70553F001471200000B8
S315010092A0553F0010513F0024553F000C78000060E7
S315010092B0593F00187529043F11404AD1513F001406
S315010092C07D291070511F001C7D284A145129000068
S315010092D0138A4ACD7D2000267529E0077D280120C5
S315010092E07A010010513F0014553F000C7800000C24
S315010092F0513F0014553F0010515F000C513F0010C3
S315010093007D2A4A147D290C70553F0014515F000CCB
S31501009310513F00107D2950507009A8017F8000201F
S315010093207D2000267529E0077D2801207A11FF841A
S31501009330593F00187529043F11404AD0513F00108A
S315010093407D291070511F001C7D284A1451290000E7
S31501009350114A4AC1513F0010192980017D29107017
S31501009360511F001C7D284A1451090000513F00106D
S315010093707D291070C77F7D274A14512900001128C5
S315010093804AC1112A4AC9553F000878000018513FC1
S315010093900024192984FF553F00107127E780553FA6
S315010093A00008513F0010192980017D291070515F75
S315010093B000207D2A4A1451490000513F00107D29A1
S315010093C01070511F00207D284A1451290000114AAE
S315010093D04AC1513F0008112A4AC811204AD8752AA4
S315010093E0043F513F00107D291070511F00207D2838
S315010093F04A145129000011204AD87529043F7D2AB3
S315010094004A147529043F0313197F803053EBFFFC7F
S3150100941003310004182106D0DBF1011FD63FD74FD7
S31501009420D85FD96F513F001811404AD07126E780A5
S31501009430112A4AC8553F0008513F001811404AD029
S315010094407126E780114A4AC8513F001C5129000084
S31501009450138A4ACD7D2000267529E0077D28012043
S315010094607A01001871200000553F0010712000009C
S31501009470553F00087800013E513F00247D291070B8
S31501009480515F001C7D2A4A1451490000513F0008D2
S31501009490138A4ACC7D2000267529E0077D28012004
S315010094A07A0100FE513F00247D290C70553F0014BE
S315010094B071200000553F0010513F0024553F000C1C
S315010094C078000058513F00147D291070515F001C2F
S315010094D07D2A4A1451490000513F0008138A4ACC9B
S315010094E07D2000267529E0077D2801207A010010DC
S315010094F0513F0014553F000C7800000C513F0014F9
S31501009500553F0010515F000C513F00107D2A4A144F
S315010095107D290C70553F0014515F000C513F00101E
S315010095207D2950507009A8017F8000207D200026EA
S315010095307529E0077D2801207A11FF8C513F00181B
S3150100954011404AD07126E780114A4AC8513F00109E
S315010095507D291070511F001C7D284A1451290000D5
S31501009560114A4AC1513F0010192980017D29107005
S31501009570511F001C7D284A1451090000513F00105B
S315010095807D291070C77F7D274A14512900001128B3
S315010095904AC1112A4AC9553F000878000018513FAF
S315010095A00024192984FF553F00107127E780553F94
S315010095B00008513F0010192980017D291070515F63
S315010095C000207D2A4A1451490000513F00107D298F
S315010095D01070511F00207D284A1451290000114A9C
S315010095E04AC1513F0008114A4AC87128E780112A29
S315010095F04AC811404AD8513F00107D291070511FA9
S3150100960000207D284A14510900007128E78011289D
S315010096104AC811204AD87D2A4A140313197F80307B
S3150100962053EBFFFC03310004182106D0DBF1011FC7
S31501009630547F0018D74FD85FD96F513F001C51494D
S315010096400000513F0018138A4ACC130A4ACE7FBD47
S31501009650CB827D2000267529E0077D2801207A012D
S31501009660004071200000553F0010513F001C512958
S315010096700000515F0018114A4AC1513F001C1929C7
S31501009680800451090000513F001C51290000112896
S315010096904AC1112A4AC9553F000878000180513F45
S315010096A000247D291070515F001C7D2A4A145149FE
S315010096B00000513F0018138A4ACC7D2000267529E7
S315010096C0E0077D2801207A0100F2513F00247D291F
S315010096D00C70553F001471200000553F0010513F9A
S315010096E00024553F000C78000058513F00147D2995
S315010096F01070515F001C7D2A4A1451490000513FE8
S315010097000018138A4ACC7D2000267529E0077D289A
S3150100971001207A010010513F0014553F000C7800DA
S31501009720000C513F0014553F0010515F000C513F92
S3150100973000107D2A4A147D290C70553F0014515F93
S31501009740000C513F00107D2950507009A8017F80FF
S3150100975000207D2000267529E0077D2801207A1149
S31501009760FF8C513F00107D291070515F001C7D2A2E
S315010097704A1451290000515F0018114A4AC1513F4C
S315010097800010192980017D291070511F001C7D28A8
S315010097904A1451090000513F00107D291070C77FFE
S315010097A07D274A145129000011284AC1112A4AC9A4
S315010097B0553F000878000066513F0024192984FFAF
S315010097C0553F0010513F00241929873F7D2910700C
S315010097D0515F001C7D2A4A1451290000515F00186F
S315010097E0114A4AC1513F00247D291070511F001CA6
S315010097F07D284A1451090000513F00241929873F49
S315010098007D291070C77F7D274A1451290000112830
S315010098104AC1112A4AC9553F0008513F001019296A
S3150100982080017D291070515F00207D2A4A1451491B
S315010098300000513F00107D291070511F00207D2826
S315010098404A1451290000114A4AC1513F0008114AE0
S315010098504AC8513F00107D291070511F00207D28F4
S315010098604A1451290000112A4AC00313197F803076
S3150100987053EBFFFC03310004182106B000805401AC
S3150100988000541BA10944011FDA3FDB4FDC5FDD6F8A
S31501009890DE7F513F00305149000451290000031376
S315010098A00324CA5FCB6F79FF829302317009980056
S315010098B07F8000207D2000267529E0077D28012074
S315010098C07A10007471200000553F0014513F00309A
S315010098D05149000451290000CA3FCB4F0315032605
S315010098E079FF7C8702420231032E031D513F00306E
S315010098F01929800850E9000051090004513F003040
S31501009900514900045129000001730304031503267C
S3150100991079FF7C570242023101D301E40315032684
S3150100992079FF7F2902420231553F0008555F000C3D
S3150100993078000210513F00387D291870515F0030C0
S315010099407D2A4A14514900045129000003130324B6
S31501009950CA5FCB6F79FF81790231700998007F80E8
S3150100996000207D2000267529E0077D2801207A0147
S31501009970013A513F00387D290C70553F001871207E
S315010099800000553F0014513F0038553F0010780044
S31501009990006A513F00187D291870515F00307D2AF9
S315010099A04A14514900045129000003130324CA5FD4
S315010099B0CB6F79FF811B0231700998007F800020EF
S315010099C07D2000267529E0077D2801207A010010F7
S315010099D0513F0018553F00107800000C513F001808
S315010099E0553F0014515F0010513F00147D2A4A145F
S315010099F07D290C70553F0018515F0010513F00142E
S31501009A007D2950507009A8017F8000207D20002605
S31501009A107529E0077D2801207A11FF7A513F00144C
S31501009A207D291870515F00307D2A4A14514900047E
S31501009A3051290000CA3FCB4F0315032679FF7B2B23
S31501009A4002420231032E031D513F001419298001E0
S31501009A507D291870515F00307D2A4A1450E90000B3
S31501009A6051090004513F00147D291870515F0030DF
S31501009A707D2A4A1451490004512900000173030447
S31501009A800315032679FF7AE30242023101D301E489
S31501009A900315032679FF7DB502420231553F0008C1
S31501009AA0555F000C7800009C513F0038192984FF4E
S31501009AB0553F0014513F00381929871F7D29187019
S31501009AC0515F00307D2A4A14514900045129000092
S31501009AD0CA3FCB4F0315032679FF7A8F0242023123
S31501009AE0032E031D513F00387D291870515F003048
S31501009AF07D2A4A1450E9000051090004513F0038FB
S31501009B001929871F7D291870515F00307D2A4A1453
S31501009B10514900045129000001730304031503266A
S31501009B2079FF7A470242023101D301E40315032684
S31501009B3079FF7D1902420231553F0008555F000C3D
S31501009B40513F0014192980017D291870515F003495
S31501009B507D2A4A1450E9000051090004513F0014BE
S31501009B607D291870515F00347D2A4A145149000439
S31501009B7051290000017303040315032679FF79EBCC
S31501009B800242023103130324C25FC36F79FF7A4194
S31501009B900242023103177D485378513F00147D2953
S31501009BA01870515F00347D2A4A1451490004512925
S31501009BB00000017303040315032679FF795302425A
S31501009BC0023103130324197F8050500B00040090C7
S31501009BD01BAB08F403310004182106A057E1005C11
S31501009BE0011F547F0038549F003C54BF004054DF8E
S31501009BF0004454FF0048551F004C553F0050513F4B
S31501009C00004051490000513F0038138A4ACC130ADB
S31501009C104ACE7FBDCB827D2000267529E0077D28AF
S31501009C2001207A01004071200000553F0014513F88
S31501009C30004051290000515F0038114A4AC1513F85
S31501009C4000401929800451090000513F0040512963
S31501009C50000011284AC1112A4AC9553F0008780057
S31501009C6001A0513F004C512900007D291070515F20
S31501009C7000407D2A4A1451490000513F0038138A99
S31501009C804ACC7D2000267529E0077D2801207A012E
S31501009C9000FC513F004C512900007D290C70553FB5
S31501009CA0001071200000553F0014513F004C51290E
S31501009CB00000553F000C78000058513F00107D29E7
S31501009CC01070515F00407D2A4A1451490000513FEE
S31501009CD00038138A4ACC7D2000267529E0077D28A5
S31501009CE001207A010010513F0010553F000C780009
S31501009CF0000C513F0010553F0014515F000C513FBD
S31501009D0000147D2A4A147D290C70553F0010515FBD
S31501009D10000C513F00147D2950507009A8017F8025
S31501009D2000207D2000267529E0077D2801207A1173
S31501009D30FF8C513F00147D291070515F00407D2A30
S31501009D404A1451290000515F0038114A4AC1513F56
S31501009D500014192980017D291070511F00407D28AA
S31501009D604A1451090000513F00147D29107050FF1B
S31501009D7000407D274A145129000011284AC1112AA1
S31501009D804AC9553F000878000078513F004C5129D7
S31501009D900000192984FF553F0014513F004C5129F9
S31501009DA000001929873F7D291070515F00407D2AE7
S31501009DB04A1451290000515F0038114A4AC1513FE6
S31501009DC0004C512900007D291070511F00407D284B
S31501009DD04A1451090000513F004C5129000019292C
S31501009DE0873F7D29107050FF00407D274A14512975
S31501009DF0000011284AC1112A4AC9553F0008513F9E
S31501009E000008553F0024513F0014553F001C513FA7
S31501009E10004451490000513F003C138A4ACC130AC1
S31501009E204ACE7FBDCB827D2000267529E0077D289D
S31501009E3001207A01004071200000553F0014513F76
S31501009E40004451290000515F003C114A4AC1513F6B
S31501009E5000441929800451090000513F0044512949
S31501009E60000011284AC1112A4AC9553F0008780045
S31501009E7001B8513F004C19298004512900007D2960
S31501009E801070515F00447D2A4A1451490000513F28
S31501009E90003C138A4ACC7D2000267529E0077D28DF
S31501009EA001207A010100513F004C192980045129F2
S31501009EB000007D290C70553F001071200000553FB0
S31501009EC00014513F004C51290004553F000C780005
S31501009ED00058513F00107D291070515F00447D2AC2
S31501009EE04A1451490000513F003C138A4ACC7D2057
S31501009EF000267529E0077D2801207A010010513FCF
S31501009F000010553F000C7800000C513F0010553FE2
S31501009F100014515F000C513F00147D2A4A147D291B
S31501009F200C70553F0010515F000C513F00147D2904
S31501009F3050507009A8017F8000207D2000267529D8
S31501009F40E0077D2801207A11FF8C513F00147D29FD
S31501009F501070515F00447D2A4A1451290000515F57
S31501009F60003C114A4AC1513F0014192980017D293B
S31501009F701070511F00447D284A1451090000513FB9
S31501009F8000147D29107050FF00447D274A14512981
S31501009F90000011284AC1112A4AC9553F0008780014
S31501009FA00088513F004C19298004512900001929C4
S31501009FB084FF553F0014513F004C19298004512953
S31501009FC000001929873F7D291070515F00447D2AC1
S31501009FD04A1451290000515F003C114A4AC1513FC0
S31501009FE0004C19298004512900007D291070511F48
S31501009FF000447D284A1451090000513F004C19299B
S3150100A0008004512900001929873F7D29107050FFCE
S3150100A01000447D274A145129000011284AC1112AFA
S3150100A0204AC9553F0008515F0014513F00507D4A0F
S3150100A03049D6513F001C7D2A4A14553F0010513F15
S3150100A0400010192980017D291070515F00487D2A71
S3150100A0504A1451490000513F00107D291070511FCB
S3150100A06000487D284A1451290000114A4AC1513F2E
S3150100A0700024114A4AC8513F00107D291070511F12
S3150100A08000487D284A1451290000112A4AC0553F2B
S3150100A0900018515F0010513F00507D2A4A14553F68
S3150100A0A00010513F0010192980017D291070515F60
S3150100A0B000487D2A4A1451490000513F00107D296C
S3150100A0C01070511F00487D284A1451290000114A79
S3150100A0D04AC1513F0024114A4AC8513F00107D2907
S3150100A0E01070511F00487D284A1451290000114A59
S3150100A0F04AC0513F0018114A4AC1513F0008114A4E
S3150100A1004AC8513F0018112A4AC00313197F8060BB
S3150100A11053EBFFFC03310004182106D0DBF1011FCC
S3150100A120547F0018D74FD85FD96F513F001C514952
S3150100A1300000513F0018138A4ACC130A4ACE7FBD4C
S3150100A140CB827D2000267529E0077D2801207A0132
S3150100A150001871200000553F001071200000553F86
S3150100A160000878000132513F00247D291070515FAB
S3150100A170001C7D2A4A1451490000513F0018138AD8
S3150100A1804ACC7D2000267529E0077D2801207A0129
S3150100A19000F2513F00247D290C70553F00147120B7
S3150100A1A00000553F0010513F0024553F000C780038
S3150100A1B00058513F00147D291070515F001C7D2A03
S3150100A1C04A1451490000513F0018138A4ACC7D2098
S3150100A1D000267529E0077D2801207A010010513FEC
S3150100A1E00014553F000C7800000C513F0014553FF8
S3150100A1F00010515F000C513F00107D2A4A147D2941
S3150100A2000C70553F0014515F000C513F00107D2921
S3150100A21050507009A8017F8000207D2000267529F5
S3150100A220E0077D2801207A11FF8C513F00107D291E
S3150100A2301070515F001C7D2A4A1451290000515F9C
S3150100A2400018114A4AC1513F0010192980017D2980
S3150100A2501070511F001C7D284A1451090000513FFE
S3150100A26000107D291070C77F7D274A1451290000EF
S3150100A27011284AC1112A4AC9553F00087800001819
S3150100A280513F0024192984FF553F00107127E780AB
S3150100A290553F0008513F0010192980017D29107092
S3150100A2A0515F00207D2A4A1451490000513F001098
S3150100A2B07D291070511F00207D284A145129000064
S3150100A2C0114A4AC1513F0008114A4AC8513F00107C
S3150100A2D07D291070511F00207D284A145129000044
S3150100A2E0112A4AC00313197F803053EBFFFC033157
S3150100A2F00004182106E00080D901D7F1011F712061
S3150100A300000071400000553F000C555F00107120A0
S3150100A3100000353F00087128E0001D293D0071400D
S3150100A3200100554903087128E0001D293D007140CF
S3150100A33000083549035D193F800C4823480403157D
S3150100A34079FFD9E70231752A063F7128E0001D29F8
S3150100A3503D0035490354313F00087529063F195F11
S3150100A36080087D2A4A1431290004752A063F71287E
S3150100A370E0001D293D0035490355313F0008752987
S3150100A380063F19298001353F0008313F000875292C
S3150100A390063F195F80087D2A4A1431290004752A6F
S3150100A3A0063F7128E0001D293D0035490356313F1E
S3150100A3B000087529063F19298001353F0008313FFC
S3150100A3C000087529063F195F80087D2A4A1431293C
S3150100A3D00004752A063F7128E0001D293D00354914
S3150100A3E00357313F00087529063F19298001353F7A
S3150100A3F00008313F00087529063F195F80087D2A4C
S3150100A4004A1431290004752A063F7128E0001D29E6
S3150100A4103D0035490358313F00087529063F192982
S3150100A4208001353F0008313F00087529063F195F55
S3150100A43080087D2A4A1431290004752A063F7128AD
S3150100A440E0001D293D0035490359313F00087529B2
S3150100A450063F19298001353F0008313F000875295B
S3150100A460063F195F80087D2A4A1431290004752A9E
S3150100A470063F7128E0001D293D003549035A313F49
S3150100A48000087529063F19298001353F0008313F2B
S3150100A49000087529063F195F80087D2A4A1431296B
S3150100A4A00004752A063F7128E0001D293D00354943
S3150100A4B0035B313F00087529063F19298001353FA5
S3150100A4C00008313F00087529063F195F80087D2A7B
S3150100A4D04A1431290004752A063F7128E0001D2916
S3150100A4E03D003549035C313F00087529063F1929AE
S3150100A4F08001353F0008713FE7EC192AD180512AC6
S3150100A500003071000001750907FE552A0030197FD8
S3150100A5108020500B0004009053EBFFFC0331000434
S3150100A520182106E8D5F1011FD23F513F000819292C
S3150100A53080017148E0001D4A3CE8594A0006754A07
S3150100A540043F700A98007F8000207D400026754AEE
S3150100A550FFFF754A063F35490000513F000819299A
S3150100A56080027148E0001D4A3CE8594A0008754AD4
S3150100A570043F700A98007F8000207D400026754ABE
S3150100A580FFFF754A063F35490000513F000819296A
S3150100A59080037148E0001D4A3CE8594A000A754AA1
S3150100A5A0043F700A98007F8000207D400026754A8E
S3150100A5B0FFFF754A063F35490000513F000819293A
S3150100A5C080047148E0001D4A3CE8594A000C754A6E
S3150100A5D0043F700A98007F8000207D400026754A5E
S3150100A5E0FFFF754A063F35490000513F000819290A
S3150100A5F080057148E0001D4A3CE8594A000E754A3B
S3150100A600043F700A98007F8000207D400026754A2D
S3150100A610FFFF754A063F35490000513F00081929D9
S3150100A62080067148E0001D4A3CE8594A0010754A07
S3150100A630043F700A98007F8000207D400026754AFD
S3150100A640FFFF754A063F35490000197F801853EB15
S3150100A650FFFC03310004182106F0D3F1011F712814
S3150100A660E0001D293CE859490006754A043F194A8C
S3150100A6708001754A043F5D4900067128E0001D29E5
S3150100A6803CE8592900067529043F7009A8017F8015
S3150100A69000207D2000267529E0077D2801207A010A
S3150100A6A000147128E0001D293CE8714000005D4955
S3150100A6B000067128E0001D293CE859490008754A41
S3150100A6C0043F194A8001754A043F5D490008712813
S3150100A6D0E0001D293CE8592900087529043F700945
S3150100A6E0A8097F8000207D2000267529E0077D28A6
S3150100A6F001207A0100147128E0001D293CE871400F
S3150100A70000005D4900087128E0001D293CE859490F
S3150100A710000A754A043F194A8001754A043F5D499A
S3150100A720000A7128E0001D293CE85929000A75290B
S3150100A730043F7009A8137F8000207D20002675291B
S3150100A740E0077D2801207A0100147128E0001D2907
S3150100A7503CE8714000005D49000A7128E0001D29AE
S3150100A7603CE85949000C754A043F194A8001754A6B
S3150100A770043F5D49000C7128E0001D293CE8592978
S3150100A780000C7529043F7009A8637F8000207D2095
S3150100A79000267529E0077D2801207A010014712819
S3150100A7A0E0001D293CE8714000005D49000C71285C
S3150100A7B0E0001D293CE85949000E754A043F194A33
S3150100A7C08001754A043F5D49000E7128E0001D298C
S3150100A7D03CE85929000E7529043F7009A8C77F80F6
S3150100A7E000207D2000267529E0077D2801207A01B9
S3150100A7F000147128E0001D293CE8714000005D4904
S3150100A800000E7128E0001D293CE859490010754ADF
S3150100A810043F194A8001754A043F5D4900107128B9
S3150100A820E0001D293CE8592900107529043F7009EB
S3150100A830ABE77F8000207D2000267529E0077D2873
S3150100A84001207A0100147128E0001D293CE87140BD
S3150100A85000005D490010197F801053EBFFFC0331A6
S3150100A8600004182106C80080DF011BA1092C011F65
S3150100A8700231549F001CD85FD96F353F0018513FF4
S3150100A8800024512900081929C320700998007F80E6
S3150100A89000207D2000267529E0077D2801207A0207
S3150100A8A00074513F002431490008194AD020354926
S3150100A8B00008513F002431490008715FD7FF715FDD
S3150100A8C0C7C035490008513F0024514900045129A8
S3150100A8D000000313032470A7E78470AFC2E170C8B8
S3150100A8E0E7AE70C2C47B79FF6C2702420231511F69
S3150100A8F000245528000055480004511F00207120EE
S3150100A90000007140000055280000554800047800F9
S3150100A91003A0513F0024512900087D29F4707529AF
S3150100A920063F700998017F8000207D400026754A08
S3150100A930E0077D4801207A120020700998027F8085
S3150100A94000207D2000267529E0077D2801207A1246
S3150100A950008C78000120313F00187529063F7009E7
S3150100A96098007F8000207D2000267529E0077D283C
S3150100A97001207A120064513F002431490008715FB9
S3150100A980D7FF715FC7C035490008513F00245149BF
S3150100A9900004512900000313032470A7E78470AF54
S3150100A9A0C2E170C8E7AE70C2C47B79FF6B63024235
S3150100A9B00231511F00245528000055480004511F3B
S3150100A9C00020712000007140000055280000554804
S3150100A9D00004780002DC780002D8511F002071279C
S3150100A9E0E7F0714000005528000055480004313F4A
S3150100A9F000187529063F700998007F8000207D2088
S3150100AA0000267529E0077D2801207A020064513F5E
S3150100AA10002431490008715FD7FF715FC7C035490E
S3150100AA200008513F00245149000451290000031335
S3150100AA30032470A7E78470AFC2E170C8E7AE70C2A5
S3150100AA40C47B79FF6ACB02420231511F002455288B
S3150100AA50000055480004511F00207120000071407C
S3150100AA60000055280000554800047800024478008B
S3150100AA700240511F0020712000007140000055283E
S3150100AA80000055480004313F00187529063F70093A
S3150100AA9098007F8000207D2000267529E0077D280B
S3150100AAA001207A12004A513F002453A9000053C9DC
S3150100AAB00004507F001C79FF66EB0242023101D38C
S3150100AAC001E40315032679FF70DF0231700998004E
S3150100AAD07F8000207D2000267529E0077D28012042
S3150100AAE07A00000C71200001780000087120000036
S3150100AAF0353F0008313F00087529063F7009980067
S3150100AB007F8000207D2000267529E0077D28012011
S3150100AB107A120064513F002431490008715FD7FF62
S3150100AB20715FC7C035490008513F002451490004EF
S3150100AB30512900000313032470A7E78470AFC2E113
S3150100AB4070C8E7AE70C2C47B79FF69C502420231A3
S3150100AB50511F00245528000055480004511F0020AC
S3150100AB60712000007140000055280000554800047E
S3150100AB707800013C513F002453A9000053C9000449
S3150100AB80507F001C79FF661D0242023101D301E4A8
S3150100AB900315032679FF6FA50231700998007F809E
S3150100ABA000207D2000267529E0077D2801207A10E6
S3150100ABB00048513F002431490008194AC03F715FDE
S3150100ABC0D7FF715FC78035490008511F00207127E3
S3150100ABD0E7F0714000005528000055480004511F58
S3150100ABE000247120000071400000552800005548DE
S3150100ABF00004780000BA513F002453A9000053C94C
S3150100AC000004507F001C79FF659B0242023101D38B
S3150100AC1001E40315032679FF6F8F0231700998004D
S3150100AC207F8000207D2000267529E0077D280120F0
S3150100AC307A00002C313F00187529063F70099800EB
S3150100AC407F8000207D2000267529E0077D280120D0
S3150100AC507A02000C712000017800000871200000C2
S3150100AC60353F0008313F00087529063F70099800F5
S3150100AC707F8000207D2000267529E0077D280120A0
S3150100AC807A12002C513F002431490008194AC03F6D
S3150100AC90194AD04035490008511F0024712000008F
S3150100ACA07140000055280000554800044400197FF2
S3150100ACB08038500B000400901BAB08F403310004EC
S3150100ACC0182106C80080DF011BA1092C011F0231D2
S3150100ACD0549F001CD85FD96F353F0018513F00249F
S3150100ACE0512900081929C320700998007F80002086
S3150100ACF07D2000267529E0077D2801207A0200744F
S3150100AD00513F002431490008194AD020354900082D
S3150100AD10513F002431490008715FD7FF715FC7C0F9
S3150100AD2035490008513F00245149000451290000CA
S3150100AD300313032470A7E78470AFC2E170C8E7AEBE
S3150100AD4070C2C47B79FF67C902420231511F0024D8
S3150100AD505528000055480004511F002071200000AD
S3150100AD60714000005528000055480004780003A0F2
S3150100AD70513F0024512900087D29F4707529063FA9
S3150100AD80700998017F8000207D400026754AE00702
S3150100AD907D4801207A120020700998027F800020E8
S3150100ADA07D2000267529E0077D2801207A12008C76
S3150100ADB078000120313F00187529063F7009980077
S3150100ADC07F8000207D2000267529E0077D2801204F
S3150100ADD07A120064513F002431490008715FD7FFA0
S3150100ADE0715FC7C035490008513F0024514900042D
S3150100ADF0512900000313032470A7E78470AFC2E151
S3150100AE0070C8E7AE70C2C47B79FF670502420231A2
S3150100AE10511F00245528000055480004511F0020E9
S3150100AE2071200000714000005528000055480004BB
S3150100AE30780002DC780002D8511F00207127E7F064
S3150100AE40714000005528000055480004313F0018A4
S3150100AE507529063F700998007F8000207D20002615
S3150100AE607529E0077D2801207A020064513F0024FC
S3150100AE7031490008715FD7FF715FC7C035490008C6
S3150100AE80513F0024514900045129000003130324B2
S3150100AE9070A7E78470AFC2E170C8E7AE70C2C47B29
S3150100AEA079FF666D02420231511F002455280000C8
S3150100AEB055480004511F0020712000007140000018
S3150100AEC055280000554800047800024478000240E5
S3150100AED0511F00207120000071400000552800001C
S3150100AEE055480004313F00187529063F700998003E
S3150100AEF07F8000207D2000267529E0077D2801201E
S3150100AF007A12004A513F002453A9000053C9000494
S3150100AF10507F001C79FF628D0242023101D301E4A8
S3150100AF200315032679FF6C810231700998007F8031
S3150100AF3000207D2000267529E0077D2801207A0062
S3150100AF40000C712000017800000871200000353FD7
S3150100AF500008313F00087529063F700998007F8077
S3150100AF6000207D2000267529E0077D2801207A1220
S3150100AF700064513F002431490008715FD7FF715FBA
S3150100AF80C7C035490008513F0024514900045129E1
S3150100AF9000000313032470A7E78470AFC2E170C8F1
S3150100AFA0E7AE70C2C47B79FF656702420231511F69
S3150100AFB000245528000055480004511F0020712027
S3150100AFC00000714000005528000055480004780033
S3150100AFD0013C513F002453A9000053C90004507F8E
S3150100AFE0001C79FF61BF0242023101D301E403155E
S3150100AFF0032679FF6B470231700998007F80002094
S3150100B0007D2000267529E0077D2801207A10004859
S3150100B010513F002431490008194AC03F715FD7FFEB
S3150100B020715FC78035490008511F00207127E7F07D
S3150100B030714000005528000055480004511F0024A6
S3150100B0407120000071400000552800005548000499
S3150100B050780000BA513F002453A9000053C90004E7
S3150100B060507F001C79FF613D0242023101D301E4A8
S3150100B0700315032679FF6B310231700998007F8031
S3150100B08000207D2000267529E0077D2801207A0011
S3150100B090002C313F00187529063F700998007F8002
S3150100B0A000207D2000267529E0077D2801207A02EF
S3150100B0B0000C712000017800000871200000353F66
S3150100B0C00008313F00087529063F700998007F8006
S3150100B0D000207D2000267529E0077D2801207A12AF
S3150100B0E0002C513F002431490008194AC03F194A32
S3150100B0F0D04035490008511F0024712000007140DD
S3150100B100000055280000554800044400197F803886
S3150100B110500B000400901BAB08F403310004182106
S3150100B12006E0D7F1011F7128E0001D2939385129A0
S3150100B13001DC553F00087128E0001D2939387140AE
S3150100B1400000554901DC7128E0001D2939385129D3
S3150100B150026C1929C302700998007F8000207D20A6
S3150100B16000267529E0077D2801207A1200D671286C
S3150100B170E0001D293938512902687D29A470192951
S3150100B180C0037529063F700998017F8000207D4024
S3150100B1900026754AE0077D4801207A1200207009D1
S3150100B1A098027F8000207D2000267529E0077D28F2
S3150100B1B001207A12004C7800008A7128E0001D29CE
S3150100B1C03938512901DC700998017F8000207D20E2
S3150100B1D000267529E0077D2801207A0200207128C2
S3150100B1E0E0001D493938512A0268710000027509CB
S3150100B1F0A296552A02687800004A7800004671280E
S3150100B200E0001D293938512901DC700998007F8039
S3150100B21000207D2000267529E0077D2801207A027D
S3150100B22000207128E0001D493938512A0268710051
S3150100B23000017509A296552A0268780000044400A7
S3150100B2407128E0001D29393871400002554901DC99
S3150100B2507128E0001D2939385129026C1929C3408A
S3150100B260700998007F8000207D2000267529E0075F
S3150100B2707D2801207A1200D67128E0001D2939386F
S3150100B280512902687D29D4701929C0037529063F01
S3150100B290700998017F8000207D400026754AE007ED
S3150100B2A07D4801207A120020700998027F800020D3
S3150100B2B07D2000267529E0077D2801207A12004CA1
S3150100B2C07800008A7128E0001D293938512901DCEE
S3150100B2D0700998037F8000207D2000267529E007EC
S3150100B2E07D2801207A0200207128E0001D493938A5
S3150100B2F0512A0268710000027509D10A552A0268AD
S3150100B3007800004A780000467128E0001D29393886
S3150100B310512901DC700998027F8000207D200026DA
S3150100B3207529E0077D2801207A0200207128E000B6
S3150100B3301D493938512A0268710000017509D10A7F
S3150100B340552A02687800000444007128E0001D298E
S3150100B35039387140000C554901DC7128E0001D297E
S3150100B36039385129026C1929C320700998007F8048
S3150100B37000207D2000267529E0077D2801207A120C
S3150100B38000D67128E0001D293938512902687D2926
S3150100B390C4701929C0037529063F700998017F8079
S3150100B3A000207D400026754AE0077D4801207A127B
S3150100B3B00020700998027F8000207D2000267529D3
S3150100B3C0E0077D2801207A12004C7800008A712856
S3150100B3D0E0001D293938512901DC7009980D7F805B
S3150100B3E000207D2000267529E0077D2801207A02AC
S3150100B3F000207128E0001D493938512A0268710080
S3150100B40000027509C18E552A02687800004A780043
S3150100B41000467128E0001D293938512901DC7009DF
S3150100B420980C7F8000207D2000267529E0077D2865
S3150100B43001207A0200207128E0001D493938512A7D
S3150100B4400268710000017509C18E552A02687800EB
S3150100B450000444007128E0001D29393871400006B6
S3150100B460554901DC7128E0001D2939385129026C42
S3150100B4701929C301700998007F8000207D200026CC
S3150100B4807529E0077D2801207A1200D67128E0008F
S3150100B4901D293938512902687D2994701929C0035B
S3150100B4A07529063F700998017F8000207D4000269E
S3150100B4B0754AE0077D4801207A120020700998023A
S3150100B4C07F8000207D2000267529E0077D28012048
S3150100B4D07A12004C7800008A7128E0001D2939385B
S3150100B4E0512901DC700998077F8000207D20002604
S3150100B4F07529E0077D2801207A0200207128E000E5
S3150100B5001D493938512A0268710000027509931ADA
S3150100B510552A02687800004A780000467128E00042
S3150100B5201D293938512901DC700998067F800020D0
S3150100B5307D2000267529E0077D2801207A0200205A
S3150100B5407128E0001D493938512A0268710000014D
S3150100B5507509931A552A0268780000044400712877
S3150100B560E0001D29393871400008554901DC712870
S3150100B570E0001D2939385129026C1929C280700948
S3150100B58098007F8000207D2000267529E0077D2810
S3150100B59001207A1200D67128E0001D293938512977
S3150100B5A002687D2984701929C0037529063F70092F
S3150100B5B098017F8000207D400026754AE0077D487E
S3150100B5C001207A120020700998027F8000207D20D8
S3150100B5D000267529E0077D2801207A12004C7800A3
S3150100B5E0008A7128E0001D293938512901DC7009CA
S3150100B5F098097F8000207D2000267529E0077D2897
S3150100B60001207A0200207128E0001D493938512AAB
S3150100B6100268710000027509839E552A0268780046
S3150100B620004A780000467128E0001D293938512961
S3150100B63001DC700998087F8000207D20002675298D
S3150100B640E0077D2801207A0200207128E0001D49CB
S3150100B6503938512A0268710000017509839E552AFD
S3150100B66002687800000444007128E0001D29393879
S3150100B6707140000E554901DC7128E0001D29393859
S3150100B6805129026C1929C310700998007F80002086
S3150100B6907D2000267529E0077D2801207A1200D633
S3150100B6A07128E0001D293938512902687D29B470B5
S3150100B6B01929C0037529063F700998017F8000206A
S3150100B6C07D400026754AE0077D4801207A12002058
S3150100B6D0700998027F8000207D2000267529E007E9
S3150100B6E07D2801207A12004C7800008A7128E0003A
S3150100B6F01D293938512901DC7009980F7F800020F6
S3150100B7007D2000267529E0077D2801207A02002088
S3150100B7107128E0001D493938512A0268710000027A
S3150100B7207509B212552A02687800004A7800004667
S3150100B7307128E0001D293938512901DC7009980E5C
S3150100B7407F8000207D2000267529E0077D280120C5
S3150100B7507A0200207128E0001D493938512A026811
S3150100B760710000017509B212552A026878000004B9
S3150100B77044007128E0001D293938515F00085549F8
S3150100B78001DC7128E0001D093D00712000007140B7
S3150100B7900000552802D8554802DC197F802053EB5A
S3150100B7A0FFFC03310004182106C80080DF01DDF12A
S3150100B7B0011FD63FD74FD85FD96FDA7F7128E000D6
S3150100B7C01D293938512902647D29E4707529063FFE
S3150100B7D07009A8087F8000207D400026754AE00791
S3150100B7E07D4801207A1109EA7D2A10707120E10352
S3150100B7F01D29A4E87D2A4A14514900007120E1035C
S3150100B8001D29A4E87D2A4A147D2903A6000671286C
S3150100B810E0001D293938312902897529063F700949
S3150100B820A8637F8000207D2000267529E0077D28FA
S3150100B83001207A01015A7128E0001D293938512960
S3150100B84001DC553F00087128E0001D293938714097
S3150100B8500005554901DC7128E0001D2939385129B7
S3150100B860026C1929C380700998007F8000207D2011
S3150100B87000267529E0077D2801207A1200D6712855
S3150100B880E0001D293938512902687D29E4701929FA
S3150100B890C0037529063F700998017F8000207D400D
S3150100B8A00026754AE0077D4801207A1200207009BA
S3150100B8B098027F8000207D2000267529E0077D28DB
S3150100B8C001207A12004C7800008A7128E0001D29B7
S3150100B8D03938512901DC700998057F8000207D20C7
S3150100B8E000267529E0077D2801207A0200207128AB
S3150100B8F0E0001D493938512A0268710000027509B4
S3150100B900E086552A02687800004A780000467128C8
S3150100B910E0001D293938512901DC700998047F801E
S3150100B92000207D2000267529E0077D2801207A0266
S3150100B93000207128E0001D493938512A026871003A
S3150100B94000017509E086552A026878000004440062
S3150100B9507128E0001D293938515F0008554901DC7D
S3150100B9607128E0001D493938512A02647100000727
S3150100B9707509E006552A02647128E0001D29393847
S3150100B98071400000354902897800019E513F001C33
S3150100B990312900007529063F700998007F80002033
S3150100B9A07D2000267529E0077D2801207A12004CAA
S3150100B9B07128E0003129114A7529063F700998005E
S3150100B9C07F8000207D2000267529E0077D28012043
S3150100B9D07A1200287128E000312911387529063FAD
S3150100B9E0700998007F8000207D2000267529E007D8
S3150100B9F07D2801207A02000C7120000178000008E0
S3150100BA0071200000353F000C313F000C7529063FBF
S3150100BA10700998007F8000207D2000267529E007A7
S3150100BA207D2801207A1200207128E0001D4939384D
S3150100BA30512A0264710000067509E006552A02645E
S3150100BA40780000E6513F00185149000451290000D1
S3150100BA50031303244805480679FF5F9D02317009E7
S3150100BA6098007F8000207D2000267529E0077D282B
S3150100BA7001207A120068513F0020514900045129E2
S3150100BA800000031303244805480679FF5F6B023162
S3150100BA90700998007F8000207D2000267529E00727
S3150100BAA07D2801207A120036513F002451490004B5
S3150100BAB051290000031303244805480679FF5F391D
S3150100BAC00231700998007F8000207D2000267529AB
S3150100BAD0E0077D2801207A02000C71200001780020
S3150100BAE0000871200000353F000C313F000C75291C
S3150100BAF0063F700998007F8000207D200026752969
S3150100BB00E0077D2801207A1200207128E0001D49F6
S3150100BB103938512A0264710000037509E006552A75
S3150100BB200264780006AC780006A87128E0001D09B9
S3150100BB303D007127E7F071400000552802D85548AD
S3150100BB4002DC7128E0001D2939383129028975295D
S3150100BB50063F7009A8097F8000207D2000267529EF
S3150100BB60E0077D2801207A0100247128E0001D49A3
S3150100BB703938512A0264710000087509E006552A10
S3150100BB80026479FFF59D780006487800064471281D
S3150100BB90E0001D493938512A02647100000875090F
S3150100BBA0E006552A026479FFF579780006247128A2
S3150100BBB0E0001D493938512A0264710000087509EF
S3150100BBC0E006552A026479FFF55978000604513FCB
S3150100BBD000185149000451290000031303244805A4
S3150100BBE0480679FF5E130231700998007F800020B4
S3150100BBF07D2000267529E0077D2801207A1200683C
S3150100BC00513F002051490004512900000313032428
S3150100BC104805480679FF5DE10231700998007F8089
S3150100BC2000207D2000267529E0077D2801207A1253
S3150100BC300036513F002451490004512900000313E5
S3150100BC4003244805480679FF5DAF02317009980063
S3150100BC507F8000207D2000267529E0077D280120B0
S3150100BC607A02000C712000017800000871200000A2
S3150100BC70353F000C313F000C7529063F70099800CD
S3150100BC807F8000207D2000267529E0077D28012080
S3150100BC907A1200207128E0001D493938512A0264C0
S3150100BCA0710000047509E006552A02647800052230
S3150100BCB07800051E513F002051490004512900001A
S3150100BCC0031303244805480679FF5D2D02317009E7
S3150100BCD098007F8000207D2000267529E0077D28B9
S3150100BCE001207A120068513F00245149000451296C
S3150100BCF00000031303244805480679FF5CFB023163
S3150100BD00700998007F8000207D2000267529E007B4
S3150100BD107D2801207A120036513F0018514900044E
S3150100BD2051290000031303244805480679FF5CC91D
S3150100BD300231700998007F8000207D200026752938
S3150100BD40E0077D2801207A02000C712000017800AD
S3150100BD50000871200000353F000C313F000C7529A9
S3150100BD60063F700998007F8000207D2000267529F6
S3150100BD70E0077D2801207A1200247128E0001D4980
S3150100BD803938512A0264710000087509E006552AFE
S3150100BD90026479FFF38D780001CA513F001C3129F5
S3150100BDA000007529063F700998007F8000207D20DC
S3150100BDB000267529E0077D2801207A120152712893
S3150100BDC0E0003129114A7529063F700998007F80E4
S3150100BDD000207D2000267529E0077D2801207A12A2
S3150100BDE0012E7128E000312911387529063F7009A5
S3150100BDF098007F8000207D2000267529E0077D2898
S3150100BE0001207A12010A513F0018514900045129B3
S3150100BE100000031303244805480679FF5C470231F5
S3150100BE20700998007F8000207D2000267529E00793
S3150100BE307D2801207A1200D8513F00205149000483
S3150100BE4051290000031303244805480679FF5C15B0
S3150100BE500231700998007F8000207D200026752917
S3150100BE60E0077D2801207A1200A6513F002451499E
S3150100BE70000451290000031303244805480679FFED
S3150100BE805BE30231700998007F8000207D20002647
S3150100BE907529E0077D2801207A120074513F002898
S3150100BEA0514900045129000003130324480548069B
S3150100BEB079FF5BB10231700998007F8000207D20F7
S3150100BEC000267529E0077D2801207A120042712893
S3150100BED0E0001D293D00514902D4512902D0031326
S3150100BEE003244805480679FF5B7B023170099800F7
S3150100BEF07F8000207D2000267529E0077D2801200E
S3150100BF007A12000C712000017800000871200000EF
S3150100BF10353F000C313F000C7529063F700998002A
S3150100BF207F8000207D2000267529E0077D280120DD
S3150100BF307A1200307128E0001D493938512A02640D
S3150100BF40710000017509E006552A02647128E000B6
S3150100BF501D2939387140000035490289780002727D
S3150100BF607800026E7128E0001D29393831290289CD
S3150100BF707529063F7009A8F97F8000207D200026DB
S3150100BF807529E0077D2801207A01014A7128E00020
S3150100BF901D293938512901DC553F00087128E00077
S3150100BFA01D29393871400004554901DC7128E0002A
S3150100BFB01D2939385129026C1929C3807009980045
S3150100BFC07F8000207D2000267529E0077D2801203D
S3150100BFD07A1200D67128E0001D29393851290268E4
S3150100BFE07D29E4701929C0037529063F7009980156
S3150100BFF07F8000207D400026754AE0077D480120AC
S3150100C0007A120020700998027F8000207D20002688
S3150100C0107529E0077D2801207A12004C7800008AF4
S3150100C0207128E0001D293938512901DC700998056C
S3150100C0307F8000207D2000267529E0077D280120CC
S3150100C0407A0200207128E0001D493938512A026818
S3150100C050710000027509E086552A02687800004AD7
S3150100C060780000467128E0001D293938512901DC84
S3150100C070700998047F8000207D2000267529E0073D
S3150100C0807D2801207A0200207128E0001D493938F7
S3150100C090512A0268710000017509E086552A026875
S3150100C0A07800000444007128E0001D293938515FE9
S3150100C0B00008554901DC7128E0001D493938512A2B
S3150100C0C00264710000057509E006552A02647800CC
S3150100C0D00100780000FC7128E0001D093D00712077
S3150100C0E0000071400000552802D8554802DC513F36
S3150100C0F00020514900045129000003130324480577
S3150100C100480679FF595F0231700998007F80002047
S3150100C1107D2000267529E0077D2801207A1200700E
S3150100C120513F0024514900045129000003130324FF
S3150100C1304805480679FF592D0231700998007F801C
S3150100C14000207D2000267529E0077D2801207A122E
S3150100C150003E513F001851490004512900000313C4
S3150100C16003244805480679FF58FB023170099800F7
S3150100C1707F8000207D2000267529E0077D2801208B
S3150100C1807A12000C7120000178000008712000006D
S3150100C190353F000C313F000C7529063F70099800A8
S3150100C1A07F8000207D2000267529E0077D2801205B
S3150100C1B07A12001C7128E0001D493938512A02649F
S3150100C1C0710000067509E006552A02644400197FCC
S3150100C1D08038500B0004009053EBFFFC0331000440
S3150100C1E0182106C80080DF01DDF1011FD63FD74FB8
S3150100C1F0D85FD96FDA7F551F002C7128E0001D2901
S3150100C2003938512902647D29C4701929C00F75294D
S3150100C210063F7009A80A7F8000207D400026754AE6
S3150100C220E0077D4801207A110C1C7D2A10707120CF
S3150100C230E1031D29A50C7D2A4A14514900007120EC
S3150100C240E1031D29A50C7D2A4A147D2903A60006B2
S3150100C250513F0020312900007529063F70099800D9
S3150100C2607F8000207D2000267529E0077D2801209A
S3150100C2707A1200547128E0003129114A7529063FC6
S3150100C280700998007F8000207D2000267529E0072F
S3150100C2907D2801207A1200307128E00031291138F9
S3150100C2A07529063F700998007F8000207D200026B1
S3150100C2B07529E0077D2801207A12000C7120000102
S3150100C2C07800000871200000353F0008313F000862
S3150100C2D07529063F700998007F8000207D20002681
S3150100C2E07529E0077D2801207A1200307128E000C7
S3150100C2F01D493938512A0264710000087509C10EB9
S3150100C300552A02647128E0001D2939387140000060
S3150100C3105D49027478000B2E78000B2A7128E00023
S3150100C3201D293938592902747529043F7009A863F2
S3150100C3307F8000207D2000267529E0077D280120C9
S3150100C3407A010070513F001C514900045129000037
S3150100C350031303244805480679FF5709023170097A
S3150100C36098007F8000207D2000267529E0077D2822
S3150100C37001207A12003E513F00185149000451290B
S3150100C3800000031303244805480679FF56D70231F6
S3150100C390700998007F8000207D2000267529E0071E
S3150100C3A07D2801207A12000C712000017800000816
S3150100C3B071200000353F0008313F00087529063F0E
S3150100C3C0700998007F8000207D2000267529E007EE
S3150100C3D07D2801207A12015A7128E0001D49393859
S3150100C3E0512A0264710000047509C10E552A0264BE
S3150100C3F07128E0001D293938714000005D49027439
S3150100C4007128E0001D293938512901DC553F000CFE
S3150100C4107128E0001D2939387140000D554901DCAC
S3150100C4207128E0001D2939385129026C1929C320C8
S3150100C430700998007F8000207D2000267529E0077D
S3150100C4407D2801207A1200D67128E0001D2939388D
S3150100C450512902687D29C4701929C0037529063F2F
S3150100C460700998017F8000207D400026754AE0070B
S3150100C4707D4801207A120020700998027F800020F1
S3150100C4807D2000267529E0077D2801207A12004CBF
S3150100C4907800008A7128E0001D293938512901DC0C
S3150100C4A07009980D7F8000207D2000267529E00700
S3150100C4B07D2801207A0200207128E0001D493938C3
S3150100C4C0512A0268710000027509C18E552A026857
S3150100C4D07800004A780000467128E0001D293938A5
S3150100C4E0512901DC7009980C7F8000207D200026EF
S3150100C4F07529E0077D2801207A0200207128E000D5
S3150100C5001D493938512A0268710000017509C18E29
S3150100C510552A02687800000444007128E0001D29AC
S3150100C5203938515F000C554901DC7800091878004B
S3150100C53009147128E0001D29393859290274752911
S3150100C540043F7009A8637F8000207D20002675299D
S3150100C550E0077D2801207A01015A7128E0001D4972
S3150100C5603938512A0264710000067509C10E552A2F
S3150100C57002647128E0001D293938714000005D49C7
S3150100C58002747128E0001D293938512901DC553F13
S3150100C590000C7128E0001D29393871400007554902
S3150100C5A001DC7128E0001D2939385129026C19294D
S3150100C5B0C301700998007F8000207D20002675291F
S3150100C5C0E0077D2801207A1200D67128E0001D2996
S3150100C5D03938512902687D2994701929C0037529B2
S3150100C5E0063F700998017F8000207D400026754A2C
S3150100C5F0E0077D4801207A120020700998027F80A9
S3150100C60000207D2000267529E0077D2801207A1269
S3150100C610004C7800008A7128E0001D29393851291B
S3150100C62001DC700998077F8000207D20002675298E
S3150100C630E0077D2801207A0200207128E0001D49CB
S3150100C6403938512A0268710000027509931A552A70
S3150100C65002687800004A780000467128E0001D292A
S3150100C6603938512901DC700998067F8000207D2028
S3150100C67000267529E0077D2801207A02002071280D
S3150100C680E0001D493938512A026871000001750917
S3150100C690931A552A02687800000444007128E000C4
S3150100C6A01D293938515F000C554901DC7800079680
S3150100C6B0780007927128E0001D293938592902743A
S3150100C6C07529043F7009A8637F8000207D2000261C
S3150100C6D07529E0077D2801207A0100307128E000E4
S3150100C6E01D493938512A0264710000037509C10ECA
S3150100C6F0552A02647128E0001D293938714000006D
S3150100C7005D4902747800073E7800073A7128E00017
S3150100C7101D293938592902747529043F7009A9F36D
S3150100C7207F8000207D2000267529E0077D280120D5
S3150100C7307A01015A7128E0001D493938512A0264EB
S3150100C740710000077509C10E552A02647128E000BF
S3150100C7501D293938714000005D4902747128E000D5
S3150100C7601D293938512901DC553F000C7128E0009B
S3150100C7701D29393871400009554901DC7128E0004D
S3150100C7801D2939385129026C1929C280700998006E
S3150100C7907F8000207D2000267529E0077D28012065
S3150100C7A07A1200D67128E0001D293938512902680C
S3150100C7B07D2984701929C0037529063F70099801DE
S3150100C7C07F8000207D400026754AE0077D480120D4
S3150100C7D07A120020700998027F8000207D200026B1
S3150100C7E07529E0077D2801207A12004C7800008A1D
S3150100C7F07128E0001D293938512901DC7009980991
S3150100C8007F8000207D2000267529E0077D280120F4
S3150100C8107A0200207128E0001D493938512A026840
S3150100C820710000027509839E552A02687800004A44
S3150100C830780000467128E0001D293938512901DCAC
S3150100C840700998087F8000207D2000267529E00761
S3150100C8507D2801207A0200207128E0001D4939381F
S3150100C860512A0268710000017509839E552A0268E2
S3150100C8707800000444007128E0001D293938515F11
S3150100C880000C554901DC780005BC780005B8712813
S3150100C890E0001D293938592902747529043F7009A8
S3150100C8A0A8637F8000207D2000267529E0077D286A
S3150100C8B001207A0100307128E0001D493938512ADA
S3150100C8C00264710000097509C10E552A02647128B6
S3150100C8D0E0001D293938714000005D490274780075
S3150100C8E00564780005607128E0001D293938592949
S3150100C8F002747529043F7009A8317F8000207D20CC
S3150100C90000267529E0077D2801207A01015A712840
S3150100C910E0001D293938512901DC553F000C7128E9
S3150100C920E0001D29393871400003554901DC7128A1
S3150100C930E0001D2939385129026C1929C3407009B3
S3150100C94098007F8000207D2000267529E0077D283C
S3150100C95001207A1200D67128E0001D2939385129A3
S3150100C96002687D29D4701929C0037529063F70090B
S3150100C97098017F8000207D400026754AE0077D48AA
S3150100C98001207A120020700998027F8000207D2004
S3150100C99000267529E0077D2801207A12004C7800CF
S3150100C9A0008A7128E0001D293938512901DC7009F6
S3150100C9B098037F8000207D2000267529E0077D28C9
S3150100C9C001207A0200207128E0001D493938512AD8
S3150100C9D00268710000027509D10A552A02687800B9
S3150100C9E0004A780000467128E0001D29393851298E
S3150100C9F001DC700998027F8000207D2000267529C0
S3150100CA00E0077D2801207A0200207128E0001D49F7
S3150100CA103938512A0268710000017509D10A552A6F
S3150100CA2002687800000444007128E0001D293938A5
S3150100CA30515F000C554901DC7128E0001D49393868
S3150100CA40512A0264710000057509C10E552A026456
S3150100CA507128E0001D293938714000005D490274D2
S3150100CA60780003E2780003DE7128E0001D293938D9
S3150100CA70592902747529043F7009AB1F7F80002074
S3150100CA807D2000267529E0077D2801207A0100D83E
S3150100CA90513F002451490004512900000313032486
S3150100CAA04805480679FF4FBD0231700998007F801D
S3150100CAB000207D2000267529E0077D2801207A12B5
S3150100CAC000A6513F002851490004512900000313D3
S3150100CAD003244805480679FF4F8B023170099800F7
S3150100CAE07F8000207D2000267529E0077D28012012
S3150100CAF07A120074513F002C51490004512900005B
S3150100CB00031303244805480679FF4F59023170097A
S3150100CB1098007F8000207D2000267529E0077D286A
S3150100CB2001207A1200427128E0001D293D00514979
S3150100CB3002D4512902D0031303244805480679FF7C
S3150100CB404F230231700998007F8000207D20002646
S3150100CB507529E0077D2801207A12000C7120000159
S3150100CB607800000871200000353F0008313F0008B9
S3150100CB707529063F700998007F8000207D200026D8
S3150100CB807529E0077D2801207A12014A7128E00003
S3150100CB901D493938512A0264710000027509C10E16
S3150100CBA0552A02647128E0001D293938512901DC12
S3150100CBB0553F000C7128E0001D2939387140000FDE
S3150100CBC0554901DC7128E0001D2939385129026CCB
S3150100CBD01929C310700998007F8000207D20002646
S3150100CBE07529E0077D2801207A1200D67128E00018
S3150100CBF01D293938512902687D29B4701929C003C4
S3150100CC007529063F700998017F8000207D40002626
S3150100CC10754AE0077D4801207A12002070099802C2
S3150100CC207F8000207D2000267529E0077D280120D0
S3150100CC307A12004C7800008A7128E0001D293938E3
S3150100CC40512901DC7009980F7F8000207D20002684
S3150100CC507529E0077D2801207A0200207128E0006D
S3150100CC601D493938512A0268710000027509B2124C
S3150100CC70552A02687800004A780000467128E000CB
S3150100CC801D293938512901DC7009980E7F80002051
S3150100CC907D2000267529E0077D2801207A020020E3
S3150100CCA07128E0001D493938512A026871000001D6
S3150100CCB07509B212552A02687800000444007128E9
S3150100CCC0E0001D293938515F000C554901DC780017
S3150100CCD00174780001707128E0001D29393859293D
S3150100CCE002747529043F7009A9F37F8000207D2015
S3150100CCF000267529E0077D2801207A010146712861
S3150100CD00E0001D493938512A026471000001750994
S3150100CD10C10E552A02647128E0001D2939385129AE
S3150100CD2001DC553F000C7128E0001D29393871409E
S3150100CD300001554901DC7128E0001D2939385129C6
S3150100CD40026C1929C302700998007F8000207D209A
S3150100CD5000267529E0077D2801207A1200D6712860
S3150100CD60E0001D293938512902687D29A470192945
S3150100CD70C0037529063F700998017F8000207D4018
S3150100CD800026754AE0077D4801207A1200207009C5
S3150100CD9098027F8000207D2000267529E0077D28E6
S3150100CDA001207A12004C7800008A7128E0001D29C2
S3150100CDB03938512901DC700998017F8000207D20D6
S3150100CDC000267529E0077D2801207A0200207128B6
S3150100CDD0E0001D493938512A0268710000027509BF
S3150100CDE0A296552A02687800004A78000046712802
S3150100CDF0E0001D293938512901DC700998007F802E
S3150100CE0000207D2000267529E0077D2801207A0271
S3150100CE1000207128E0001D493938512A0268710045
S3150100CE2000017509A296552A02687800000444009B
S3150100CE307128E0001D293938515F000C554901DC84
S3150100CE404400197F8038500B0004009053EBFFFC1F
S3150100CE5003310004182106F00080D501D3F1011F2A
S3150100CE6079FFD7F7197F8010500B0004009053EB20
S3150100CE70FFFC03310004182106F00080D501D3F12F
S3150100CE80011F79FF8B8B79FF7521197F8010500B5C
S3150100CE900004009053EBFFFC03310004182106F057
S3150100CEA00080D501D3F1011F480379FF88E9197F75
S3150100CEB08010500B0004009053EBFFFC033100047B
S3150100CEC0701E7E207C21016E0080540109E45761A9
S3150100CED009CC578109D057A109D457C109D857E1BF
S3150100CEE009DC011F480348B479FFBDF50231752AF3
S3150100CEF0043F7128E0001D293D005D4903524E3370
S3150100CF0079FF74D50231752A063F7128E0001D2983
S3150100CF103D00354903FA7128E0001D293D003129FC
S3150100CF2003FA7529063F700998007F8000207D204D
S3150100CF3000267529FFFF7529063F353F000C313F55
S3150100CF40000C7529063F03137087E5E17088C7AEAB
S3150100CF507128E0001CA912207128E0001CC93CB808
S3150100CF6079FFDD614AD379FF746F0231752A063F75
S3150100CF707128E0001D293D00354903FB7128E000B9
S3150100CF801D293938512902681929C00470099800E8
S3150100CF907F8000207D2000267529E0077D2801205D
S3150100CFA07A02008C7128E0001D493938512A02683D
S3150100CFB0710000017509177A552A02687128E00087
S3150100CFC01D493938512A0268710000037509F002BA
S3150100CFD0552A02687128E0001D293938514900A4F3
S3150100CFE0512900A00313032470A7E78470AFC2E19F
S3150100CFF070C8E7AE70C2C47B79FF451502420231A3
S3150100D0007108E0001D083938552800A0554800A4CC
S3150100D0107128E0001D0913587120000071400000BD
S3150100D0205528000055480004780004147128E000D2
S3150100D0301D293938512902687D29F4707529063F61
S3150100D040700998017F8000207D400026754AE0071F
S3150100D0507D4801207A120020700998027F80002005
S3150100D0607D2000267529E0077D2801207A1200A47B
S3150100D070780001547128E0001D293D00312903FB88
S3150100D0807529063F700998007F8000207D200026C3
S3150100D0907529E0077D2801207A0200747128E000D5
S3150100D0A01D493938512A0268710000037509F002D9
S3150100D0B0552A02687128E0001D293938514900A412
S3150100D0C0512900A00313032470A7E78470AFC2E1BE
S3150100D0D070C8E7AE70C2C47B79FF443502420231A3
S3150100D0E07108E0001D083938552800A0554800A4EC
S3150100D0F07128E0001D0913587120000071400000DD
S3150100D10055280000554800047800033478000330A0
S3150100D1107128E0001D0913587127E7F071400000DE
S3150100D12055280000554800047128E0001D293D00DE
S3150100D130312903FB7529063F700998007F8000207D
S3150100D1407D2000267529E0077D2801207A120074CA
S3150100D1507128E0001D493938512A0268710000031F
S3150100D1607509F002552A02687128E0001D2939382F
S3150100D170514900A4512900A00313032470A7E78491
S3150100D18070AFC2E170C8E7AE70C2C47B79FF43815C
S3150100D190024202317108E0001D083938552800A005
S3150100D1A0554800A47128E0001D091358712000009C
S3150100D1B0714000005528000055480004780002809F
S3150100D1C07800027C7128E0001D09135871200000C7
S3150100D1D07140000055280000554800047128E00000
S3150100D1E01D293D00312903FB7529063F7009980069
S3150100D1F07F8000207D2000267529E0077D280120FB
S3150100D2007A02004A7128E0001D293938514900A4E3
S3150100D210512900A00313032470A7E7BC70A5C0F52C
S3150100D22070D8E00079FF49810231700998007F804A
S3150100D23000207D2000267529E0077D2801207A003F
S3150100D240000C71200001780000087120000075298A
S3150100D250063F353F090E313F090E7529063F700914
S3150100D26098007F8000207D2000267529E0077D2813
S3150100D27001207A1200747128E0001D493938512ABB
S3150100D2800268710000037509F002552A02687128C7
S3150100D290E0001D293938514900A4512900A0031382
S3150100D2A0032470A7E78470AFC2E170C8E7AE70C20D
S3150100D2B0C47B79FF425B024202317108E0001D081E
S3150100D2C03938552800A0554800A47128E0001D09E9
S3150100D2D01358712000007140000055280000554880
S3150100D2E00004780001587128E0001D293938514998
S3150100D2F000A4512900A00313032470A7E7BC70A55D
S3150100D300C0F570D8E00079FF483302317009980002
S3150100D3107F8000207D2000267529E0077D280120D9
S3150100D3207A1000507128E0001D493938512A0268E7
S3150100D330710000027509F002552A02687128E000A1
S3150100D3401D0913587127E7F07140000055280000A8
S3150100D350554800047128E0001D0939387120000084
S3150100D36071400000552800A0554800A4780000CE61
S3150100D3707128E0001D293938514900A4512900A01E
S3150100D3800313032470A7E7BC70A5C0F570D8E000AD
S3150100D39079FF48150231700998007F8000207D20B1
S3150100D3A000267529E0077D2801207A0000347128BE
S3150100D3B0E0001D293D00312903FB7529063F70094F
S3150100D3C098007F8000207D2000267529E0077D28B2
S3150100D3D001207A12000C71200001780000087120EA
S3150100D3E00000353F016A313F016A7529063F700920
S3150100D3F098007F8000207D2000267529E0077D2882
S3150100D40001207A1200387128E0001D493938512A65
S3150100D4100268710000017509F002552A0268712837
S3150100D420E0001D09393871200000714000005528BF
S3150100D43000A0554800A47800000444004DC379FFBC
S3150100D4406F970231752A063F7128E0001D293D00BC
S3150100D450354903FC7060009879FF6F7D0231752AAA
S3150100D460063F7128E000354913484BE379FF6F69A0
S3150100D4700231752A063F7128E0001D293D00354914
S3150100D48003FD7128E0001D2939385129026819293F
S3150100D490C008700998007F8000207D20002675292C
S3150100D4A0E0077D2801207A02008C7128E0001D49E1
S3150100D4B03938512A02687100000175091F38552A49
S3150100D4C002687128E0001D493938512A0264710049
S3150100D4D0000375090F7C552A02647128E0001D2995
S3150100D4E039385149009C512900980313032470A728
S3150100D4F0E78470AFC2E170C8E7AE70C2C47B79FF42
S3150100D500400F024202317108E0001D0839385528E2
S3150100D51000985548009C7128E0001D093D007120C6
S3150100D520000071400000552802185548021C780079
S3150100D53004187128E0001D293938512902647D2912
S3150100D5400C701929C0037529063F700998017F805F
S3150100D55000207D400026754AE0077D4801207A12A9
S3150100D5600020700998027F8000207D200026752901
S3150100D570E0077D2801207A1200A478000154712861
S3150100D580E0001D293D00312903FD7529063F70097B
S3150100D59098007F8000207D2000267529E0077D28E0
S3150100D5A001207A0200747128E0001D493938512A98
S3150100D5B002647100000375090F7C552A0264712803
S3150100D5C0E0001D2939385149009C5129009803135F
S3150100D5D0032470A7E78470AFC2E170C8E7AE70C2DA
S3150100D5E0C47B79FF3F2B024202317108E0001D081E
S3150100D5F03938552800985548009C7128E0001D09C6
S3150100D6003D00712000007140000055280218554860
S3150100D610021C78000334780003307128E0001D09EC
S3150100D6203D007127E7F07140000055280218554862
S3150100D630021C7128E0001D293D00312903FD7529D1
S3150100D640063F700998007F8000207D2000267529FD
S3150100D650E0077D2801207A1200747128E0001D4937
S3150100D6603938512A02647100000375090F7C552A65
S3150100D67002647128E0001D2939385149009C51295D
S3150100D68000980313032470A7E78470AFC2E170C842
S3150100D690E7AE70C2C47B79FF3E7702420231710860
S3150100D6A0E0001D083938552800985548009C712816
S3150100D6B0E0001D093D007120000071400000552861
S3150100D6C002185548021C780002807800027C7128F5
S3150100D6D0E0001D093D007120000071400000552841
S3150100D6E002185548021C7128E0001D293D00312908
S3150100D6F003FD7529063F700998007F8000207D2073
S3150100D70000267529E0077D2801207A02004A712842
S3150100D710E0001D2939385149009C5129009803130D
S3150100D720032470A7E7BC70A5C0F570D8E00079FFA7
S3150100D73044770231700998007F8000207D20002601
S3150100D7407529E0077D2801207A00000C712000016F
S3150100D75078000008712000007529063F353F090E43
S3150100D760313F090E7529063F700998007F80002018
S3150100D7707D2000267529E0077D2801207A12007494
S3150100D7807128E0001D493938512A026471000003ED
S3150100D79075090F7C552A02647128E0001D29393864
S3150100D7A05149009C512900980313032470A7E7846B
S3150100D7B070AFC2E170C8E7AE70C2C47B79FF3D515C
S3150100D7C0024202317108E0001D08393855280098D7
S3150100D7D05548009C7128E0001D093D00712000009C
S3150100D7E071400000552802185548021C780001585E
S3150100D7F07128E0001D2939385149009C51290098AA
S3150100D8000313032470A7E7BC70A5C0F570D8E00028
S3150100D81079FF43290231700998007F8000207D201D
S3150100D82000267529E0077D2801207A10005071280D
S3150100D830E0001D493938512A026471000002750958
S3150100D8400F7C552A02647128E0001D093D007127ED
S3150100D850E7F071400000552802185548021C71284E
S3150100D860E0001D093938712000007140000055287B
S3150100D87000985548009C780000CE7128E0001D29CB
S3150100D88039385149009C512900980313032470A784
S3150100D890E7BC70A5C0F570D8E00079FF430B0231F3
S3150100D8A0700998007F8000207D2000267529E007F9
S3150100D8B07D2801207A0000347128E0001D293D00F1
S3150100D8C0312903FD7529063F700998007F800020E4
S3150100D8D07D2000267529E0077D2801207A12000C9B
S3150100D8E0712000017800000871200000353F016AAF
S3150100D8F0313F016A7529063F700998007F80002033
S3150100D9007D2000267529E0077D2801207A1200383E
S3150100D9107128E0001D493938512A0264710000015D
S3150100D92075090F7C552A02647128E0001D093938F2
S3150100D9307120000071400000552800985548009C50
S3150100D9407800000444007128E0001D293D0051497A
S3150100D950021C512902187108E0001D083D005528D6
S3150100D9600200554802047128E00031291348752A3E
S3150100D970063F7128E0001D293D00354903FE712847
S3150100D980E0001D293D00312903FC752A063F712857
S3150100D990E0001D293D00354903FF7128E0001D29DE
S3150100D9A0135851490004512900007108E0001D086F
S3150100D9B03D00552802085548020C7128E0001D2932
S3150100D9C0122051490004512900007108E0001D0888
S3150100D9D03D0055280210554802147128E0001D2902
S3150100D9E03D00592903527529043F7009ADDC7F803A
S3150100D9F000207FDDE8427D2000267529FFFF75297D
S3150100DA00063F7D2A4B787128E00035491148712877
S3150100DA10E00031291148752A063F7128E0001D29C9
S3150100DA203D00354904007120000071400000553F5A
S3150100DA300928555F092C71200000353F016B7128BB
S3150100DA40E0001D293D007141E4FF7158C7EF5549BA
S3150100DA5003107128E0001D293D0071400008354979
S3150100DA60038D1D3F092848034814031579FFA2BBFE
S3150100DA700231752A063F7128E0001D293D0035490E
S3150100DA800384313F016B7529063F195F80087D2AA2
S3150100DA904A1431290920752A063F7128E0001D29FB
S3150100DAA03D0035490385313F016B7529063F19292B
S3150100DAB08001353F016B313F016B7529063F195FC7
S3150100DAC080087D2A4A1431290920752A063F7128C2
S3150100DAD0E0001D293D0035490386313F016B75295B
S3150100DAE0063F19298001353F016B313F016B7529CD
S3150100DAF0063F195F80087D2A4A1431290920752AB3
S3150100DB00063F7128E0001D293D0035490387313F55
S3150100DB10016B7529063F19298001353F016B313F9C
S3150100DB20016B7529063F195F80087D2A4A14312940
S3150100DB300920752A063F7128E0001D293D00354957
S3150100DB400388313F016B7529063F19298001353F4D
S3150100DB50016B313F016B7529063F195F80087D2AEC
S3150100DB604A1431290920752A063F7128E0001D292A
S3150100DB703D0035490389313F016B7529063F192956
S3150100DB808001353F016B313F016B7529063F195FF6
S3150100DB9080087D2A4A1431290920752A063F7128F1
S3150100DBA0E0001D293D003549038A313F016B752986
S3150100DBB0063F19298001353F016B313F016B7529FC
S3150100DBC0063F195F80087D2A4A1431290920752AE2
S3150100DBD0063F7128E0001D293D003549038B313F81
S3150100DBE0016B7529063F19298001353F016B313FCC
S3150100DBF0016B7529063F195F80087D2A4A14312970
S3150100DC000920752A063F7128E0001D293D00354986
S3150100DC10038C313F016B7529063F19298001353F78
S3150100DC20016B7128E0001D293D0031290384752906
S3150100DC30063F700998007F8000207D200026752907
S3150100DC40E0077D2801207A12069A71200000353FEF
S3150100DC50016C7128E0001D293D007140000835491D
S3150100DC6000617128E0001D293D005149031071280A
S3150100DC70E0001D293D00554900647128E0001D2979
S3150100DC803D007140000135490060313F016C752945
S3150100DC90063F7148E0001D4A3D00314A0385754A39
S3150100DCA0063F7108E0001D083D007D284A143549EC
S3150100DCB00070313F016C7529063F19298001353FF6
S3150100DCC0016C313F016C7529063F7148E0001D4A20
S3150100DCD03D00314A0386754A063F7108E0001D087A
S3150100DCE03D007D284A1435490070313F016C752984
S3150100DCF0063F19298001353F016C313F016C7529B9
S3150100DD00063F7148E0001D4A3D00314A0387754AC6
S3150100DD10063F7108E0001D083D007D284A1435497B
S3150100DD200070313F016C7529063F19298001353F85
S3150100DD30016C313F016C7529063F7148E0001D4AAF
S3150100DD403D00314A0388754A063F7108E0001D0807
S3150100DD503D007D284A1435490070313F016C752913
S3150100DD60063F19298001353F016C313F016C752948
S3150100DD70063F7148E0001D4A3D00314A0389754A54
S3150100DD80063F7108E0001D083D007D284A1435490B
S3150100DD900070313F016C7529063F19298001353F15
S3150100DDA0016C313F016C7529063F7148E0001D4A3F
S3150100DDB03D00314A038A754A063F7108E0001D0895
S3150100DDC03D007D284A1435490070313F016C7529A3
S3150100DDD0063F19298001353F016C313F016C7529D8
S3150100DDE0063F7148E0001D4A3D00314A038B754AE2
S3150100DDF0063F7108E0001D083D007D284A1435499B
S3150100DE000070313F016C7529063F19298001353FA4
S3150100DE10016C313F016C7529063F7148E0001D4ACE
S3150100DE203D00314A038C754A063F7108E0001D0822
S3150100DE303D007D284A1435490070313F016C752932
S3150100DE40063F19298001353F016C7128E0001D2923
S3150100DE503D00312900617529063F7009A8087F80B8
S3150100DE6000207D2000267529E0077D2801207A0201
S3150100DE7004727128E0001D293D0051490064713F7B
S3150100DE807FFF7F8A48007D2000267529E0077D28CF
S3150100DE9001207A12044E7128E0001D293D005149E6
S3150100DEA000647121E4FF7138C7EF7F8A48007D2045
S3150100DEB000267529E0077D2801207A0204267128AB
S3150100DEC0E0001D293D00312900607529063F7009D2
S3150100DED0A8017F8000207D2000267529E0077D2886
S3150100DEE001207A0203FE7120000071400000553FB7
S3150100DEF00170555F0174712000005D3F017871204A
S3150100DF0000005D3F017A7128E0001D293D0031299D
S3150100DF1000767529063F752A043F593F017A7D49E6
S3150100DF204B785D3F017A7128E0001D293D003129BA
S3150100DF3000777529063F7529043F7D294070752AAA
S3150100DF40043F593F017A7D494B785D3F017A593F3C
S3150100DF50017A5D3F0178593F01787529043F031322
S3150100DF6079FF3EF502420231553F0170555F01745A
S3150100DF70513F0170515F0174553F0180555F018426
S3150100DF80507F0180509F018470A7E7B970B3C19992
S3150100DF9070D3E19970D3C19A79FF363502420231C5
S3150100DFA00313032470A8E099480679FF35BD0242A0
S3150100DFB00231553F0180555F01847128E0001D093A
S3150100DFC01340513F0180515F018455280000554897
S3150100DFD000047120000071400000553F0188555F23
S3150100DFE0018C712000005D3F0190712000005D3FB2
S3150100DFF001927128E0001D293D003129007475291F
S3150100E000063F752A043F593F01927D494B785D3F92
S3150100E01001927128E0001D293D00312900757529FD
S3150100E020063F7529043F7D294070752A043F593FF3
S3150100E03001927D494B785D3F0192593F01925D3FC7
S3150100E0400190593F01907529043F031379FF3E0959
S3150100E05002420231553F0188555F018C513F0188CB
S3150100E060515F018C553F0198555F019C507F019886
S3150100E070509F019C70A7E7B970B3C19970D3E1991C
S3150100E08070D3C19A79FF3549024202310313032441
S3150100E09070A8E099480679FF34D102420231553F12
S3150100E0A00198555F019C7128E0001D091368513FD5
S3150100E0B00198515F019C55280000554800047120C4
S3150100E0C0000071400000553F01A0555F01A4712079
S3150100E0D00000353F01A871200000353F01A97128D4
S3150100E0E0E0001D293D0031290070752A063F313FA8
S3150100E0F001A97D494B78353F01A9313F01A9353F3A
S3150100E10001A8313F01A87529063F031379FF3D494F
S3150100E11002420231553F01A0555F01A4513F01A0C2
S3150100E120515F01A4553F01B0555F01B4507F01B065
S3150100E130509F01B470A8E049480679FF342D024288
S3150100E1400231553F01B0555F01B47128E0001D0948
S3150100E1501208513F01B0515F01B4552800005548DE
S3150100E16000047120000071400000553F01B8555F61
S3150100E17001BC71200000353F01C071200000353F10
S3150100E18001C17128E0001D293D0031290071752A60
S3150100E190063F313F01C17D494B78353F01C1313FD2
S3150100E1A001C1353F01C0313F01C07529063F031347
S3150100E1B079FF3CA502420231553F01B8555F01BCCA
S3150100E1C0513F01B8515F01BC553F01C8555F01CCB4
S3150100E1D0507F01C8509F01CC70A8E049480679FFDD
S3150100E1E0338902420231553F01C8555F01CC71287E
S3150100E1F0E0001D0912E0513F01C8515F01CC5528CD
S3150100E2000000554800047120000071400000553F90
S3150100E21001D0555F01D4712000005D3F01D8712006
S3150100E22000005D3F01DA7128E0001D293D0031291A
S3150100E23000727529063F752A043F593F01DA7D4967
S3150100E2404B785D3F01DA7128E0001D293D00312937
S3150100E25000737529063F7529043F7D294070752A8B
S3150100E260043F593F01DA7D494B785D3F01DA593F59
S3150100E27001DA5D3F01D8593F01D87529043F0313DF
S3150100E28079FF3BD502420231553F01D0555F01D49A
S3150100E290513F01D0515F01D4553F01E0555F01E483
S3150100E2A0507F01E0509F01E470A7E7B970B3C199AF
S3150100E2B070D3E19970D3C19A79FF331502420231C5
S3150100E2C0553F01E0555F01E47128E0001D0911F891
S3150100E2D0513F01E0515F01E4552800005548000413
S3150100E2E07120000071400000553F0930555F093427
S3150100E2F071200000353F01E87128E0001D293D002D
S3150100E3007141E4FF7158C6EF554903147128E000C5
S3150100E3101D293D0071400008354903971D3F09300D
S3150100E32048034804031579FF9A010231752A063F0D
S3150100E3307128E0001D293D003549038E313F01E872
S3150100E3407529063F195F80087D2A4A143129092853
S3150100E350752A063F7128E0001D293D003549038FC6
S3150100E360313F01E87529063F19298001353F01E84A
S3150100E370313F01E87529063F195F80087D2A4A1455
S3150100E38031290928752A063F7128E0001D293D001B
S3150100E39035490390313F01E87529063F1929800166
S3150100E3A0353F01E8313F01E87529063F195F8008CD
S3150100E3B07D2A4A1431290928752A063F7128E00069
S3150100E3C01D293D0035490391313F01E87529063F75
S3150100E3D019298001353F01E8313F01E87529063FDA
S3150100E3E0195F80087D2A4A1431290928752A063FB2
S3150100E3F07128E0001D293D0035490392313F01E8AE
S3150100E4007529063F19298001353F01E8313F01E8A9
S3150100E4107529063F195F80087D2A4A143129092882
S3150100E420752A063F7128E0001D293D0035490393F1
S3150100E430313F01E87529063F19298001353F01E879
S3150100E440313F01E87529063F195F80087D2A4A1484
S3150100E45031290928752A063F7128E0001D293D004A
S3150100E46035490394313F01E87529063F1929800191
S3150100E470353F01E8313F01E87529063F195F8008FC
S3150100E4807D2A4A1431290928752A063F7128E00098
S3150100E4901D293D0035490395313F01E87529063FA0
S3150100E4A019298001353F01E8313F01E87529063F09
S3150100E4B0195F80087D2A4A1431290928752A063FE1
S3150100E4C07128E0001D293D0035490396313F01E8D9
S3150100E4D07529063F19298001353F01E87128E000B9
S3150100E4E01D293D003129038E7529063F70099800C3
S3150100E4F07F8000207D2000267529E0077D280120E8
S3150100E5007A120BA671200000353F01E97128E0005F
S3150100E5101D293D0071400008354900497128E00078
S3150100E5201D293D00514903147128E0001D293D00B4
S3150100E5305549004C7128E0001D293D00714000013C
S3150100E54035490048313F01E97529063F7148E00028
S3150100E5501D4A3D00314A038F754A063F7108E000A6
S3150100E5601D083D007D284A1435490058313F01E90F
S3150100E5707529063F19298001353F01E9313F01E936
S3150100E5807529063F7148E0001D4A3D00314A039056
S3150100E590754A063F7108E0001D083D007D284A14B2
S3150100E5A035490058313F01E97529063F192980018E
S3150100E5B0353F01E9313F01E97529063F7148E00020
S3150100E5C01D4A3D00314A0391754A063F7108E00034
S3150100E5D01D083D007D284A1435490058313F01E99F
S3150100E5E07529063F19298001353F01E9313F01E9C6
S3150100E5F07529063F7148E0001D4A3D00314A0392E4
S3150100E600754A063F7108E0001D083D007D284A1441
S3150100E61035490058313F01E97529063F192980011D
S3150100E620353F01E9313F01E97529063F7148E000AF
S3150100E6301D4A3D00314A0393754A063F7108E000C1
S3150100E6401D083D007D284A1435490058313F01E92E
S3150100E6507529063F19298001353F01E9313F01E955
S3150100E6607529063F7148E0001D4A3D00314A039471
S3150100E670754A063F7108E0001D083D007D284A14D1
S3150100E68035490058313F01E97529063F19298001AD
S3150100E690353F01E9313F01E97529063F7148E0003F
S3150100E6A01D4A3D00314A0395754A063F7108E0004F
S3150100E6B01D083D007D284A1435490058313F01E9BE
S3150100E6C07529063F19298001353F01E9313F01E9E5
S3150100E6D07529063F7148E0001D4A3D00314A0396FF
S3150100E6E0754A063F7108E0001D083D007D284A1461
S3150100E6F035490058313F01E97529063F192980013D
S3150100E700353F01E97128E0001D293D003129004905
S3150100E7107529063F7009A8087F8000207D20002604
S3150100E7207529E0077D2801207A02097E7128E0001B
S3150100E7301D293D005149004C713F7FFF7F8A4800EA
S3150100E7407D2000267529E0077D2801207A12095AC5
S3150100E7507128E0001D293D005149004C7121E4FF5B
S3150100E7607138C6EF7F8A48007D2000267529E007AB
S3150100E7707D2801207A0209327128E0001D293D0019
S3150100E780312900487529063F7009A8017F800020BC
S3150100E7907D2000267529E0077D2801207A02090AD5
S3150100E7A07120000071400000553F01F0555F01F4F2
S3150100E7B071200000353F01F871200000353F01F955
S3150100E7C07128E0001D293D003129005D7529063FAC
S3150100E7D01929C0207D292E70752A063F313F01F97E
S3150100E7E07D494B78353F01F9313F01F9353F01F854
S3150100E7F0313F01F87529063F031379FF365B024263
S3150100E8000231553F01F0555F01F4513F01F0515F6F
S3150100E81001F4553F0200555F02047128E0001D090D
S3150100E82012C0513F0200515F0204552800005548AD
S3150100E83000047120000071400000553F0208555F39
S3150100E840020C71200000353F021071200000353F97
S3150100E85002117128E0001D293D003129005F75294B
S3150100E860063F7D2907741929C0037D2A0774313FA4
S3150100E87002117D2907747D494B787D290774353F3F
S3150100E8800211313F0211353F0210313F0210752945
S3150100E890063F031379FF35C102420231553F020893
S3150100E8A0555F020C513F0208515F020C553F021899
S3150100E8B0555F021C7128E0001D0911D8513F02184D
S3150100E8C0515F021C552800005548000471200000C4
S3150100E8D071400000553F0220555F0224712000005F
S3150100E8E0353F022871200000353F02297128E000DA
S3150100E8F01D293D003129005D7529063F1929C040B2
S3150100E9007D293670752A063F313F02297D494B78AC
S3150100E910353F0229313F0229353F0228313F02287E
S3150100E9207529063F031379FF352F02420231553F00
S3150100E9300220555F0224513F0220515F0224553FB8
S3150100E9400230555F02347128E0001D093D00513F38
S3150100E9500230515F023455280220554802247120A5
S3150100E960000071400000553F0238555F023C71209E
S3150100E9700000353F024071200000353F02417128F9
S3150100E980E0001D293D003129005D7529063F7D29DD
S3150100E99007741929C0017D2A0774313F02417D2977
S3150100E9A007747D494B787D290774353F0241313F14
S3150100E9B00241353F0240313F02407529063F0313AC
S3150100E9C079FF349502420231553F0238555F023CC8
S3150100E9D0513F0238515F023C553F0248555F024C98
S3150100E9E07128E0001D0912F0513F0248515F024CA7
S3150100E9F055280000554800047120000071400000B0
S3150100EA00553F0250555F025471200000353F0258B0
S3150100EA1071200000353F02597128E0001D293D0093
S3150100EA203129005E7529063F7D2907741929C00120
S3150100EA307D2A0774313F02597D2907747D494B7838
S3150100EA407D290774353F0259313F0259353F025836
S3150100EA50313F02587529063F031379FF33FB024202
S3150100EA600231553F0250555F0254513F0250515FEA
S3150100EA700254553F0260555F02647128E0001D098A
S3150100EA803D00513F0260515F0264552802285548F6
S3150100EA90022C7120000071400000553F0268555F4D
S3150100EAA0026C71200000353F027071200000353F75
S3150100EAB002717128E0001D293D003129005C752A8B
S3150100EAC0063F313F02717D494B78353F0271313F37
S3150100EAD00271353F0270313F02707529063F0313FB
S3150100EAE079FF337502420231553F0268555F026C68
S3150100EAF0513F0268515F026C553F0278555F027CB7
S3150100EB007128E0001D093D00513F0278515F027CEA
S3150100EB10552802305548023471200000714000002A
S3150100EB20553F0280555F028471200000353F0288FF
S3150100EB3071200000353F02897128E0001D293D0042
S3150100EB403129005E7529063F1929C0027D290E70FB
S3150100EB50752A063F313F02897D494B78353F028947
S3150100EB60313F0289353F0288313F02887529063FC8
S3150100EB70031379FF32E302420231553F0280555FAA
S3150100EB800284513F0280515F0284553F0290555FD6
S3150100EB9002947128E0001D093D00513F0290515F2A
S3150100EBA00294552802385548023C712000007140F4
S3150100EBB00000553F0298555F029C71200000353FC9
S3150100EBC002A071200000353F02A17128E0001D2935
S3150100EBD03D003129005D7529063F1929C0087D29A7
S3150100EBE01E70752A063F313F02A17D494B78353F9C
S3150100EBF002A1313F02A1353F02A0313F02A0752992
S3150100EC00063F031379FF325102420231553F029802
S3150100EC10555F029C513F0298515F029C553F02A8E5
S3150100EC20555F02AC7128E0001D093D00513F02A865
S3150100EC30515F02AC5528024055480244712000003C
S3150100EC4071400000553F02B0555F02B471200000CB
S3150100EC50353F02B871200000353F02B97128E00046
S3150100EC601D293D003129005D7529063F7D293C702E
S3150100EC70752A063F313F02B97D494B78353F02B9C6
S3150100EC80313F02B9353F02B8313F02B87529063F17
S3150100EC90031379FF31C302420231553F02B0555F7A
S3150100ECA002B4513F02B0515F02B4553F02C0555FF5
S3150100ECB002C47128E0001D093D00513F02C0515FA9
S3150100ECC002C4552802485548024C71200000714083
S3150100ECD00000553F02C8555F02CC71200000353F48
S3150100ECE002D071200000353F02D17128E0001D29B4
S3150100ECF03D003129005D7529063F1929C0107D297E
S3150100ED002670752A063F313F02D17D494B78353F42
S3150100ED1002D1313F02D1353F02D0313F02D07529B0
S3150100ED20063F031379FF313102420231553F02C8D2
S3150100ED30555F02CC513F02C8515F02CC553F02D804
S3150100ED40555F02DC7128E0001D093D00513F02D8E4
S3150100ED50515F02DC552802505548025471200000CB
S3150100ED6071400000553F02E0555F02E4712000004A
S3150100ED70353F02E871200000353F02E97128E000C5
S3150100ED801D293D003129005D7529063F1929C0025B
S3150100ED907D290E70752A063F313F02E97D494B7880
S3150100EDA0353F02E9313F02E9353F02E8313F02E8EA
S3150100EDB07529063F031379FF309F02420231553F01
S3150100EDC002E0555F02E4513F02E0515F02E4553F24
S3150100EDD002F0555F02F47128E0001D093D00513F24
S3150100EDE002F0515F02F4552802585548025C712021
S3150100EDF0000071400000553F02F8555F02FC71208A
S3150100EE000000353F030071200000353F03017128E2
S3150100EE10E0001D293D003129005D7529063F1929AC
S3150100EE20C0047D291670752A063F313F03017D49CD
S3150100EE304B78353F0301313F0301353F0300313F35
S3150100EE4003007529063F031379FF300D0242023193
S3150100EE50553F02F8555F02FC513F02F8515F02FC33
S3150100EE60553F0308555F030C7128E0001D093D005D
S3150100EE70513F0308515F030C55280260554802644F
S3150100EE807120000071400000553F0310555F0314C7
S3150100EE9071200000353F031871200000353F03192A
S3150100EEA07128E0001D293D003129005E7529063FC4
S3150100EEB07D293C70752A063F313F03197D494B7800
S3150100EEC0353F0319313F0319353F0318313F031805
S3150100EED07529063F031379FF2F7F02420231553F01
S3150100EEE00310555F0314513F0310515F0314553F3F
S3150100EEF00320555F03247128E0001D091140513F8D
S3150100EF000320515F03245528000055480004712051
S3150100EF10000071400000553F0328555F032C712006
S3150100EF2000005D3F0330712000005D3F0332712810
S3150100EF30E0001D293D00312900587529063F752A33
S3150100EF40043F593F03327D494B785D3F03327128B7
S3150100EF50E0001D293D00312900597529063F752913
S3150100EF60043F7D294070752A043F593F03327D498C
S3150100EF704B785D3F0332593F03325D3F0330593FC2
S3150100EF8003307529043F031379FF2ECD0242023166
S3150100EF90553F0328555F032C513F0328515F032C2E
S3150100EFA0553F0338555F033C507F0338509F033C60
S3150100EFB070A7E7E0480679FF2617024202310313DC
S3150100EFC0032470A8E0C318A5D188480679FF259BBC
S3150100EFD002420231553F0338555F033C7128E00078
S3150100EFE01D0911F0513F0338515F033C55280000BC
S3150100EFF0554800047120000071400000553F034050
S3150100F000555F0344712000005D3F034871200000F5
S3150100F0105D3F034A7128E0001D293D003129005A50
S3150100F0207529063F752A043F593F034A7D494B78A6
S3150100F0305D3F034A7128E0001D293D003129005B2F
S3150100F0407529063F7529043F7D294070752A043FBD
S3150100F050593F034A7D494B785D3F034A593F034A6D
S3150100F0605D3F0348593F03487529043F031379FF60
S3150100F0702DE702420231553F0340555F0344513F9C
S3150100F0800340515F0344553F0350555F03547128B4
S3150100F090E0001D091310513F0350515F03545528D9
S3150100F0A00000554800047120000071400000553FE2
S3150100F0B00938555F093C71200000353F0358712816
S3150100F0C0E0001D293D00714006A25549033471280F
S3150100F0D0E0001D293D0071400008354903E31D3F4D
S3150100F0E0093848034B24031579FF8C3F0231752AF1
S3150100F0F0063F7128E0001D293D00354903DA313FFD
S3150100F10003587529063F195F80087D2A4A1431295B
S3150100F1100930752A063F7128E0001D293D00354951
S3150100F12003DB313F03587529063F19298001353F15
S3150100F1300358313F03587529063F195F80087D2A18
S3150100F1404A1431290930752A063F7128E0001D2924
S3150100F1503D00354903DC313F03587529063F19291E
S3150100F1608001353F0358313F03587529063F195F22
S3150100F17080087D2A4A1431290930752A063F7128EB
S3150100F180E0001D293D00354903DD313F035875294E
S3150100F190063F19298001353F0358313F0358752928
S3150100F1A0063F195F80087D2A4A1431290930752ADC
S3150100F1B0063F7128E0001D293D00354903DE313F38
S3150100F1C003587529063F19298001353F0358313FF8
S3150100F1D003587529063F195F80087D2A4A1431298B
S3150100F1E00930752A063F7128E0001D293D00354981
S3150100F1F003DF313F03587529063F19298001353F41
S3150100F2000358313F03587529063F195F80087D2A47
S3150100F2104A1431290930752A063F7128E0001D2953
S3150100F2203D00354903E0313F03587529063F192949
S3150100F2308001353F0358313F03587529063F195F51
S3150100F24080087D2A4A1431290930752A063F71281A
S3150100F250E0001D293D00354903E1313F0358752979
S3150100F260063F19298001353F0358313F0358752957
S3150100F270063F195F80087D2A4A1431290930752A0B
S3150100F280063F7128E0001D293D00354903E2313F63
S3150100F29003587529063F19298001353F03587128FE
S3150100F2A0E0001D293D00312903DA7529063F700961
S3150100F2B098007F8000207D2000267529E0077D28A3
S3150100F2C001207A12067471200000353F0359712816
S3150100F2D0E0001D293D0071400008354901217128D2
S3150100F2E0E0001D293D00514903347128E0001D2924
S3150100F2F03D00554901247128E0001D293D0071405A
S3150100F300000035490120313F03597529063F7148EF
S3150100F310E0001D4A3D00314A03DB754A063F71088C
S3150100F320E0001D083D007D284A1435490130313F72
S3150100F33003597529063F19298001353F0359313F84
S3150100F34003597529063F7148E0001D4A3D00314ABF
S3150100F35003DC754A063F7108E0001D083D007D2863
S3150100F3604A1435490130313F03597529063F192998
S3150100F3708001353F0359313F03597529063F7148CD
S3150100F380E0001D4A3D00314A03DD754A063F71081A
S3150100F390E0001D083D007D284A1435490130313F02
S3150100F3A003597529063F19298001353F0359313F14
S3150100F3B003597529063F7148E0001D4A3D00314A4F
S3150100F3C003DE754A063F7108E0001D083D007D28F1
S3150100F3D04A1435490130313F03597529063F192928
S3150100F3E08001353F0359313F03597529063F71485D
S3150100F3F0E0001D4A3D00314A03DF754A063F7108A8
S3150100F400E0001D083D007D284A1435490130313F91
S3150100F41003597529063F19298001353F0359313FA3
S3150100F42003597529063F7148E0001D4A3D00314ADE
S3150100F43003E0754A063F7108E0001D083D007D287E
S3150100F4404A1435490130313F03597529063F1929B7
S3150100F4508001353F0359313F03597529063F7148EC
S3150100F460E0001D4A3D00314A03E1754A063F710835
S3150100F470E0001D083D007D284A1435490130313F21
S3150100F48003597529063F19298001353F0359313F33
S3150100F49003597529063F7148E0001D4A3D00314A6E
S3150100F4A003E2754A063F7108E0001D083D007D280C
S3150100F4B04A1435490130313F03597529063F192947
S3150100F4C08001353F03597128E0001D293D0031298E
S3150100F4D001217529063F7009A8087F8000207D203B
S3150100F4E000267529E0077D2801207A02044C71283F
S3150100F4F0E0001D293D0051490124713F7FFF7F8AAC
S3150100F50048007D2000267529E0077D2801207A1212
S3150100F51004287128E0001D293D00512901247009A4
S3150100F520AEA27F8000207D2000267529E0077D2878
S3150100F53001207A0204047128E0001D293D003129C9
S3150100F54001207529063F700998007F8000207D20E3
S3150100F55000267529E0077D2801207A0203DC712047
S3150100F560000071400000553F0360555F0364712040
S3150100F57000005D3F0368712000005D3F09401D3FAB
S3150100F5800940553F036C7128E0001D293D003129D2
S3150100F59001317529063F752A043F593F09407529EE
S3150100F5A0043F7D494B787529043F5D3F0940712829
S3150100F5B0E0001D293D00312901307529063F7529D5
S3150100F5C0043F7D294070752A043F593F094075293A
S3150100F5D0043F7D494B787529043F5D3F0940513F02
S3150100F5E0036C592900005D3F0368593F03687D2973
S3150100F5F00734031379FF268902420231553F03601E
S3150100F600555F0364513F0360515F0364553F0370C7
S3150100F610555F0374507F0370509F037470A7E78C86
S3150100F62070B9C50F70DDE0AB70C9C7A579FF1FA121
S3150100F63002420231553F0370555F03747128E000A1
S3150100F6401D091288513F0370515F0374552800004C
S3150100F650554800047120000071400000553F0378B1
S3150100F660555F037C712000005D3F0380712000001F
S3150100F6705D3F09421D3F0942553F03847128E00061
S3150100F6801D293D00312901337529063F752A043F9D
S3150100F690593F09427529043F7D494B787529043F35
S3150100F6A05D3F09427128E0001D293D0031290132E3
S3150100F6B07529063F7529043F7D294070752A043F47
S3150100F6C0593F09427529043F7D494B787529043F05
S3150100F6D05D3F0942513F0384592900005D3F038084
S3150100F6E0593F03807D290734031379FF259302428D
S3150100F6F00231553F0378555F037C513F0378515FD3
S3150100F700037C553F0388555F038C507F0388509FC8
S3150100F710038C70A7E78C70B9C50F70DDE0AB70C9BB
S3150100F720C7A579FF1EAB02420231553F0388555FDB
S3150100F730038C7128E0001D0911A0513F0388515F18
S3150100F740038C5528000055480004712000007140C3
S3150100F7500000553F0390555F0394712000005D3F03
S3150100F7600398712000005D3F09441D3F0944553F40
S3150100F770039C7128E0001D293D00312901357529B9
S3150100F780063F752A043F593F09447529043F7D49BF
S3150100F7904B787529043F5D3F09447128E0001D2916
S3150100F7A03D00312901347529063F7529043F7D291C
S3150100F7B04070752A043F593F09447529043F7D4924
S3150100F7C04B787529043F5D3F0944513F039C5929F4
S3150100F7D000005D3F0398593F03987D2907340313C1
S3150100F7E079FF249D02420231553F0390555F0394F0
S3150100F7F0513F0390515F0394553F03A0555F03A406
S3150100F800507F03A0509F03A470A7E78C70B9C50F62
S3150100F81070DDE0AB70C9C7A579FF1DB502420231A3
S3150100F820553F03A0555F03A47128E0001D0911C8C7
S3150100F830513F03A0515F03A4552800005548000419
S3150100F8407120000071400000553F03A8555F03ACCD
S3150100F850712000005D3F03B0712000005D3F094645
S3150100F8601D3F0946553F03B47128E0001D293D009F
S3150100F870312901377529063F752A043F593F094643
S3150100F8807529043F7D494B787529043F5D3F09463B
S3150100F8907128E0001D293D00312901367529063FF1
S3150100F8A07529043F7D294070752A043F593F094651
S3150100F8B07529043F7D494B787529043F5D3F09460B
S3150100F8C0513F03B4592900005D3F03B0593F03B0CE
S3150100F8D07D290734031379FF23A702420231553FDD
S3150100F8E003A8555F03AC513F03A8515F03AC553FD5
S3150100F8F003B8555F03BC507F03B8509F03BC70A784
S3150100F900E78C70B9C50F70DDE0AB70C9C7A579FF8B
S3150100F9101CBF02420231553F03B8555F03BC712833
S3150100F920E0001D0911C0513F03B8515F03BC5528C2
S3150100F9300000554800047120000071400000553F49
S3150100F9400948555F094C71200000353F03C07128F5
S3150100F950E0001D293D007140014A554903307128D7
S3150100F960E0001D293D0071400008354903D91D3FBE
S3150100F970094848034A04031579FF83AF0231752A02
S3150100F980063F7128E0001D293D00354903D0313F6E
S3150100F99003C07529063F195F80087D2A4A1431295B
S3150100F9A00940752A063F7128E0001D293D003549A9
S3150100F9B003D1313F03C07529063F19298001353F1F
S3150100F9C003C0313F03C07529063F195F80087D2AB0
S3150100F9D04A1431290940752A063F7128E0001D297C
S3150100F9E03D00354903D2313F03C07529063F192928
S3150100F9F08001353F03C0313F03C07529063F195FBA
S3150100FA0080087D2A4A1431290940752A063F712842
S3150100FA10E0001D293D00354903D3313F03C0752957
S3150100FA20063F19298001353F03C0313F03C07529BF
S3150100FA30063F195F80087D2A4A1431290940752A33
S3150100FA40063F7128E0001D293D00354903D4313FA9
S3150100FA5003C07529063F19298001353F03C0313F8F
S3150100FA6003C07529063F195F80087D2A4A1431298A
S3150100FA700940752A063F7128E0001D293D003549D8
S3150100FA8003D5313F03C07529063F19298001353F4A
S3150100FA9003C0313F03C07529063F195F80087D2ADF
S3150100FAA04A1431290940752A063F7128E0001D29AB
S3150100FAB03D00354903D6313F03C07529063F192953
S3150100FAC08001353F03C0313F03C07529063F195FE9
S3150100FAD080087D2A4A1431290940752A063F712872
S3150100FAE0E0001D293D00354903D7313F03C0752983
S3150100FAF0063F19298001353F03C0313F03C07529EF
S3150100FB00063F195F80087D2A4A1431290940752A62
S3150100FB10063F7128E0001D293D00354903D8313FD4
S3150100FB2003C07529063F19298001353F03C0712895
S3150100FB30E0001D293D00312903D07529063F7009D2
S3150100FB4098007F8000207D2000267529E0077D280A
S3150100FB5001207A12049E71200000353F03C17128ED
S3150100FB60E0001D293D007140000835490109712851
S3150100FB70E0001D293D00514903307128E0001D298F
S3150100FB803D005549010C7128E0001D293D007140D9
S3150100FB90000035490108313F03C17529063F714807
S3150100FBA0E0001D4A3D00314A03D1754A063F7108FE
S3150100FBB0E0001D083D007D284A1435490118313FF2
S3150100FBC003C17529063F19298001353F03C1313F1C
S3150100FBD003C17529063F7148E0001D4A3D00314ABF
S3150100FBE003D2754A063F7108E0001D083D007D28D5
S3150100FBF04A1435490118313F03C17529063F1929B0
S3150100FC008001353F03C1313F03C17529063F714864
S3150100FC10E0001D4A3D00314A03D3754A063F71088B
S3150100FC20E0001D083D007D284A1435490118313F81
S3150100FC3003C17529063F19298001353F03C1313FAB
S3150100FC4003C17529063F7148E0001D4A3D00314A4E
S3150100FC5003D4754A063F7108E0001D083D007D2862
S3150100FC604A1435490118313F03C17529063F19293F
S3150100FC708001353F03C1313F03C17529063F7148F4
S3150100FC80E0001D4A3D00314A03D5754A063F710819
S3150100FC90E0001D083D007D284A1435490118313F11
S3150100FCA003C17529063F19298001353F03C1313F3B
S3150100FCB003C17529063F7148E0001D4A3D00314ADE
S3150100FCC003D6754A063F7108E0001D083D007D28F0
S3150100FCD04A1435490118313F03C17529063F1929CF
S3150100FCE08001353F03C1313F03C17529063F714884
S3150100FCF0E0001D4A3D00314A03D7754A063F7108A7
S3150100FD00E0001D083D007D284A1435490118313FA0
S3150100FD1003C17529063F19298001353F03C1313FCA
S3150100FD2003C17529063F7148E0001D4A3D00314A6D
S3150100FD3003D8754A063F7108E0001D083D007D287D
S3150100FD404A1435490118313F03C17529063F19295E
S3150100FD508001353F03C17128E0001D293D0031298D
S3150100FD6001097529063F7009A8087F8000207D20BA
S3150100FD7000267529E0077D2801207A02027671287E
S3150100FD80E0001D293D005149010C713F7FFF7F8A2B
S3150100FD9048007D2000267529E0077D2801207A127A
S3150100FDA002527128E0001D293D005129010C7009FC
S3150100FDB0A94A7F8000207D2000267529E0077D283D
S3150100FDC001207A02022E7128E0001D293D00312909
S3150100FDD001087529063F700998007F8000207D2063
S3150100FDE000267529E0077D2801207A020206712086
S3150100FDF0000071400000553F03C8555F03CC7120D8
S3150100FE000000353F03D071200000353F03D1712832
S3150100FE10E0001D293D0031290118752A063F313FB1
S3150100FE2003D17D494B78353F03D1313F03D1353F6E
S3150100FE3003D0313F03D07529063F031379FF2019FB
S3150100FE4002420231553F03C8555F03CC513F03C8F7
S3150100FE50515F03CC553F03D8555F03DC7128E000A1
S3150100FE601D091388513F03D8515F03DC5528000053
S3150100FE70554800047120000071400000553F03E021
S3150100FE80555F03E4712000005D3F03E87120000027
S3150100FE905D3F03EA7128E0001D293D003129011C5F
S3150100FEA07529063F752A043F593F03EA7D494B7878
S3150100FEB05D3F03EA7128E0001D293D003129011B40
S3150100FEC07529063F7529043F7D294070752A043F2F
S3150100FED0593F03EA7D494B785D3F03EA593F03EAFF
S3150100FEE05D3F03E8593F03E87529043F031379FF92
S3150100FEF01F6702420231553F03E0555F03E4513F5C
S3150100FF0003E0515F03E4553F03F0555F03F4507F6F
S3150100FF1003F0509F03F470A7E7B970B3C19970D38A
S3150100FF20E19970D3C19A79FF16A7024202310313F0
S3150100FF30032470A8E08870ABC26670CCE66670CC0C
S3150100FF40C66679FF162502420231553F03F0555F19
S3150100FF5003F47128E0001D091378513F03F0515F46
S3150100FF6003F4552800005548000471200000714033
S3150100FF700000553F03F8555F03FC71200000353F33
S3150100FF80040071200000353F04017128E0001D299D
S3150100FF903D003129011A752A063F313F04017D4989
S3150100FFA04B78353F0401313F0401353F0400313FB1
S3150100FFB004007529063F031379FF1E9D0242023193
S3150100FFC0553F03F8555F03FC513F03F8515F03FCAE
S3150100FFD0553F0408555F040C7128E0001D09128085
S3150100FFE0513F0408515F040C552800005548000490
S3150100FFF07120000071400000553F0950555F0954BA
S3150101000071200000353F04107128E0001D293D00D3
S3150101001071400280554903187128E0001D293D00F0
S3150101002071400008354903A11D3F09504813481481
S31501010030031579FF7CF50231752A063F7128E00027
S315010100401D293D0035490398313F04107529063FA5
S31501010050195F80087D2A4A1431290948752A063F04
S315010100607128E0001D293D0035490399313F0410EE
S315010100707529063F19298001353F0410313F0410C6
S315010100807529063F195F80087D2A4A1431290948D5
S31501010090752A063F7128E0001D293D003549039A5D
S315010100A0313F04107529063F19298001353F041096
S315010100B0313F04107529063F195F80087D2A4A14CC
S315010100C031290948752A063F7128E0001D293D009D
S315010100D03549039B313F04107529063F19298001D2
S315010100E0353F0410313F04107529063F195F800819
S315010100F07D2A4A1431290948752A063F7128E000EB
S315010101001D293D003549039C313F04107529063FE0
S3150101011019298001353F0410313F04107529063F25
S31501010120195F80087D2A4A1431290948752A063F33
S315010101307128E0001D293D003549039D313F041019
S315010101407529063F19298001353F0410313F0410F5
S315010101507529063F195F80087D2A4A143129094804
S31501010160752A063F7128E0001D293D003549039E88
S31501010170313F04107529063F19298001353F0410C5
S31501010180313F04107529063F195F80087D2A4A14FB
S3150101019031290948752A063F7128E0001D293D00CC
S315010101A03549039F313F04107529063F19298001FD
S315010101B0353F0410313F04107529063F195F800848
S315010101C07D2A4A1431290948752A063F7128E0001A
S315010101D01D293D00354903A0313F04107529063F0C
S315010101E019298001353F04107128E0001D293D00C0
S315010101F0312903987529063F700998007F800020EF
S315010102007D2000267529E0077D2801207A120A2C16
S3150101021071200000353F04117128E0001D293D00C0
S3150101022071400008354900C17128E0001D293D00D2
S31501010230514903187128E0001D293D00554900C4A3
S315010102407128E0001D293D0071400000354900C0BB
S31501010250313F04117529063F7148E0001D4A3D00F1
S31501010260314A0399754A063F7108E0001D083D00B0
S315010102707D284A14354900D0313F04117529063FBD
S3150101028019298001353F0411313F04117529063FB2
S315010102907148E0001D4A3D00314A039A754A063FFD
S315010102A07108E0001D083D007D284A14354900D03A
S315010102B0313F04117529063F19298001353F041182
S315010102C0313F04117529063F7148E0001D4A3D0081
S315010102D0314A039B754A063F7108E0001D083D003E
S315010102E07D284A14354900D0313F04117529063F4D
S315010102F019298001353F0411313F04117529063F42
S315010103007148E0001D4A3D00314A039C754A063F8A
S315010103107108E0001D083D007D284A14354900D0C9
S31501010320313F04117529063F19298001353F041111
S31501010330313F04117529063F7148E0001D4A3D0010
S31501010340314A039D754A063F7108E0001D083D00CB
S315010103507D284A14354900D0313F04117529063FDC
S3150101036019298001353F0411313F04117529063FD1
S315010103707148E0001D4A3D00314A039E754A063F18
S315010103807108E0001D083D007D284A14354900D059
S31501010390313F04117529063F19298001353F0411A1
S315010103A0313F04117529063F7148E0001D4A3D00A0
S315010103B0314A039F754A063F7108E0001D083D0059
S315010103C07D284A14354900D0313F04117529063F6C
S315010103D019298001353F0411313F04117529063F61
S315010103E07148E0001D4A3D00314A03A0754A063FA6
S315010103F07108E0001D083D007D284A14354900D0E9
S31501010400313F04117529063F19298001353F041130
S315010104107128E0001D293D00312900C17529063FDA
S315010104207009A8087F8000207D2000267529E00734
S315010104307D2801207A0208047128E0001D293D006A
S31501010440514900C4713F7FFF7F8A48007D20002604
S315010104507529E0077D2801207A1207E07128E0005D
S315010104601D293D00512900C47009AA807F80002001
S315010104707D2000267529E0077D2801207A0207BC27
S315010104807128E0001D293D00312900C07529063F6B
S31501010490700998007F8000207D2000267529E007DC
S315010104A07D2801207A020794712000007140000025
S315010104B0553F0418555F041C712000005D3F04205F
S315010104C0712000005D3F09581D3F0958553F04241D
S315010104D07128E0001D293D00312900D47529063F07
S315010104E0752A043F593F09587529043F7D494B78BF
S315010104F07529043F5D3F09587128E0001D293D001A
S31501010500312900D57529063F7529043F7D2940709A
S31501010510752A043F593F09587529043F7D494B788E
S315010105207529043F5D3F0958513F042459290000AB
S315010105305D3F0420593F04207D290734031379FFC8
S31501010540173F02420231553F0418555F041C513FC2
S315010105500418515F041C553F0428555F042C507F34
S315010105600428509F042C70A7E78470A2C20570D796
S31501010570E40170D4C36E79FF105702420231553F2F
S315010105800428555F042C7128E0001D091178513F9B
S315010105900428515F042C5528000055480004712098
S315010105A0000071400000553F0430555F043471204D
S315010105B000005D3F0438712000005D3F095A1D3F6F
S315010105C0095A553F043C7128E0001D293D00312996
S315010105D000D67529063F752A043F593F095A7529DF
S315010105E0043F7D494B787529043F5D3F095A7128BE
S315010105F0E0001D293D00312900D77529063F7529DE
S31501010600043F7D294070752A043F593F095A7529CE
S31501010610043F7D494B787529043F5D3F095A513F96
S31501010620043C592900005D3F0438593F04387D29AE
S315010106300734031379FF164902420231553F04304B
S31501010640555F0434513F0430515F0434553F044032
S31501010650555F04447128E0001D091160513F0440B2
S31501010660515F0444552800005548000471200000DB
S3150101067071400000553F0448555F044C712000004C
S315010106805D3F0450712000005D3F04527128E00076
S315010106901D293D00312900D27529063F752A043FDE
S315010106A0593F04527D494B785D3F04527128E00060
S315010106B01D293D00312900D37529063F7529043FBE
S315010106C07D294070752A043F593F04527D494B7873
S315010106D05D3F0452593F04525D3F0450593F045056
S315010106E07529043F031379FF176F02420231553F02
S315010106F00448555F044C513F0448515F044C553F32
S315010107000458555F045C7128E0001D0911B8513F79
S315010107100458515F045C55280000554800047120B6
S31501010720000071400000553F0460555F046471206B
S315010107300000353F046871200000353F04697128C6
S31501010740E0001D293D00312900D17529063F1929EE
S31501010750C0107D292670752A063F313F04697D49FE
S315010107604B78353F0469313F0469353F0468313FB0
S3150101077004687529063F031379FF16DD024202312A
S31501010780553F0460555F0464513F0460515F046441
S31501010790553F0470555F04747128E0001D0911E08D
S315010107A0513F0470515F04745528000055480004F7
S315010107B07120000071400000553F0478555F047CAB
S315010107C071200000353F048071200000353F04810E
S315010107D07128E0001D293D00312900D17529063F07
S315010107E07D293C70752A063F313F04817D494B784D
S315010107F0353F0481313F0481353F0480313F048017
S315010108007529063F031379FF164F02420231553FFF
S315010108100478555F047C513F0478515F047C553F50
S315010108200488555F048C7128E0001D093D00513F84
S315010108300488515F048C5528029055480294712011
S31501010840000071400000553F0490555F04947120EA
S315010108500000353F049871200000353F0499712845
S31501010860E0001D293D00312900D17529063F1929CD
S31501010870C0027D290E70752A063F313F04997D49D3
S315010108804B78353F0499313F0499353F0498313FFF
S3150101089004987529063F031379FF15BD02420231FA
S315010108A0553F0490555F0494513F0490515F049460
S315010108B0553F04A0555F04A47128E0001D091300EA
S315010108C0513F04A0515F04A4552800005548000476
S315010108D07120000071400000553F04A8555F04AC2A
S315010108E071200000353F04B071200000353F04B18D
S315010108F07128E0001D293D00312900D17529063FE6
S315010109001929C0407D293670752A063F313F04B148
S315010109107D494B78353F04B1313F04B1353F04B0D0
S31501010920313F04B07529063F031379FF152B0242A6
S315010109300231553F04A8555F04AC513F04A8515FEC
S3150101094004AC553F04B8555F04BC7128E0001D098C
S315010109501150513F04B8515F04BC55280000554858
S3150101096000047120000071400000553F04C0555F2D
S3150101097004C471200000353F04C871200000353FD1
S3150101098004C97128E0001D293D00312900D17529CD
S31501010990063F1929C0087D291E70752A063F313F78
S315010109A004C97D494B78353F04C9313F04C9353FF7
S315010109B004C8313F04C87529063F031379FF149909
S315010109C002420231553F04C0555F04C4513F04C080
S315010109D0515F04C4553F04D0555F04D47128E0002A
S315010109E01D091190513F04D0515F04D455280000CF
S315010109F0554800047120000071400000553F04D89C
S31501010A00555F04DC71200000353F04E071200000D0
S31501010A10353F04E17128E0001D293D00312900D14E
S31501010A207529063F1929C0207D292E70752A063F91
S31501010A30313F04E17D494B78353F04E1313F04E122
S31501010A40353F04E0313F04E07529063F031379FF81
S31501010A50140702420231553F04D8555F04DC513F68
S31501010A6004D8515F04DC553F04E8555F04EC712855
S31501010A70E0001D091278513F04E8515F04EC552845
S31501010A800000554800047120000071400000553FE7
S31501010A9004F0555F04F471200000353F04F871201C
S31501010AA00000353F04F97128E0001D293D00312977
S31501010AB000D0752A063F313F04F97D494B78353F10
S31501010AC004F9313F04F9353F04F8313F04F875293A
S31501010AD0063F031379FF138102420231553F04F0A8
S31501010AE0555F04F4513F04F0515F04F4553F05008D
S31501010AF0555F05047128E0001D093D00513F0500C0
S31501010B00515F0504552802985548029C7120000041
S31501010B1071400000553F0508555F050C7120000025
S31501010B20353F051071200000353F05117128E000A0
S31501010B301D293D00312900D17529063F7D290774FB
S31501010B401929C0017D2A0774313F05117D290774D1
S31501010B507D494B787D290774353F0511313F0511D3
S31501010B60353F0510313F05107529063F031379FFFE
S31501010B7012E702420231553F0508555F050C513F07
S31501010B800508515F050C553F0518555F051C712870
S31501010B90E0001D091338513F0518515F051C552801
S31501010BA00000554800047120000071400000553FC6
S31501010BB00520555F052471200000353F0528712068
S31501010BC00000353F05297128E0001D293D00312925
S31501010BD000D17529063F1929C0047D291670752A88
S31501010BE0063F313F05297D494B78353F0529313F7F
S31501010BF00529353F0528313F05287529063F031388
S31501010C0079FF125502420231553F0520555F0524F0
S31501010C10513F0520515F0524553F0530555F053488
S31501010C207128E0001D093D00513F0530515F053432
S31501010C30552802A0554802A4712000007140000008
S31501010C40553F095C555F096071200000353F053844
S31501010C507128E0001D293D00714002825549031C9E
S31501010C607128E0001D293D0071400008354903AB9B
S31501010C701D3F095C48134824031579FF70AD023104
S31501010C80752A063F7128E0001D293D00354903A259
S31501010C90313F05387529063F195F80087D2A4A14B7
S31501010CA031290954752A063F7128E0001D293D00A5
S31501010CB0354903A3313F05387529063F19298001B5
S31501010CC0353F0538313F05387529063F195F8008DB
S31501010CD07D2A4A1431290954752A063F7128E000F3
S31501010CE01D293D00354903A4313F05387529063FC4
S31501010CF019298001353F0538313F05387529063FE8
S31501010D00195F80087D2A4A1431290954752A063F3B
S31501010D107128E0001D293D00354903A5313F0538FC
S31501010D207529063F19298001353F0538313F0538B7
S31501010D307529063F195F80087D2A4A14312909540C
S31501010D40752A063F7128E0001D293D00354903A694
S31501010D50313F05387529063F19298001353F053887
S31501010D60313F05387529063F195F80087D2A4A14E6
S31501010D7031290954752A063F7128E0001D293D00D4
S31501010D80354903A7313F05387529063F19298001E0
S31501010D90353F0538313F05387529063F195F80080A
S31501010DA07D2A4A1431290954752A063F7128E00022
S31501010DB01D293D00354903A8313F05387529063FEF
S31501010DC019298001353F0538313F05387529063F17
S31501010DD0195F80087D2A4A1431290954752A063F6B
S31501010DE07128E0001D293D00354903A9313F053828
S31501010DF07529063F19298001353F0538313F0538E7
S31501010E007529063F195F80087D2A4A14312909543B
S31501010E10752A063F7128E0001D293D00354903AABF
S31501010E20313F05387529063F19298001353F0538B6
S31501010E307128E0001D293D00312903A27529063FCC
S31501010E40700998007F8000207D2000267529E00722
S31501010E507D2801207A12046471200000353F05398D
S31501010E607128E0001D293D0071400008354900F156
S31501010E707128E0001D293D005149031C7128E0003C
S31501010E801D293D00554900F47128E0001D293D0049
S31501010E9071400000354900F0313F05397529063F9A
S31501010EA07148E0001D4A3D00314A03A3754A063FD8
S31501010EB07108E0001D083D007D284A1435490100ED
S31501010EC0313F05397529063F19298001353F053914
S31501010ED0313F05397529063F7148E0001D4A3D003C
S31501010EE0314A03A4754A063F7108E0001D083D0019
S31501010EF07D284A1435490100313F05397529063FD7
S31501010F0019298001353F0539313F05397529063FD3
S31501010F107148E0001D4A3D00314A03A5754A063F65
S31501010F207108E0001D083D007D284A14354901007C
S31501010F30313F05397529063F19298001353F0539A3
S31501010F40313F05397529063F7148E0001D4A3D00CB
S31501010F50314A03A6754A063F7108E0001D083D00A6
S31501010F607D284A1435490100313F05397529063F66
S31501010F7019298001353F0539313F05397529063F63
S31501010F807148E0001D4A3D00314A03A7754A063FF3
S31501010F907108E0001D083D007D284A14354901000C
S31501010FA0313F05397529063F19298001353F053933
S31501010FB0313F05397529063F7148E0001D4A3D005B
S31501010FC0314A03A8754A063F7108E0001D083D0034
S31501010FD07D284A1435490100313F05397529063FF6
S31501010FE019298001353F0539313F05397529063FF3
S31501010FF07148E0001D4A3D00314A03A9754A063F81
S315010110007108E0001D083D007D284A14354901009B
S31501011010313F05397529063F19298001353F0539C2
S31501011020313F05397529063F7148E0001D4A3D00EA
S31501011030314A03AA754A063F7108E0001D083D00C1
S315010110407D284A1435490100313F05397529063F85
S3150101105019298001353F05397128E0001D293D0017
S31501011060312900F17529063F7009A8087F80002002
S315010110707D2000267529E0077D2801207A02023CA0
S315010110807128E0001D293D00514900F4713F7FFFA0
S315010110907F8A48007D2000267529E0077D280120E9
S315010110A07A1202187128E0001D293D00512900F428
S315010110B07009AA827F8000207D2000267529E0071C
S315010110C07D2801207A0201F47128E0001D293D00E5
S315010110D0312900F07529063F700998007F800020AB
S315010110E07D2000267529E0077D2801207A0201CCA1
S315010110F07120000071400000553F0540555F0544D0
S3150101110071200000553F054871200000553F054CEF
S315010111107128E0001D293D00312901007529063F8D
S315010111207D2A4B78513F054C7D295378553F054C16
S315010111307128E0001D293D00312901017529063F6C
S315010111407D294070515F054C7D494B78553F054CD2
S315010111507128E0001D293D00312901027529063F4B
S315010111607D298070515F054C7D494B78553F054C72
S315010111707128E0001D293D00312901037529063F2A
S315010111807D29C070515F054C7D494B78553F054C12
S31501011190513F054C553F0548507F054879FF0CB92C
S315010111A002420231553F0540555F0544513F054015
S315010111B0515F0544553F0550555F05547128E000BF
S315010111C01D093D00513F0550515F0554552802A89F
S315010111D0554802AC7120000071400000553F055889
S315010111E0555F055C71200000553F056071200000C7
S315010111F0553F05647128E0001D293D00312901048F
S315010112007529063F7D2A4B78513F05647D2953781F
S31501011210553F05647128E0001D293D00312901056D
S315010112207529063F7D294070515F05647D494B78DB
S31501011230553F05647128E0001D293D00312901064C
S315010112407529063F7D298070515F05647D494B787B
S31501011250553F05647128E0001D293D00312901072B
S315010112607529063F7D29C070515F05647D494B781B
S31501011270553F0564513F0564553F0560507F056043
S3150101128079FF0BD502420231553F0558555F055C81
S31501011290513F0558515F055C553F0568555F056C22
S315010112A07128E0001D091188513F0568515F056CE0
S315010112B0552800005548000471200000553F096476
S315010112C0712000005D3F096871200000353F0570FE
S315010112D07128E0001D293D00714002845549032012
S315010112E07128E0001D293D0071400006354903B30F
S315010112F01D3F096448134834031579FF6A2D0231EC
S31501011300752A063F7128E0001D293D00354903ACC8
S31501011310313F05707529063F195F80087D2A4A14F8
S315010113203129095C752A063F7128E0001D293D0016
S31501011330354903AD313F05707529063F19298001EC
S31501011340353F0570313F05707529063F195F8008E4
S315010113507D2A4A143129095C752A063F7128E00064
S315010113601D293D00354903AE313F05707529063FFB
S3150101137019298001353F0570313F05707529063FF1
S31501011380195F80087D2A4A143129095C752A063FAD
S315010113907128E0001D293D00354903AF313F057034
S315010113A07529063F19298001353F0570313F0570C1
S315010113B07529063F195F80087D2A4A143129095C7E
S315010113C0752A063F7128E0001D293D00354903B004
S315010113D0313F05707529063F19298001353F057091
S315010113E0313F05707529063F195F80087D2A4A1428
S315010113F03129095C752A063F7128E0001D293D0046
S31501011400354903B1313F05707529063F1929800117
S31501011410353F0570313F05707529063F195F800813
S315010114207D2A4A143129095C752A063F7128E00093
S315010114301D293D00354903B2313F05707529063F26
S3150101144019298001353F05707128E0001D293D00EC
S31501011450312903AC7529063F700998007F80002068
S315010114607D2000267529E0077D2801207A1204BA1C
S3150101147071200000353F05717128E0001D293D00ED
S3150101148071400006354900D97128E0001D293D004A
S31501011490514903207128E0001D293D00554900DC11
S315010114A07128E0001D293D0071400000354900D831
S315010114B0313F05717529063F7148E0001D4A3D001E
S315010114C0314A03AD754A063F7108E0001D083D002A
S315010114D07D284A14354900E8313F05717529063FD2
S315010114E019298001353F0571313F05717529063F7E
S315010114F07148E0001D4A3D00314A03AE754A063F77
S315010115007108E0001D083D007D284A14354900E8AF
S31501011510313F05717529063F19298001353F05714D
S31501011520313F05717529063F7148E0001D4A3D00AD
S31501011530314A03AF754A063F7108E0001D083D00B7
S315010115407D284A14354900E8313F05717529063F61
S3150101155019298001353F0571313F05717529063F0D
S315010115607148E0001D4A3D00314A03B0754A063F04
S315010115707108E0001D083D007D284A14354900E83F
S31501011580313F05717529063F19298001353F0571DD
S31501011590313F05717529063F7148E0001D4A3D003D
S315010115A0314A03B1754A063F7108E0001D083D0045
S315010115B07D284A14354900E8313F05717529063FF1
S315010115C019298001353F0571313F05717529063F9D
S315010115D07148E0001D4A3D00314A03B2754A063F92
S315010115E07108E0001D083D007D284A14354900E8CF
S315010115F0313F05717529063F19298001353F05716D
S315010116007128E0001D293D00312900D97529063FC0
S315010116107009A8067F8000207D2000267529E00734
S315010116207D2801207A0203027128E0001D293D006F
S31501011630514900DC713F7FFF7F8A48007D200026EA
S315010116407529E0077D2801207A1202DE7128E00062
S315010116501D293D00512900DC7009AA847F800020E3
S315010116607D2000267529E0077D2801207A0202BA2C
S315010116707128E0001D293D00312900D87529063F51
S31501011680700998007F8000207D2000267529E007DA
S315010116907D2801207A02029271200000714000002A
S315010116A0553F0578555F057C712000005D3F05803A
S315010116B0712000005D3F05827128E0001D293D0072
S315010116C0312900EC7529063F752A043F593F0582E8
S315010116D07D494B785D3F05827128E0001D293D005A
S315010116E0312900ED7529063F7529043F7D29407091
S315010116F0752A043F593F05827D494B785D3F058235
S31501011700593F05825D3F0580593F05807529043F93
S31501011710031379FF074302420231553F0578555FAD
S31501011720057C513F0578515F057C553F0588555F1D
S31501011730058C507F0588509F058C70A7E7B970B35A
S31501011740C19970D3E19970D3C19A79FEFE830242A0
S315010117500231553F0588555F058C7128E0001D0949
S3150101176012C8513F0588515F058C5528000055481F
S3150101177000047120000071400000553F0590555F3E
S315010117800594712000005D3F0598712000005D3FC1
S31501011790059A7128E0001D293D00312900EA7529C4
S315010117A0063F752A043F593F059A7D494B785D3FAE
S315010117B0059A7128E0001D293D00312900EB7529A3
S315010117C0063F7529043F7D294070752A043F593F1B
S315010117D0059A7D494B785D3F059A593F059A5D3FCB
S315010117E00598593F05987529043F031379FF066941
S315010117F002420231553F0590555F0594513F0590CF
S31501011800515F0594553F05A0555F05A4507F05A07D
S31501011810509F05A470A7E7B970B3C19970D3E19937
S3150101182070D3C19A79FEFDA902420231553F05A045
S31501011830555F05A47128E0001D0911B0513F05A0AE
S31501011840515F05A455280000554800047120000088
S3150101185071400000553F05A8555F05AC7120000098
S315010118605D3F05B0712000005D3F05B27128E000C2
S315010118701D293D00312900E87529063F752A043FD6
S31501011880593F05B27D494B785D3F05B27128E000AC
S315010118901D293D00312900E97529063F7529043FB6
S315010118A07D294070752A043F593F05B27D494B7820
S315010118B05D3F05B2593F05B25D3F05B0593F05B0E0
S315010118C07529043F031379FF058F02420231553F02
S315010118D005A8555F05AC513F05A8515F05AC553FBC
S315010118E005B8555F05BC507F05B8509F05BC70A76B
S315010118F0E7B970B3C19970D3E19970D3C19A79FEF1
S31501011900FCCF02420231553F05B8555F05BC71282E
S31501011910E0001D091240513F05B8515F05BC55282C
S315010119200000554800047120000071400000553F38
S31501011930096C555F097071200000353F05C071289A
S31501011940E0001D293D00714002815549032471289A
S31501011950E0001D293D0071400008354903BD1D3FC9
S31501011960096C48134844031579FF63BF0231752A8F
S31501011970063F7128E0001D293D00354903B4313F79
S3150101198005C07529063F195F80087D2A4A14312948
S315010119900964752A063F7128E0001D293D00354974
S315010119A003B5313F05C07529063F19298001353F28
S315010119B005C0313F05C07529063F195F80087D2A9B
S315010119C04A1431290964752A063F7128E0001D2947
S315010119D03D00354903B6313F05C07529063F192931
S315010119E08001353F05C0313F05C07529063F195FA5
S315010119F080087D2A4A1431290964752A063F71280E
S31501011A00E0001D293D00354903B7313F05C0752960
S31501011A10063F19298001353F05C0313F05C07529AA
S31501011A20063F195F80087D2A4A1431290964752AFE
S31501011A30063F7128E0001D293D00354903B8313FB4
S31501011A4005C07529063F19298001353F05C0313F7A
S31501011A5005C07529063F195F80087D2A4A14312977
S31501011A600964752A063F7128E0001D293D003549A3
S31501011A7003B9313F05C07529063F19298001353F53
S31501011A8005C0313F05C07529063F195F80087D2ACA
S31501011A904A1431290964752A063F7128E0001D2976
S31501011AA03D00354903BA313F05C07529063F19295C
S31501011AB08001353F05C0313F05C07529063F195FD4
S31501011AC080087D2A4A1431290964752A063F71283D
S31501011AD0E0001D293D00354903BB313F05C075298C
S31501011AE0063F19298001353F05C0313F05C07529DA
S31501011AF0063F195F80087D2A4A1431290964752A2E
S31501011B00063F7128E0001D293D00354903BC313FDF
S31501011B1005C07529063F19298001353F05C0712880
S31501011B20E0001D293D00312903B47529063F7009DD
S31501011B3098007F8000207D2000267529E0077D28F9
S31501011B4001207A120A2C71200000353F05C1712846
S31501011B50E0001D293D0071400008354900797128D1
S31501011B60E0001D293D00514903247128E0001D298A
S31501011B703D005549007C7128E0001D293D00714059
S31501011B80000035490078313F05C17529063F714885
S31501011B90E0001D4A3D00314A03B5754A063F710809
S31501011BA0E0001D083D007D284A1435490088313F72
S31501011BB005C17529063F19298001353F05C1313F07
S31501011BC005C17529063F7148E0001D4A3D00314AAC
S31501011BD003B6754A063F7108E0001D083D007D28E0
S31501011BE04A1435490088313F05C17529063F19292E
S31501011BF08001353F05C1313F05C17529063F714850
S31501011C00E0001D4A3D00314A03B7754A063F710896
S31501011C10E0001D083D007D284A1435490088313F01
S31501011C2005C17529063F19298001353F05C1313F96
S31501011C3005C17529063F7148E0001D4A3D00314A3B
S31501011C4003B8754A063F7108E0001D083D007D286D
S31501011C504A1435490088313F05C17529063F1929BD
S31501011C608001353F05C1313F05C17529063F7148DF
S31501011C70E0001D4A3D00314A03B9754A063F710824
S31501011C80E0001D083D007D284A1435490088313F91
S31501011C9005C17529063F19298001353F05C1313F26
S31501011CA005C17529063F7148E0001D4A3D00314ACB
S31501011CB003BA754A063F7108E0001D083D007D28FB
S31501011CC04A1435490088313F05C17529063F19294D
S31501011CD08001353F05C1313F05C17529063F71486F
S31501011CE0E0001D4A3D00314A03BB754A063F7108B2
S31501011CF0E0001D083D007D284A1435490088313F21
S31501011D0005C17529063F19298001353F05C1313FB5
S31501011D1005C17529063F7148E0001D4A3D00314A5A
S31501011D2003BC754A063F7108E0001D083D007D2888
S31501011D304A1435490088313F05C17529063F1929DC
S31501011D408001353F05C17128E0001D293D0031297A
S31501011D5000797529063F7009A8087F8000207D203A
S31501011D6000267529E0077D2801207A0208047128D9
S31501011D70E0001D293D005149007C713F7FFF7F8AAB
S31501011D8048007D2000267529E0077D2801207A1269
S31501011D9007E07128E0001D293D005129007C7009E9
S31501011DA0AA817F8000207D2000267529E0077D28F4
S31501011DB001207A0207BC7128E0001D293D00312965
S31501011DC000787529063F700998007F8000207D20E3
S31501011DD000267529E0077D2801207A0207947120E2
S31501011DE0000071400000553F05C8555F05CC7120C3
S31501011DF000005D3F05D0712000005D3F09741D3F64
S31501011E000974553F05D47128E0001D293D0031298A
S31501011E10008C7529063F752A043F593F09747529B6
S31501011E20043F7D494B787529043F5D3F097471284B
S31501011E30E0001D293D003129008D7529063F7529CF
S31501011E40043F7D294070752A043F593F097475295C
S31501011E50043F7D494B787529043F5D3F0974513F24
S31501011E6005D4592900005D3F05D0593F05D07D298B
S31501011E700734031379FEFE0902420231553F05C8B3
S31501011E80555F05CC513F05C8515F05CC553F05D876
S31501011E90555F05DC507F05D8509F05DC70A7E784A7
S31501011EA070A2C20570D7E40170D4C36E79FEF72121
S31501011EB002420231553F05D8555F05DC7128E00024
S31501011EC01D091330513F05D8515F05DC5528000026
S31501011ED0554800047120000071400000553F05E09E
S31501011EE0555F05E4712000005D3F05E871200000A2
S31501011EF05D3F09761D3F0976553F05EC7128E000E6
S31501011F001D293D003129008E7529063F752A043F99
S31501011F10593F09767529043F7D494B787529043F57
S31501011F205D3F09767128E0001D293D003129008FA9
S31501011F307529063F7529043F7D294070752A043F9D
S31501011F40593F09767529043F7D494B787529043F27
S31501011F505D3F0976513F05EC592900005D3F05E8D2
S31501011F60593F05E87D290734031379FEFD13024222
S31501011F700231553F05E0555F05E4513F05E0515FEB
S31501011F8005E4553F05F0555F05F47128E0001D098B
S31501011F9012D8513F05F0515F05F455280000554807
S31501011FA000047120000071400000553F05F8555F9E
S31501011FB005FC712000005D3F0600712000005D3FB8
S31501011FC006027128E0001D293D003129008A752983
S31501011FD0063F752A043F593F06027D494B785D3F0D
S31501011FE006027128E0001D293D003129008B752962
S31501011FF0063F7529043F7D294070752A043F593FE3
S3150101200006027D494B785D3F0602593F06025D3F57
S315010120100600593F06007529043F031379FEFE396F
S3150101202002420231553F05F8555F05FC513F05F85E
S31501012030515F05FC553F0608555F060C7128E00006
S315010120401D091290513F0608515F060C55280000E3
S31501012050554800047120000071400000553F0610EB
S31501012060555F061471200000353F061871200000E6
S31501012070353F06197128E0001D293D0031290089E6
S315010120807529063F1929C0107D292670752A063F33
S31501012090313F06197D494B78353F0619313F0619FE
S315010120A0353F0618313F06187529063F031379FE98
S315010120B0FDA702420231553F0610555F0614513FF5
S315010120C00610515F0614553F0620555F06247128F7
S315010120D0E0001D091350513F0620515F0624552882
S315010120E00000554800047120000071400000553F71
S315010120F00628555F062C71200000353F06307120F8
S315010121000000353F06317128E0001D293D003129C6
S3150101211000897529063F7D293C70752A063F313FA5
S3150101212006317D494B78353F0631313F0631353F21
S315010121300630313F06307529063F031379FEFD1935
S3150101214002420231553F0628555F062C513F0628AA
S31501012150515F062C553F0638555F063C7128E00054
S315010121601D093D00513F0638515F063C552802685D
S315010121705548026C7120000071400000553F064030
S31501012180555F064471200000353F06487120000065
S31501012190353F06497128E0001D293D003129008995
S315010121A07529063F1929C0027D290E70752A063F38
S315010121B0313F06497D494B78353F0649313F06494D
S315010121C0353F0648313F06487529063F031379FE17
S315010121D0FC8702420231553F0640555F0644513F95
S315010121E00640515F0644553F0650555F0654712816
S315010121F0E0001D091218513F0650515F065455283A
S315010122000000554800047120000071400000553F4F
S315010122100658555F065C71200000353F0660712046
S315010122200000353F06617128E0001D293D00312975
S3150101223000897529063F1929C0407D293670752AFD
S31501012240063F313F06617D494B78353F0661313F96
S315010122500661353F0660313F06607529063F031366
S3150101226079FEFBF502420231553F0658555F065C80
S31501012270513F0658515F065C553F0668555F066C2E
S315010122807128E0001D0911A8513F0668515F066CCE
S3150101229055280000554800047120000071400000D6
S315010122A0553F0670555F067471200000353F06786B
S315010122B071200000353F06797128E0001D293D0096
S315010122C0312900897529063F1929C0087D291E7002
S315010122D0752A063F313F06797D494B78353F0679A7
S315010122E0313F0679353F0678313F06787529063F34
S315010122F0031379FEFB6302420231553F0670555FB6
S315010123000674513F0670515F0674553F0680555F4D
S3150101231006847128E0001D093D00513F0680515F89
S3150101232006845528027055480274712000007140D7
S315010123300000553F0688555F068C71200000353F28
S31501012340069071200000353F06917128E0001D2994
S315010123503D00312900897529063F1929C0207D29AA
S315010123602E70752A063F313F06917D494B78353FDF
S315010123700691313F0691353F0690313F0690752909
S31501012380063F031379FEFAD102420231553F06880F
S31501012390555F068C513F0688515F068C553F06985D
S315010123A0555F069C7128E0001D091168513F069889
S315010123B0515F069C55280000554800047120000014
S315010123C071400000553F06A0555F06A4712000002B
S315010123D0353F06A871200000353F06A97128E000A6
S315010123E01D293D0031290088752A063F313F06A97D
S315010123F07D494B78353F06A9313F06A9353F06A8E8
S31501012400313F06A87529063F031379FEFA4B0242AD
S315010124100231553F06A0555F06A4513F06A0515F03
S3150101242006A4553F06B0555F06B47128E0001D09A3
S315010124303D00513F06B0515F06B455280278554813
S31501012440027C7120000071400000553F06B8555FBE
S3150101245006BC71200000353F06C071200000353FE2
S3150101246006C17128E0001D293D0031290089752920
S31501012470063F7D2907741929C0017D2A0774313F59
S3150101248006C17D2907747D494B787D290774353F3E
S3150101249006C1313F06C1353F06C0313F06C0752928
S315010124A0063F031379FEF9B102420231553F06B8DF
S315010124B0555F06BC513F06B8515F06BC553F06C87C
S315010124C0555F06CC7128E0001D091258513F06C817
S315010124D0515F06CC552800005548000471200000C3
S315010124E071400000553F06D0555F06D471200000AA
S315010124F0353F06D871200000353F06D97128E00025
S315010125001D293D00312900897529063F1929C00474
S315010125107D291670752A063F313F06D97D494B78CB
S31501012520353F06D9313F06D9353F06D8313F06D861
S315010125307529063F031379FEF91F02420231553F00
S3150101254006D0555F06D4513F06D0515F06D4553F9B
S3150101255006E0555F06E47128E0001D093D00513F83
S3150101256006E0515F06E45528028055480284712030
S31501012570000071400000553F0978555F097C7120C3
S315010125800000353F06E87128E0001D293D00714034
S315010125900283554903287128E0001D293D00714038
S315010125A00008354903C71D3F0978481348540315E7
S315010125B079FF57770231752A063F7128E0001D29F7
S315010125C03D00354903BE313F06E87529063F195FCE
S315010125D080087D2A4A1431290970752A063F712816
S315010125E0E0001D293D00354903BF313F06E8752944
S315010125F0063F19298001353F06E8313F06E875296D
S31501012600063F195F80087D2A4A1431290970752A06
S31501012610063F7128E0001D293D00354903C0313FC0
S3150101262006E87529063F19298001353F06E8313F3C
S3150101263006E87529063F195F80087D2A4A14312962
S315010126400970752A063F7128E0001D293D003549AB
S3150101265003C1313F06E87529063F19298001353F36
S3150101266006E8313F06E87529063F195F80087D2A8C
S315010126704A1431290970752A063F7128E0001D297E
S315010126803D00354903C2313F06E87529063F19293F
S315010126908001353F06E8313F06E87529063F195F96
S315010126A080087D2A4A1431290970752A063F712845
S315010126B0E0001D293D00354903C3313F06E875296F
S315010126C0063F19298001353F06E8313F06E875299C
S315010126D0063F195F80087D2A4A1431290970752A36
S315010126E0063F7128E0001D293D00354903C4313FEC
S315010126F006E87529063F19298001353F06E8313F6C
S3150101270006E87529063F195F80087D2A4A14312991
S315010127100970752A063F7128E0001D293D003549DA
S3150101272003C5313F06E87529063F19298001353F61
S3150101273006E8313F06E87529063F195F80087D2ABB
S315010127404A1431290970752A063F7128E0001D29AD
S315010127503D00354903C6313F06E87529063F19296A
S315010127608001353F06E87128E0001D293D00312928
S3150101277003BE7529063F700998007F8000207D20E0
S3150101278000267529E0077D2801207A12046471204B
S315010127900000353F06E97128E0001D293D00714021
S315010127A00008354900A97128E0001D293D0051495C
S315010127B003287128E0001D293D00554900AC712807
S315010127C0E0001D293D0071400000354900A8313F57
S315010127D006E97529063F7148E0001D4A3D00314A67
S315010127E003BF754A063F7108E0001D083D007D28BB
S315010127F04A14354900B8313F06E97529063F1929B9
S315010128008001353F06E9313F06E97529063F7148E1
S31501012810E0001D4A3D00314A03C0754A063F710871
S31501012820E0001D083D007D284A14354900B8313FB5
S3150101283006E97529063F19298001353F06E9313F28
S3150101284006E97529063F7148E0001D4A3D00314AF6
S3150101285003C1754A063F7108E0001D083D007D2848
S315010128604A14354900B8313F06E97529063F192948
S315010128708001353F06E9313F06E97529063F714871
S31501012880E0001D4A3D00314A03C2754A063F7108FF
S31501012890E0001D083D007D284A14354900B8313F45
S315010128A006E97529063F19298001353F06E9313FB8
S315010128B006E97529063F7148E0001D4A3D00314A86
S315010128C003C3754A063F7108E0001D083D007D28D6
S315010128D04A14354900B8313F06E97529063F1929D8
S315010128E08001353F06E9313F06E97529063F714801
S315010128F0E0001D4A3D00314A03C4754A063F71088D
S31501012900E0001D083D007D284A14354900B8313FD4
S3150101291006E97529063F19298001353F06E9313F47
S3150101292006E97529063F7148E0001D4A3D00314A15
S3150101293003C5754A063F7108E0001D083D007D2863
S315010129404A14354900B8313F06E97529063F192967
S315010129508001353F06E9313F06E97529063F714890
S31501012960E0001D4A3D00314A03C6754A063F71081A
S31501012970E0001D083D007D284A14354900B8313F64
S3150101298006E97529063F19298001353F06E97128AE
S31501012990E0001D293D00312900A97529063F70096D
S315010129A0A8087F8000207D2000267529E0077D2863
S315010129B001207A02023C7128E0001D293D0051499E
S315010129C000AC713F7FFF7F8A48007D200026752973
S315010129D0E0077D2801207A1202187128E0001D29DD
S315010129E03D00512900AC7009AA837F8000207D201A
S315010129F000267529E0077D2801207A0201F4712854
S31501012A00E0001D293D00312900A87529063F7009FD
S31501012A1098007F8000207D2000267529E0077D280A
S31501012A2001207A0201CC7120000071400000553F5E
S31501012A3006F0555F06F471200000553F06F8712036
S31501012A400000553F06FC7128E0001D293D00312992
S31501012A5000B87529063F7D2A4B78513F06FC7D2931
S31501012A605378553F06FC7128E0001D293D003129A7
S31501012A7000B97529063F7D294070515F06FC7D49E4
S31501012A804B78553F06FC7128E0001D293D0031298F
S31501012A9000BA7529063F7D298070515F06FC7D4983
S31501012AA04B78553F06FC7128E0001D293D0031296F
S31501012AB000BB7529063F7D29C070515F06FC7D4922
S31501012AC04B78553F06FC513F06FC553F06F8507FB2
S31501012AD006F879FEF38302420231553F06F0555F4E
S31501012AE006F4513F06F0515F06F4553F0700555F65
S31501012AF007047128E0001D093D00513F0700515FA0
S31501012B000704552802885548028C7120000071403E
S31501012B100000553F0708555F070C71200000553F1E
S31501012B20071071200000553F07147128E0001D2987
S31501012B303D00312900BC7529063F7D2A4B78513F5D
S31501012B4007147D295378553F07147128E0001D2983
S31501012B503D00312900BD7529063F7D294070515F30
S31501012B6007147D494B78553F07147128E0001D294B
S31501012B703D00312900BE7529063F7D298070515FCF
S31501012B8007147D494B78553F07147128E0001D292B
S31501012B903D00312900BF7529063F7D29C070515F6E
S31501012BA007147D494B78553F0714513F0714553F8B
S31501012BB00710507F071079FEF29F02420231553FFD
S31501012BC00708555F070C513F0708515F070C553F31
S31501012BD00718555F071C7128E0001D091268513F4E
S31501012BE00718515F071C552800005548000471203C
S31501012BF00000553F0980712000005D3F0984712065
S31501012C000000353F07207128E0001D293D00714074
S31501012C1002855549032C7128E0001D293D007140AB
S31501012C200006354903CF1D3F0980481348040315A2
S31501012C3079FF50F70231752A063F7128E0001D29F7
S31501012C403D00354903C8313F07207529063F195F04
S31501012C5080087D2A4A1431290978752A063F712887
S31501012C60E0001D293D00354903C9313F072075297A
S31501012C70063F19298001353F0720313F0720752974
S31501012C80063F195F80087D2A4A1431290978752A78
S31501012C90063F7128E0001D293D00354903CA313F30
S31501012CA007207529063F19298001353F0720313F44
S31501012CB007207529063F195F80087D2A4A143129A3
S31501012CC00978752A063F7128E0001D293D0035491D
S31501012CD003CB313F07207529063F19298001353F6D
S31501012CE00720313F07207529063F195F80087D2A94
S31501012CF04A1431290978752A063F7128E0001D29F0
S31501012D003D00354903CC313F07207529063F192975
S31501012D108001353F0720313F07207529063F195F9D
S31501012D2080087D2A4A1431290978752A063F7128B6
S31501012D30E0001D293D00354903CD313F07207529A5
S31501012D40063F19298001353F0720313F07207529A3
S31501012D50063F195F80087D2A4A1431290978752AA7
S31501012D60063F7128E0001D293D00354903CE313F5B
S31501012D7007207529063F19298001353F072071284A
S31501012D80E0001D293D00312903C87529063F700957
S31501012D9098007F8000207D2000267529E0077D2887
S31501012DA001207A1204BA71200000353F07217128EA
S31501012DB0E0001D293D007140000635490091712849
S31501012DC0E0001D293D005149032C7128E0001D2910
S31501012DD03D00554900947128E0001D293D007140CF
S31501012DE0000035490090313F07217529063F714899
S31501012DF0E0001D4A3D00314A03C9754A063F710883
S31501012E00E0001D083D007D284A14354900A0313FE7
S31501012E1007217529063F19298001353F0721313FD0
S31501012E2007217529063F7148E0001D4A3D00314AD7
S31501012E3003CA754A063F7108E0001D083D007D2859
S31501012E404A14354900A0313F07217529063F192941
S31501012E508001353F0721313F07217529063F714819
S31501012E60E0001D4A3D00314A03CB754A063F710810
S31501012E70E0001D083D007D284A14354900A0313F77
S31501012E8007217529063F19298001353F0721313F60
S31501012E9007217529063F7148E0001D4A3D00314A67
S31501012EA003CC754A063F7108E0001D083D007D28E7
S31501012EB04A14354900A0313F07217529063F1929D1
S31501012EC08001353F0721313F07217529063F7148A9
S31501012ED0E0001D4A3D00314A03CD754A063F71089E
S31501012EE0E0001D083D007D284A14354900A0313F07
S31501012EF007217529063F19298001353F0721313FF0
S31501012F0007217529063F7148E0001D4A3D00314AF6
S31501012F1003CE754A063F7108E0001D083D007D2874
S31501012F204A14354900A0313F07217529063F192960
S31501012F308001353F07217128E0001D293D00312916
S31501012F4000917529063F7009A8067F8000207D2022
S31501012F5000267529E0077D2801207A0203027128DE
S31501012F60E0001D293D0051490094713F7FFF7F8A91
S31501012F7048007D2000267529E0077D2801207A1267
S31501012F8002DE7128E0001D293D00512900947009D6
S31501012F90AA857F8000207D2000267529E0077D28EE
S31501012FA001207A0202BA7128E0001D293D0031296A
S31501012FB000907529063F700998007F8000207D20C9
S31501012FC000267529E0077D2801207A0202927120E7
S31501012FD0000071400000553F0728555F072C7120FD
S31501012FE000005D3F0730712000005D3F0732712807
S31501012FF0E0001D293D00312900A47529063F752AE6
S31501013000043F593F07327D494B785D3F07327128AD
S31501013010E0001D293D00312900A57529063F7529C5
S31501013020043F7D294070752A043F593F07327D4986
S315010130304B785D3F0732593F07325D3F0730593FB4
S3150101304007307529043F031379FEEE0D0242023161
S31501013050553F0728555F072C513F0728515F072C1C
S31501013060553F0738555F073C507F0738509F073C4E
S3150101307070A7E7B970B3C19970D3E19970D3C19AB9
S3150101308079FEE54D02420231553F0738555F073C4E
S315010130907128E0001D0912A8513F0738515F073C0D
S315010130A055280000554800047120000071400000B8
S315010130B0553F0740555F0744712000005D3F0748B2
S315010130C0712000005D3F074A7128E0001D293D007E
S315010130D0312900A27529063F752A043F593F074A3E
S315010130E07D494B785D3F074A7128E0001D293D0066
S315010130F0312900A37529063F7529043F7D294070B1
S31501013100752A043F593F074A7D494B785D3F074A76
S31501013110593F074A5D3F0748593F07487529043F0B
S31501013120031379FEED3302420231553F0740555FE4
S315010131300744513F0740515F0744553F0750555FCB
S315010131400754507F0750509F075470A7E7B970B3D2
S31501013150C19970D3E19970D3C19A79FEE4730242A0
S315010131600231553F0750555F07547128E0001D098B
S315010131701250513F0750515F0754552800005548D9
S3150101318000047120000071400000553F0758555F4A
S31501013190075C712000005D3F0760712000005D3F03
S315010131A007627128E0001D293D00312900A075291A
S315010131B0063F752A043F593F07627D494B785D3FBA
S315010131C007627128E0001D293D00312900A17529F9
S315010131D0063F7529043F7D294070752A043F593FF1
S315010131E007627D494B785D3F0762593F07625D3F43
S315010131F00760593F07607529043F031379FEEC59AE
S3150101320002420231553F0758555F075C513F075846
S31501013210515F075C553F0768555F076C507F07682B
S31501013220509F076C70A7E7B970B3C19970D3E19943
S3150101323070D3C19A79FEE39902420231553F07687B
S31501013240555F076C7128E0001D091200513F07689F
S31501013250515F076C5528000055480004481348245E
S3150101326079FF5A7D0231752A043F7128E0005D49D3
S3150101327011D24813484479FF5A670231752A043F2E
S315010132807128E0005D4912B44813480479FF5A5187
S315010132900231752A043F7128E0005D491210480385
S315010132A048D479FF5A3B0231752A043F7128E0005F
S315010132B05D4911587120000071400000553F098890
S315010132C0555F098C71200000353F07707128E000B8
S315010132D01D293D0071400201554903387128E0005D
S315010132E01D293D0071400008354903ED1D3F09883F
S315010132F0480349B4031579FF4A310231752A063F5C
S315010133007128E0001D293D00354903E4313F07706D
S315010133107529063F195F80087D2A4A1431290980DA
S31501013320752A063F7128E0001D293D00354903E54F
S31501013330313F07707529063F19298001353F07700D
S31501013340313F07707529063F195F80087D2A4A14A6
S3150101335031290980752A063F7128E0001D293D00A2
S31501013360354903E6313F07707529063F1929800161
S31501013370353F0770313F07707529063F195F800890
S315010133807D2A4A1431290980752A063F7128E000F0
S315010133901D293D00354903E7313F07707529063F70
S315010133A019298001353F0770313F07707529063F9D
S315010133B0195F80087D2A4A1431290980752A063F39
S315010133C07128E0001D293D00354903E8313F0770A9
S315010133D07529063F19298001353F0770313F07706D
S315010133E07529063F195F80087D2A4A14312909800A
S315010133F0752A063F7128E0001D293D00354903E97B
S31501013400313F07707529063F19298001353F07703C
S31501013410313F07707529063F195F80087D2A4A14D5
S3150101342031290980752A063F7128E0001D293D00D1
S31501013430354903EA313F07707529063F192980018C
S31501013440353F0770313F07707529063F195F8008BF
S315010134507D2A4A1431290980752A063F7128E0001F
S315010134601D293D00354903EB313F07707529063F9B
S3150101347019298001353F0770313F07707529063FCC
S31501013480195F80087D2A4A1431290980752A063F68
S315010134907128E0001D293D00354903EC313F0770D4
S315010134A07529063F19298001353F07707128E0000A
S315010134B01D293D00312903E47529063F700998004C
S315010134C07F8000207D2000267529E0077D280120C7
S315010134D07A1207C271200000353F07717128E00099
S315010134E01D293D0071400008354901397128E00067
S315010134F01D293D00514903387128E0001D293D0070
S315010135005549013C7128E0001D293D00714000002B
S3150101351035490138313F07717529063F7148E00088
S315010135201D4A3D00314A03E5754A063F7108E0002F
S315010135301D083D007D284A1435490148313F07716F
S315010135407529063F19298001353F0771313F0771F9
S315010135507529063F7148E0001D4A3D00314A03E6DF
S31501013560754A063F7108E0001D083D007D284A1491
S3150101357035490148313F07717529063F19298001EE
S31501013580353F0771313F07717529063F7148E000E3
S315010135901D4A3D00314A03E7754A063F7108E000BD
S315010135A01D083D007D284A1435490148313F0771FF
S315010135B07529063F19298001353F0771313F077189
S315010135C07529063F7148E0001D4A3D00314A03E86D
S315010135D0754A063F7108E0001D083D007D284A1421
S315010135E035490148313F07717529063F192980017E
S315010135F0353F0771313F07717529063F7148E00073
S315010136001D4A3D00314A03E9754A063F7108E0004A
S315010136101D083D007D284A1435490148313F07718E
S315010136207529063F19298001353F0771313F077118
S315010136307529063F7148E0001D4A3D00314A03EAFA
S31501013640754A063F7108E0001D083D007D284A14B0
S3150101365035490148313F07717529063F192980010D
S31501013660353F0771313F07717529063F7148E00002
S315010136701D4A3D00314A03EB754A063F7108E000D8
S315010136801D083D007D284A1435490148313F07711E
S315010136907529063F19298001353F0771313F0771A8
S315010136A07529063F7148E0001D4A3D00314A03EC88
S315010136B0754A063F7108E0001D083D007D284A1440
S315010136C035490148313F07717529063F192980019D
S315010136D0353F07717128E0001D293D003129013966
S315010136E07529063F7009A8087F8000207D200026E4
S315010136F07529E0077D2801207A02059A7128E000E3
S315010137001D293D005149013C713F7FFF7F8A4800D8
S315010137107D2000267529E0077D2801207A1205768C
S315010137207128E0001D293D005129013C7009AA01BA
S315010137307F8000207D2000267529E0077D28012054
S315010137407A0205527128E0001D293D00312901380F
S315010137507529063F700998007F8000207D2000268B
S315010137607529E0077D2801207A02052A71200000CA
S3150101377071400000553F0778555F077C71200000B5
S31501013780353F078071200000353F07817128E00030
S315010137901D293D00312901487529063F1929C00214
S315010137A07D290E70752A063F313F07817D494B7888
S315010137B0353F0781313F0781353F0780313F07801B
S315010137C07529063F031379FEE68F02420231553F01
S315010137D00778555F077C513F0778515F077C553F55
S315010137E00788555F078C7128E0001D093D00513F8F
S315010137F00788515F078C552802B0554802B47120DC
S31501013800000071400000553F0790555F07947120F4
S3150101381000005D3F0798712000005D3F079A7128FE
S31501013820E0001D293D003129014D7529063F752A03
S31501013830043F593F079A7D494B785D3F079A7128A5
S31501013840E0001D293D003129014E7529063F7529E3
S31501013850043F7D294070752A043F593F079A7D49E6
S315010138604B785D3F079A593F079A5D3F0798593F44
S3150101387007987529043F031379FEE5DD02420231FA
S31501013880553F0790555F0794513F0790515F079444
S31501013890553F07A0555F07A4507F07A0509F07A476
S315010138A070A7E72370B5C12A70C6E05570C6C2611B
S315010138B079FEDD1D024202310313032470A8E013D0
S315010138C070B5C12A70C6E05570C6C26179FEDC9B2E
S315010138D002420231553F07A0555F07A47128E00056
S315010138E01D091198513F07A0515F07A455280000F2
S315010138F0554800047120000071400000553F07A89A
S31501013900555F07AC71200000353F07B071200000FB
S31501013910353F07B17128E0001D293D0031290148D4
S315010139207529063F1929C0047D291670752A063F96
S31501013930313F07B17D494B78353F07B1313F07B17A
S31501013940353F07B0313F07B07529063F031379FEAD
S31501013950E50702420231553F07A8555F07AC513FC2
S3150101396007A8515F07AC553F07B8555F07BC7128DA
S31501013970E0001D093D00513F07B8515F07BC5528BD
S3150101398002B8554802BC7120000071400000553F44
S3150101399007C0555F07C4712000005D3F07C871204C
S315010139A000005D3F07CA7128E0001D293D0031294C
S315010139B0014B7529063F752A043F593F07CA7D49BF
S315010139C04B785D3F07CA7128E0001D293D00312969
S315010139D0014C7529063F7529043F7D294070752AD9
S315010139E0043F593F07CA7D494B785D3F07CA593F95
S315010139F007CA5D3F07C8593F07C87529043F031325
S31501013A0079FEE45502420231553F07C0555F07C4AD
S31501013A10513F07C0515F07C4553F07D0555F07D4D2
S31501013A20507F07D0509F07D470A7E72370B5C12AED
S31501013A3070C6E05570C6C26179FEDB95024202315C
S31501013A400313032470A8E01370B5C12A70C6E055AB
S31501013A5070C6C26179FEDB1302420231553F07D0BE
S31501013A60555F07D47128E0001D091298513F07D00F
S31501013A70515F07D455280000554800047120000004
S31501013A8071400000553F07D8555F07DC71200000E2
S31501013A90353F07E071200000353F07E17128E0005D
S31501013AA01D293D00312901487529063F7D292470CB
S31501013AB0752A063F313F07E17D494B78353F07E1DD
S31501013AC0313F07E1353F07E0313F07E07529063F01
S31501013AD0031379FEE38302420231553F07D8555F4D
S31501013AE007DC513F07D8515F07DC553F07E8555FB2
S31501013AF007EC7128E0001D093D00513F07E8515FC0
S31501013B0007EC552802C0554802C4712000007140D6
S31501013B100000553F07F0555F07F471200000353F5E
S31501013B2007F871200000353F07F97128E0001D29CA
S31501013B303D00312901487529063F1929C0087D290A
S31501013B401E70752A063F313F07F97D494B78353F8E
S31501013B5007F9313F07F9353F07F8313F07F875296D
S31501013B60063F031379FEE2F102420231553F07F0A6
S31501013B70555F07F4513F07F0515F07F4553F0800C0
S31501013B80555F08047128E0001D093D00513F0800F9
S31501013B90515F0804552802C8554802CC712000001E
S31501013BA071400000553F0808555F080C712000005F
S31501013BB05D3F0810712000005D3F08127128E00089
S31501013BC01D293D00312901497529063F752A043F01
S31501013BD0593F08127D494B785D3F08127128E00073
S31501013BE01D293D003129014A7529063F7529043FE1
S31501013BF07D294070752A043F593F08127D494B784A
S31501013C005D3F0812593F08125D3F0810593F0810E0
S31501013C107529043F031379FEE23F02420231553F02
S31501013C200808555F080C513F0808515F080C553FBC
S31501013C300818555F081C507F0818509F081C70A76B
S31501013C40E77770ACC35E70CEE42970D3C58879FE7F
S31501013C50D97F024202310313032470A8E06770ACD5
S31501013C60C7AE70C2E47A70DCC14879FED8FD024262
S31501013C700231553F0818555F081C7128E0001D09DE
S31501013C801260513F0818515F081C5528000055481C
S31501013C9000047120000071400000553F0990555FF5
S31501013CA0099471200000353F08207128E0001D2983
S31501013CB03D007143E0607148C0F35549033C7128E9
S31501013CC0E0001D293D0071400008354903F71D3FFC
S31501013CD0099048034834031579FF404F0231752A8B
S31501013CE0063F7128E0001D293D00354903EE313FAC
S31501013CF008207529063F195F80087D2A4A14312952
S31501013D000988752A063F7128E0001D293D003549BC
S31501013D1003EF313F08207529063F19298001353FF7
S31501013D200820313F08207529063F195F80087D2A41
S31501013D304A1431290988752A063F7128E0001D298F
S31501013D403D00354903F0313F08207529063F192900
S31501013D508001353F0820313F08207529063F195F4B
S31501013D6080087D2A4A1431290988752A063F712856
S31501013D70E0001D293D00354903F1313F0820752930
S31501013D80063F19298001353F0820313F0820752951
S31501013D90063F195F80087D2A4A1431290988752A47
S31501013DA0063F7128E0001D293D00354903F2313FE7
S31501013DB008207529063F19298001353F0820313F21
S31501013DC008207529063F195F80087D2A4A14312981
S31501013DD00988752A063F7128E0001D293D003549EC
S31501013DE003F3313F08207529063F19298001353F23
S31501013DF00820313F08207529063F195F80087D2A71
S31501013E004A1431290988752A063F7128E0001D29BE
S31501013E103D00354903F4313F08207529063F19292B
S31501013E208001353F0820313F08207529063F195F7A
S31501013E3080087D2A4A1431290988752A063F712885
S31501013E40E0001D293D00354903F5313F082075295B
S31501013E50063F19298001353F0820313F0820752980
S31501013E60063F195F80087D2A4A1431290988752A76
S31501013E70063F7128E0001D293D00354903F6313F12
S31501013E8008207529063F19298001353F0820712827
S31501013E90E0001D293D00312903EE7529063F700910
S31501013EA098007F8000207D2000267529E0077D2866
S31501013EB001207A12020471200000353F0821712880
S31501013EC0E0001D293D007140000835490151712865
S31501013ED0E0001D293D005149033C7128E0001D29DF
S31501013EE03D00554901547128E0001D293D007140ED
S31501013EF0000135490150313F08217529063F7148B5
S31501013F00E0001D4A3D00314A03EF754A063F71083B
S31501013F10E0001D083D007D284A1435490160313F05
S31501013F2008217529063F19298001353F0821313FAD
S31501013F3008217529063F7148E0001D4A3D00314AB5
S31501013F4003F0754A063F7108E0001D083D007D2812
S31501013F504A1435490160313F08217529063F19295E
S31501013F608001353F0821313F08217529063F7148F6
S31501013F70E0001D4A3D00314A03F1754A063F7108C9
S31501013F80E0001D083D007D284A1435490160313F95
S31501013F9008217529063F19298001353F0821313F3D
S31501013FA008217529063F7148E0001D4A3D00314A45
S31501013FB003F2754A063F7108E0001D083D007D28A0
S31501013FC04A1435490160313F08217529063F1929EE
S31501013FD08001353F0821313F08217529063F714886
S31501013FE0E0001D4A3D00314A03F3754A063F710857
S31501013FF0E0001D083D007D284A1435490160313F25
S3150101400008217529063F19298001353F0821313FCC
S3150101401008217529063F7148E0001D4A3D00314AD4
S3150101402003F4754A063F7108E0001D083D007D282D
S315010140304A1435490160313F08217529063F19297D
S315010140408001353F0821313F08217529063F714815
S31501014050E0001D4A3D00314A03F5754A063F7108E4
S31501014060E0001D083D007D284A1435490160313FB4
S3150101407008217529063F19298001353F0821313F5C
S3150101408008217529063F7148E0001D4A3D00314A64
S3150101409003F6754A063F7108E0001D083D007D28BB
S315010140A04A1435490160313F08217529063F19290D
S315010140B08001353F08217128E0001D293938312950
S315010140C0028B7529063F700998007F8000207D20AB
S315010140D000267529E0077D2801207A12001071203A
S315010140E00000553F00C0780000247128E0001D2919
S315010140F03CE8514900007128E0001D293938512950
S3150101410001F07D295050553F00C07128E0001D295D
S315010141103CE8514900007128E0001D29393855490B
S3150101412001F07128E0001D29393871400000354937
S31501014130028B7128E000592912107529043F0313D6
S315010141407120E1031C89A3387120E1031CA9A3385D
S31501014150481679FF50BB02317D2A4B787128E00060
S315010141605D4913607128E000592913607529043FDF
S3150101417011204AD0553F0030513F003011204ADA13
S31501014180553F08247128E000592912B47529043FC5
S315010141907D2A4B78712000007136C3337D2A49D6B9
S315010141A0553F08287128E0001D293938592902701F
S315010141B07529043F7D2A4B78712000007133C19A1C
S315010141C07D2A49D6553F082C513F082C7D2A0C7072
S315010141D0513F08287D4A4A147128E0005549127059
S315010141E07128E000592911D27529043F7D2A4B789E
S315010141F0712000007136C3337D2A49D6553F082CFB
S315010142007128E0001D29393859290272752A043F9E
S315010142107128E0001D2939385D4902707128E000D5
S315010142201D293938592902707529043F7D2A4B7890
S31501014230712000007133C19A7D2A49D6553F08285C
S31501014240513F08287D2A0C70513F082C7D4A4A149A
S315010142507128E000554912B07128E000514912B0A8
S315010142607128E000512912707D295050553F082CC3
S31501014270515F082C7120E3E87F8A48407D200026A2
S315010142807529F7FF7529063F353F000C7128E000B6
S31501014290514912B07120E1F47F8A48407FDDE8423D
S315010142A07D2000267529FFFF7529063F353F083018
S315010142B07128E000514912B07122E193713FC7FFA4
S315010142C07F8A48407D2000267529F7FF7529063F1B
S315010142D0353F016A313F08307529063F700998005B
S315010142E07F8000207D2000267529E0077D28012099
S315010142F07A020024313F016A7529063F7009980047
S315010143007F8000207D2000267529E0077D28012078
S315010143107A12000C7120000178000008712000005A
S31501014320353F08307128E000514912707120E1F4DE
S315010143307F8A48407FDDE8427D2000267529FFFFFF
S315010143407529063F353F016A7128E000514912700E
S315010143507122E193713FC7FF7F8A48407D20002684
S315010143607529F7FF7529063F353F090E313F016A68
S315010143707529063F700998007F8000207D2000265F
S315010143807529E0077D2801207A020024313F090EB3
S315010143907529063F700998007F8000207D2000263F
S315010143A07529E0077D2801207A12000C7120000190
S315010143B07800000871200000353F016A313F08305D
S315010143C07529063F700998007F8000207D2000260F
S315010143D07529E0077D2801207A020024313F016A0F
S315010143E07529063F700998007F8000207D200026EF
S315010143F07529E0077D2801207A12000C7120000140
S315010144007800000871200000353F08307128E0006E
S31501014410512912B003137120E1031C89A3487120AC
S31501014420E1031CA9A340481679FF4FED0232712819
S31501014430E000554913187128E0005129131811405C
S315010144404AD07126E780112A4AC8553F0030515F8B
S3150101445000307128E2C8138A4ACC7D2000267529CD
S31501014460F7FF7529063F353F090E7128E0005129ED
S31501014470127003137120E1031C89A3507120E1031A
S315010144801CA9A340481679FF4F8F02327128E0001B
S31501014490554911807128E0005129118011404AD0F6
S315010144A07126E780112A4AC8553F0030515F003015
S315010144B07128E2C8138A4ACC7D2000267529F7FFA7
S315010144C07529063F353F016A313F090E7529063FB8
S315010144D0700998007F8000207D2000267529E0075C
S315010144E07D2801207A020024313F016A7529063FA0
S315010144F0700998007F8000207D2000267529E0073C
S315010145007D2801207A12000C712000017800000833
S31501014510712000007529063F353F090E7128E0001B
S31501014520592912107529043F7009A92C7F80002091
S315010145307FDDE8427D2000267529FFFF7529063FAB
S31501014540353F016A7128E000592912107529043F86
S315010145507049A9937F8000207D2000267529F7FFE8
S315010145607529063F353F0831313F016A7529063FF5
S31501014570700998007F8000207D2000267529E007BB
S315010145807D2801207A020024313F08317529063F31
S31501014590700998007F8000207D2000267529E0079B
S315010145A07D2801207A12000C712000017800000893
S315010145B071200000353F016A7128E000592911581F
S315010145C07529043F7009A92C7F8000207FDDE8420F
S315010145D07D2000267529FFFF7529063F353F0831E4
S315010145E07128E000592911587529043F7049A99389
S315010145F07F8000207D2000267529F7FF7529063F5A
S31501014600353F0832313F08317529063F7009980057
S315010146107F8000207D2000267529E0077D28012065
S315010146207A020024313F08327529063F7009980044
S315010146307F8000207D2000267529E0077D28012045
S315010146407A12000C71200001780000087120000027
S31501014650353F0831313F016A7529063F70099800D6
S315010146607F8000207D2000267529E0077D28012015
S315010146707A020024313F08317529063F70099800F5
S315010146807F8000207D2000267529E0077D280120F5
S315010146907A12000C712000017800000871200000D7
S315010146A0353F016A313F090E7529063F70099800A8
S315010146B07F8000207D2000267529E0077D280120C5
S315010146C07A020064313F000C7529063F7009980092
S315010146D07F8000207D2000267529E0077D280120A5
S315010146E07A020044313F08307529063F7009980066
S315010146F07F8000207D2000267529E0077D28012085
S315010147007A020024313F016A7529063F7009980032
S315010147107F8000207D2000267529E0077D28012064
S315010147207A12000C71200001780000087120000046
S31501014730353F000C313F000C7529063F0313708785
S31501014740E5E17088C7AE7128E0001CA913707128D4
S31501014750E0001CC93CA879FF656B7128E0001D29A1
S31501014760393851290164553F0834507F00C079FE1B
S31501014770D6E7024202310313032470A7E78470AF1F
S31501014780C2E170C8E7AE70C2C47B79FECE43024274
S315010147900231553F0910555F0914513F0910515F07
S315010147A009140313032470A8E09218A5D1C0480681
S315010147B079FECE1D024202310313032479FED64F3F
S315010147C00231553F00107128E0001D291378514926
S315010147D00004512900000313032479FED631023165
S315010147E0553F0034515F0034513F0834112A4AC103
S315010147F0553F0034515F0034513F0010138A4ACCB2
S315010148007D2000267529F7FF7529063F353F0832B8
S31501014810313F08327529063F700998007F800020D3
S315010148207D2000267529E0077D2801207A02007C7A
S31501014830513F0910515F09140313032470B8E09223
S3150101484018A5D1C0480679FECD870242023103136C
S31501014850032479FED5B90231553F0838515F003439
S31501014860513F0838138A4ACD7D2000267529F7FF65
S315010148707529063F353F000C313F000C7529063F6E
S31501014880700998007F8000207D2000267529E007A8
S315010148907D2801207A12000C513F0838553F00341A
S315010148A0513F0034553F0010515F0010513F08340C
S315010148B0114A4AC07128E0001D2939385549016458
S315010148C07128E0001D29393851290164112902C4D1
S315010148D0553F0010515F00107128E2F0138A4ACC4E
S315010148E07D2000267529F7FF7529063F353F000C06
S315010148F0313F000C7529063F03137087E5E1708886
S31501014900C7AE7128E0001CA93EF87128E0001CC958
S315010149103C9879FF5F517128E0001D291300514927
S31501014920000451290000031303244805480679FEB2
S31501014930D1330231700998007F8000207D20002645
S315010149407529E0077D2801207A02003A7128E000E5
S315010149501D2912185149000451290000031303248A
S315010149604805480679FED0FD0231700998007F801D
S3150101497000207D2000267529E0077D2801207A1275
S31501014980000C712000017800000871200000353FFC
S31501014990000C313F000C7529063F03137087E64C65
S315010149A07099C4CD7128E0001CA93EF07128E00080
S315010149B01CC93C8879FF5EAF7128E0001D293D00C5
S315010149C0514901F4512901F0481C031303244805F7
S315010149D0480679FED0FB0231700998007F800020DC
S315010149E07D2000267529E0077D2801207A11000620
S315010149F0480C7789063F353F016A7128E0001D2978
S31501014A00393831290278353F0832313F016A752A31
S31501014A10063F313F08327529063F7F8A48407D208E
S31501014A2000267529F7FF7529063F353F083171289B
S31501014A30E0001D293CE8514900007128E0001D29CB
S31501014A403938512901F47D295050553F082C7128D7
S31501014A50E0001D293CE8514900007128E0001D29AB
S31501014A603938554901F47128E0001D2939383129B0
S31501014A7002887529063F7D2A4B78513F082C7D2AEC
S31501014A804A147009A81F7F8000207D200026752900
S31501014A90E0077D2801207A1100347128E0001D29E3
S31501014AA0393831290288752A063F513F082C752963
S31501014AB0063F7D2A4A14752A063F7128E0001D2901
S31501014AC0393835490288780000147128E0001D291A
S31501014AD039387140001F354902887128E0001D29C6
S31501014AE03938512902681929C010700998007F8047
S31501014AF000207D2000267529E0077D2801207A0204
S31501014B0000687128E0001D493938512A026871008F
S31501014B100001750926F6552A02687128E0001D492A
S31501014B203938512A02647100000275092E74552A19
S31501014B3002647128E0001D493938512A0264710065
S31501014B40000275091EF8552A02647128E0001D2923
S31501014B503938714000003549028871200000353F1E
S31501014B60000C780001407128E0001D2939385129CE
S31501014B7002641929C0607009A8207F8000207D2068
S31501014B8000267529E0077D2801207A02001071208F
S31501014B900001353F000C7800010C7128E0001D2948
S31501014BA03938512902641929C0187009A8087F806A
S31501014BB000207D2000267529E0077D2801207A0243
S31501014BC000407128E0001D493938512A02647100FB
S31501014BD0000075091EF8552A02647128E0001D4975
S31501014BE03938512A02647100000175092E74552A5A
S31501014BF0026471200001353F000C780000A8712084
S31501014C000000353F000C7128E0001D293938312992
S31501014C1002887529063F7009A8137F8000207D202F
S31501014C2000267529E0077D2801207A01002C313FF4
S31501014C3008317529063F700998007F8000207D2083
S31501014C4000267529E0077D2801207A12000C7120C2
S31501014C50000178000008712000007529063F353FE3
S31501014C60090E313F090E7529063F700998007F80AB
S31501014C7000207D2000267529E0077D2801207A1272
S31501014C8000247128E0001D493938512A0264710056
S31501014C90000175091EF8552A026471200001353F8C
S31501014CA0000C7128E0001D293938514900045129A8
S31501014CB00000553F0038555F003C507F00C079FE2A
S31501014CC0D197024202310313032470A7E78470AF1F
S31501014CD0C2E170C8E7AE70C2C47B79FEC8F3024275
S31501014CE00231553F0910555F0914513F0910515FB2
S31501014CF009140313032470A8E024480679FEC8D1D8
S31501014D0002420231553F0018555F001C7128E0002F
S31501014D101D2911C851490004512900000313032417
S31501014D20CE5FCF6F79FEC84302420231553F004043
S31501014D30555F0044481C507F0040509F0044C65FA8
S31501014D40C76F79FECD8B0231700998007F800020F3
S31501014D507D2000267529E0077D2801207A110006AC
S31501014D60480C7789063F353F0832313F08327529AC
S31501014D70063F700998007F8000207D200026752955
S31501014D80E0077D2801207A0200A0513F0910515FF9
S31501014D9009140313032470B8E024480679FEC831C7
S31501014DA002420231553F00A8555F00AC481C507FB5
S31501014DB00040509F004450BF00A850DF00AC79FE6F
S31501014DC0CDE70231700998007F8000207D20002601
S31501014DD07529E0077D2801207A100006480C77899C
S31501014DE0063F353F0831313F08317529063F7009C4
S31501014DF098007F8000207D2000267529E0077D2807
S31501014E0001207A120014513F00A8515F00AC553FB1
S31501014E100040555F0044513F0040515F0044553FFA
S31501014E200018555F001CC63FC74FCE5FCF6F79FE95
S31501014E30C6DF024202317108E0001D0839385528E2
S31501014E400000554800047128E0001D2939385149EF
S31501014E500004512900000313032470A8E03E48060B
S31501014E6079FECC6D0231700998007F8000207D208A
S31501014E7000267529E0077D2801207A01001871288D
S31501014E80E03E71400000553F0018555F001C780057
S31501014E9000667128E0001D2939385149000451295C
S31501014EA00000031303244805480679FECCFB0231B1
S31501014EB0700998007F8000207D2000267529E00772
S31501014EC07D2801207A000018712000007140000040
S31501014ED0553F0018555F001C7800001C7128E00041
S31501014EE01D2939385149000451290000553F00183F
S31501014EF0555F001CC63FC74F70A7E7D170B8C71CE5
S31501014F0070CEE1C770C3C47279FEC6C502420231D1
S31501014F10553F0018555F001C481CC63FC74F480541
S31501014F20480679FECC170231700998007F8000206E
S31501014F307D2000267529E0077D2801207A000006DB
S31501014F40480C7789063F353F0832481CC63FC74F93
S31501014F5070A8E044480679FECC4F023170099800E9
S31501014F607F8000207D2000267529E0077D2801200C
S31501014F707A100006480C7789063F353F0831313FE3
S31501014F8008327529063F700998007F8000207D202F
S31501014F9000267529E0077D2801207A020024313F88
S31501014FA008317529063F700998007F8000207D2010
S31501014FB000267529E0077D2801207A12000C71204F
S31501014FC000017800000871200000353F0831313FAA
S31501014FD008317529063F03137087E5E17088C7AE6D
S31501014FE07128E0001CA93EE87128E0001CC93C7843
S31501014FF079FF58737128E0001D2939385149000C90
S3150101500051290008553F0038555F003C507F00C0CB
S3150101501079FECE45024202310313032470A7E784C8
S3150101502070AFC2E170C8E7AE70C2C47B79FEC5A19B
S3150101503002420231553F0910555F0914513F0910CA
S31501015040515F09140313032470A8E024480679FE6D
S31501015050C57F02420231553F0020555F0024712868
S31501015060E0001D2911C05149000451290000031313
S315010150700324CE5FCF6F79FEC4F102420231553F5F
S315010150800040555F0044481C507F0040509F00443A
S31501015090C85FC96F79FECA390231700998007F80EC
S315010150A000207D2000267529E0077D2801207A113F
S315010150B00006480C7789063F353F0832313F0832F1
S315010150C07529063F700998007F8000207D20002602
S315010150D07529E0077D2801207A0200A0513F0910B8
S315010150E0515F09140313032470B8E024480679FEBD
S315010150F0C4DF02420231553F00A8555F00AC481C8E
S31501015100507F0040509F004450BF00A850DF00ACC3
S3150101511079FECA950231700998007F8000207D20B1
S3150101512000267529E0077D2801207A100006480C22
S315010151307789063F353F0831313F08317529063FE9
S31501015140700998007F8000207D2000267529E007DF
S315010151507D2801207A120014513F00A8515F00AC4D
S31501015160553F0040555F0044513F0040515F0044A7
S31501015170553F0020555F0024C83FC94FCE5FCF6F11
S3150101518079FEC38D024202317108E0001D083938EA
S31501015190552800085548000C7128E0001D293938A9
S315010151A05149000C512900080313032470A8E03E5C
S315010151B0480679FEC91B0231700998007F800020DB
S315010151C07D2000267529E0077D2801207A01001836
S315010151D07128E03E71400000553F0020555F0024D3
S315010151E0780000667128E0001D2939385149000C03
S315010151F051290008031303244805480679FEC9A964
S315010152000231700998007F8000207D2000267529D2
S31501015210E0077D2801207A00001871200000714005
S315010152200000553F0020555F00247800001C7128BD
S31501015230E0001D2939385149000C51290008553F13
S315010152400020555F0024C83FC94F70A7E7D170B848
S31501015250C71C70CEE1C770C3C47279FEC373024223
S315010152600231553F0020555F0024481CC83FC94FF4
S315010152704805480679FEC8C50231700998007F8044
S3150101528000207D2000267529E0077D2801207A006E
S315010152900006480C7789063F353F0832481CC83F4E
S315010152A0C94F70A8E044480679FEC8FD023170096C
S315010152B098007F8000207D2000267529E0077D2842
S315010152C001207A100006480C7789063F353F0831DF
S315010152D0313F08327529063F700998007F80002009
S315010152E07D2000267529E0077D2801207A02002408
S315010152F0313F08317529063F700998007F800020EA
S315010153007D2000267529E0077D2801207A12000CEF
S31501015310712000017800000871200000353F083135
S31501015320313F08317529063F03137087E5E170881E
S31501015330C7AE7128E0001CA93EE07128E0001CC936
S315010153403C6879FF55217128E0001D2939385149F9
S31501015350001451290010553F0038555F003C507F1C
S3150101536000C079FECAF3024202310313032470A776
S31501015370E78470AFC2E170C8E7AE70C2C47B79FE43
S31501015380C24F02420231553F0910555F0914513F7F
S315010153900910515F09140313032470A8E024480678
S315010153A079FEC22D02420231553F0028555F002C7C
S315010153B07128E0001D2912D8514900045129000024
S315010153C003130324CE5FCF6F79FEC19F02420231DF
S315010153D0553F0040555F0044481C507F0040509F97
S315010153E00044CA5FCB6F79FEC6E7023170099800A6
S315010153F07F8000207D2000267529E0077D28012078
S315010154007A110006480C7789063F353F0832313F4C
S3150101541008327529063F700998007F8000207D209A
S3150101542000267529E0077D2801207A0200A0513F57
S315010154300910515F09140313032470B8E0244806C7
S3150101544079FEC18D02420231553F00A8555F00AC7C
S31501015450481C507F0040509F004450BF00A850DFB8
S3150101546000AC79FEC7430231700998007F800020A4
S315010154707D2000267529E0077D2801207A10000686
S31501015480480C7789063F353F0831313F0831752987
S31501015490063F700998007F8000207D20002675292E
S315010154A0E0077D2801207A120014513F00A8515FBF
S315010154B000AC553F0040555F0044513F0040515FEC
S315010154C00044553F0028555F002CCA3FCB4FCE5FA4
S315010154D0CF6F79FEC03B024202317108E0001D081F
S315010154E0393855280010554800147128E0001D2946
S315010154F0393851490014512900100313032470A8A6
S31501015500E03E480679FEC5C90231700998007F80DF
S3150101551000207D2000267529E0077D2801207A01DA
S3150101552000187128E03E71400000553F0028555F83
S31501015530002C780000667128E0001D29393851498F
S31501015540001451290010031303244805480679FE66
S31501015550C6570231700998007F8000207D20002600
S315010155607529E0077D2801207A00001871200000C5
S3150101557071400000553F0028555F002C7800001C42
S315010155807128E0001D2939385149001451290010AB
S31501015590553F0028555F002CCA3FCB4F70A7E762E4
S315010155A070A9C73D70CDE13A70D2C45179FEC021CF
S315010155B002420231553F0028555F002C481CCA3F63
S315010155C0CB4F4805480679FEC5730231700998002B
S315010155D07F8000207D2000267529E0077D28012096
S315010155E07A000006480C7789063F353F0832481C88
S315010155F0CA3FCB4F70A8E044480679FEC5AB0231DC
S31501015600700998007F8000207D2000267529E0071A
S315010156107D2801207A100006480C7789063F353F1F
S315010156200831313F08327529063F700998007F809C
S3150101563000207D2000267529E0077D2801207A02B8
S315010156400024313F08317529063F700998007F8092
S3150101565000207D2000267529E0077D2801207A1288
S31501015660000C712000017800000871200000353F0F
S315010156700831313F08317529063F03137087E5E18A
S315010156807088C7AE7128E0001CA93ED87128E000D8
S315010156901CC93C5879FF51CF7128E0001D293938C1
S315010156A05149001C51290018553F0038555F003CEE
S315010156B0507F00C079FEC7A10242023103130324C0
S315010156C070A7E78470AFC2E170C8E7AE70C2C47B50
S315010156D079FEBEFD02420231553F0910555F09149B
S315010156E0513F0910515F09140313032470A8E024E3
S315010156F0480679FEBEDB02420231553F0040555F45
S3150101570000447128E0001D29116051490004512905
S31501015710000003130324CE5FCF6F79FEBE4D024213
S315010157200231553F00A8555F00AC481C507F00A8C7
S31501015730509F00AC50BF004050DF004479FEC39139
S315010157400231700998007F8000207D20002675298D
S31501015750E0077D2801207A110006480C7789063F6A
S31501015760353F0832313F08327529063F70099800E5
S315010157707F8000207D2000267529E0077D280120F4
S315010157807A0200A0513F0910515F09140313032442
S3150101579070B8E024480679FEBE3702420231553F10
S315010157A00040555F0044481C507F00A8509F00AC43
S315010157B050BF004050DF004479FEC3ED023170094C
S315010157C098007F8000207D2000267529E0077D282D
S315010157D001207A100006480C7789063F353F0831CA
S315010157E0313F08317529063F700998007F800020F5
S315010157F07D2000267529E0077D2801207A120014F3
S31501015800513F0040515F0044553F00A8555F00AC30
S31501015810513F00A8515F00AC553F0040555F004420
S31501015820507F0040509F0044CE5FCF6F79FEBCE1AF
S31501015830024202317108E0001D0839385528001865
S315010158405548001C7128E0001D2939385149001CB1
S31501015850512900180313032470A8E03E480679FE76
S31501015860C26F0231700998007F8000207D200026D9
S315010158707529E0077D2801207A0100187128E03E8B
S3150101588071400000553F0040555F004478000066B5
S315010158907128E0001D2939385149001C5129001888
S315010158A0031303244805480679FEC2FD0231700936
S315010158B098007F8000207D2000267529E0077D283C
S315010158C001207A0000187120000071400000553F47
S315010158D00040555F00447800001C7128E0001D2935
S315010158E039385149001C51290018553F0040555F6F
S315010158F00044507F0040509F004470A7E76270A9A1
S31501015900C73D70CDE13A70D2C45179FEBCC30242A2
S315010159100231553F0040555F0044481C507F00400D
S31501015920509F00444805480679FEC21102317009AB
S3150101593098007F8000207D2000267529E0077D28BB
S3150101594001207A000006480C7789063F353F083267
S31501015950481C507F0040509F004470A8E04448060F
S3150101596079FEC2450231700998007F8000207D20B1
S3150101597000267529E0077D2801207A100006480CCA
S315010159807789063F353F0831313F08327529063F90
S31501015990700998007F8000207D2000267529E00787
S315010159A07D2801207A020024313F08317529063FFD
S315010159B0700998007F8000207D2000267529E00767
S315010159C07D2801207A12000C71200001780000085F
S315010159D071200000353F0831313F08317529063FF5
S315010159E003137087E5E17088C7AE7128E0001CA931
S315010159F03ED07128E0001CC93C4879FF4E69513FF0
S31501015A000040515F0044553F0918555F091C513F3C
S31501015A100028515F002C553F0920555F0924513F4C
S31501015A200020515F0024553F00C8555F00CC513F0E
S31501015A300018515F001C553F00D0555F00D47128F5
S31501015A40E0001D293938514901647127E73371266F
S31501015A50C333112A4AC8553F00107128E0001D2998
S31501015A60393851290168553F0834515F0834712786
S31501015A70E6997133C19A112A4AC8553F0834515FD3
S31501015A800010513F0834112A4AC0553F0010507F7A
S31501015A9000107120E1031C89A3B87120E1031CA93F
S31501015AA0A358497679FF3B85547F0834513F083421
S31501015AB0553F0838507F00107120E1031C89A478F5
S31501015AC07120E1031CA9A418497679FF3B5F547F34
S31501015AD00834513F0834553F083C513F0010553FAA
S31501015AE000347128E0005129131811404AD071265A
S31501015AF0E780114A4AC8513F0030112A4AC0553F31
S31501015B000010515F00107128E000112A4AC9553F62
S31501015B100834513F0834553F00D87128E0001D294A
S31501015B2039385149002451290020553F0040555F1C
S31501015B300044507F00C079FEC31F024202310313A4
S31501015B40032470A7E78470AFC2E170C8E7AE70C2E3
S31501015B50C47B79FEBA7B02420231553F0910555F7A
S31501015B600914513F0910515F09140313032470A845
S31501015B70E0B318A5D188480679FEBA550242023129
S31501015B80553F0028555F002C7128E0001D29393841
S31501015B905149002C51290028553F0020555F002409
S31501015BA0C83FC94F70A7E7D370A6C33370C6E333A5
S31501015BB070C6C33379FEBA1902420231553F00203C
S31501015BC0555F00247128E0001D29119851490004EF
S31501015BD0512900000313032470A8E02370B3C1996E
S31501015BE070D3E19970D3C19A79FEB9E502420231C6
S31501015BF07108E0001D083938552800285548002C40
S31501015C007128E0001D2939385149002C51290028F4
S31501015C100313032470A7E7E670ACC66670CCE6668B
S31501015C2070CCC66679FEB9A902420231553F001808
S31501015C30555F001CC83FC94FC65FC76F79FEB8D112
S31501015C4002420231553F0038555F003CCE3FCF4FEE
S31501015C5050BF004050DF004479FEB90F02420231C4
S31501015C60553F0038555F003C481CCE3FCF4FCA5FB8
S31501015C70CB6F79FEBE5B0231700998007F800020EF
S31501015C807D2000267529E0077D2801207A1100066D
S31501015C90480C7789063F353F0832313F083275296D
S31501015CA0063F700998007F8000207D200026752916
S31501015CB0E0077D2801207A0200A0513F0910515FBA
S31501015CC009140313032470B8E0B318A5D188480653
S31501015CD079FEB8FD02420231553F00A8555F00AC7D
S31501015CE0481CCE3FCF4F50BF00A850DF00AC79FE14
S31501015CF0BEB70231700998007F8000207D20002601
S31501015D007529E0077D2801207A100006480C77895C
S31501015D10063F353F0831313F08317529063F700984
S31501015D2098007F8000207D2000267529E0077D28C7
S31501015D3001207A120014513F00A8515F00AC553F72
S31501015D400038555F003C513F0038515F003C553FDB
S31501015D500028555F002CCA3FCB4F50BF004050DF92
S31501015D60004479FEB7AB024202317108E0001D0819
S31501015D70393855280020554800247128E0001D298D
S31501015D8039385149002451290020481C03130324A1
S31501015D9070A7E7F8480679FEBD3702317009980008
S31501015DA07F8000207D2000267529E0077D280120BE
S31501015DB07A110006480C7789063F353F0832313F93
S31501015DC008327529063F700998007F8000207D20E1
S31501015DD000267529E0077D2801207A12001871270E
S31501015DE0E7F871400000553F0040555F00447800D7
S31501015DF000947128E0001D2939385149002451299F
S31501015E000020481C0313032470B7E7F8480679FEFE
S31501015E10BD970231700998007F8000207D20002600
S31501015E207529E0077D2801207A100006480C77893B
S31501015E30063F353F0831313F08317529063F700963
S31501015E4098007F8000207D2000267529E0077D28A6
S31501015E5001207A1200187137E7F871400000553FA9
S31501015E600040555F00447800001C7128E0001D299F
S31501015E7039385149002451290020553F0040555FC9
S31501015E800044513F0040515F0044553F0038555F82
S31501015E90003C7128E0001D29393851490034512946
S31501015EA00030553F0040555F0044507F00C079FEE8
S31501015EB0BFA7024202310313032470A7E78470AF1F
S31501015EC0C2E170C8E7AE70C2C47B79FEB703024274
S31501015ED00231553F0910555F0914513F0910515FB0
S31501015EE009140313032470A8E0B318A5D188480641
S31501015EF079FEB6DD02420231553F0028555F002C7D
S31501015F007128E0001D291298514900045129000008
S31501015F100313032470A8E02370B3C19970D3E199E7
S31501015F2070D3C19A79FEB6A902420231553F0048A2
S31501015F30555F004C507F0048509F004C70A7E7E623
S31501015F4070ACC66670CCE66670CCC66679FEB68163
S31501015F5002420231553F0020555F00247128E000BD
S31501015F601D2939385149003C51290038553F00183E
S31501015F70555F001CC63FC74F70A7E7D370A6C33351
S31501015F8070C6E33370C6C33379FEB64502420231A8
S31501015F90553F0018555F001CC83FC94FC65FC76F03
S31501015FA079FEB56D02420231553F00A8555F00AC3D
S31501015FB0507F00A8509F00AC50BF004050DF004405
S31501015FC079FEB5A702420231553F00A8555F00ACE3
S31501015FD0481C507F00A8509F00ACCA5FCB6F79FE69
S31501015FE0BAEF0231700998007F8000207D200026DA
S31501015FF07529E0077D2801207A110006480C778969
S31501016000063F353F0832313F08327529063F70098F
S3150101601098007F8000207D2000267529E0077D28D4
S3150101602001207A0200A8513F0910515F0914031397
S31501016030032470B8E0B318A5D188480679FEB59155
S3150101604002420231553F0910555F0914513F0910AA
S31501016050515F0914481C507F00A8509F00AC0315DD
S31501016060032679FEBB430231700998007F80002027
S315010160707D2000267529E0077D2801207A1000067A
S31501016080480C7789063F353F0831313F083175297B
S31501016090063F700998007F8000207D200026752922
S315010160A0E0077D2801207A120014513F0910515F42
S315010160B00914553F00A8555F00AC513F00A8515F37
S315010160C000AC553F0028555F002CCA3FCB4F50BF4E
S315010160D0004050DF004479FEB437024202317108B3
S315010160E0E0001D083938552800305548003471281B
S315010160F0E0001D2939385149003451290030481C25
S315010161000313032470A7E7F8480679FEB9C30231E0
S31501016110700998007F8000207D2000267529E007FF
S315010161207D2801207A110006480C7789063F353F03
S315010161300832313F08327529063F700998007F8080
S3150101614000207D2000267529E0077D2801207A128D
S3150101615000187127E7F871400000553F0040555F6F
S315010161600044780000947128E0001D29393851490D
S31501016170003451290030481C0313032470B7E7F892
S31501016180480679FEBA230231700998007F80002002
S315010161907D2000267529E0077D2801207A10000659
S315010161A0480C7789063F353F0831313F083175295A
S315010161B0063F700998007F8000207D200026752901
S315010161C0E0077D2801207A1200187137E7F871403E
S315010161D00000553F0040555F00447800001C7128BE
S315010161E0E0001D2939385149003451290030553F04
S315010161F00040555F0044513F0040515F0044553F07
S3150101620000A8555F00AC507F00C079FEBC4B02422D
S3150101621002310313032470A7E78470AFC2E170C88A
S31501016220E7AE70C2C47B79FEB3A702420231553F84
S315010162300910555F0914513F0910515F09140313E0
S31501016240032470A8E09218A5D1C0480679FEB3814E
S31501016250024202310313032479FEBBB30231553FD6
S3150101626000107128E0001D291280514900045129AD
S3150101627000000313032479FEBB950231553F00301B
S315010162807128E0001D2939385129016C553F08341F
S31501016290515F0030513F0834112A4AC1553F003040
S315010162A0515F0030513F0010138A4ACC7D200026F0
S315010162B07529F7FF7529063F353F0832313F083207
S315010162C07529063F700998007F8000207D200026F0
S315010162D07529E0077D2801207A02007C513F0910CA
S315010162E0515F09140313032470B8E09218A5D1C0B4
S315010162F0480679FEB2DB024202310313032479FE19
S31501016300BB0D0231553F0010515F0030513F001066
S31501016310138A4ACD7D2000267529F7FF7529063F87
S31501016320353F0831313F08317529063F700998001B
S315010163307F8000207D2000267529E0077D28012028
S315010163407A12000C513F0010553F0030513F003089
S31501016350553F0010515F0010513F0834114A4AC0A0
S315010163607128E0001D2939385549016C7128E00071
S315010163701D2939385149016C7128E496138A4ACC91
S315010163807D2000267529E0077D2801207A0100106C
S315010163907128E496553F0030780000447128E000E9
S315010163A01D2939385149016C71200000138A4ACDE2
S315010163B07D2000267529E0077D2801207A0100103C
S315010163C071200000553F0030780000147128E0006B
S315010163D01D2939385129016C553F0030515F003073
S315010163E07127E7337126C333112A4AC8553F001075
S315010163F07128E0001D29393851290170553F0834AA
S31501016400515F08347127E6997133C19A112A4AC835
S31501016410553F0834515F0010513F0834112A4AC0D3
S31501016420553F00107128E0001D29393851490044B2
S3150101643051290040553F0040555F0044507F00C03F
S3150101644079FEBA15024202310313032470A7E784C8
S3150101645070AFC2E170C8E7AE70C2C47B79FEB1719B
S3150101646002420231553F0910555F0914513F091086
S31501016470515F09140313032470A8E0B318A5D18849
S31501016480480679FEB14B02420231553F0028555F5C
S31501016490002C7128E0001D2912605149000451297F
S315010164A000000313032470A7E7E670ACC66670CC3F
S315010164B0E66670CCC66679FEB11702420231553FD6
S315010164C00020555F00247128E0001D293938514902
S315010164D0004C51290048553F0018555F001CC63F25
S315010164E0C74F70A7E7D370A6C33370C6E33370C62F
S315010164F0C33379FEB0DB02420231553F0018555FC5
S31501016500001CC63FC74FC85FC96F79FEB00302427F
S315010165100231553F0018555F001CC63FC74F50BF9A
S31501016520004050DF004479FEB04102420231553F3D
S315010165300018555F001C481CC63FC74FCA5FCB6F89
S3150101654079FEB58D0231700998007F8000207D208A
S3150101655000267529E0077D2801207A110006480CDD
S315010165607789063F353F0832313F08327529063FA3
S31501016570700998007F8000207D2000267529E0079B
S315010165807D2801207A0200A4513F0910515F0914A7
S315010165900313032470B8E0B318A5D188480679FE20
S315010165A0B02F02420231553F0910555F0914513F7F
S315010165B00910515F0914481CC63FC74F031503262D
S315010165C079FEB5E50231700998007F8000207D20B2
S315010165D000267529E0077D2801207A100006480C5E
S315010165E07789063F353F0831313F08317529063F25
S315010165F0700998007F8000207D2000267529E0071B
S315010166007D2801207A120014513F0910515F0914A6
S31501016610553F0018555F001C513F0018515F001C82
S31501016620553F0028555F002CCA3FCB4F50BF004054
S3150101663050DF004479FEAED9024202317108E00011
S315010166401D08393855280040554800447128E00095
S315010166501D293938514900445129004003130324A6
S3150101666070A8E0666505480679FEB46502317009D0
S3150101667098007F8000207D2000267529E0077D286E
S3150101668001207A01001C7128E0661929D180714027
S315010166900000553F0040555F00447800006E7128A7
S315010166A0E0001D293938514900445129004003139D
S315010166B0032470B8E0666505480679FEB4EB02313C
S315010166C0700998007F8000207D2000267529E0074A
S315010166D07D2801207A00001C7138E0661929D180D4
S315010166E071400000553F0040555F00447800001C91
S315010166F07128E0001D2939385149004451290040CA
S31501016700553F0040555F00447128E0001D293D00B9
S3150101671051490214512902107108E0001D08123075
S3150101672055280000554800047128E0001D293D0047
S31501016730312903FF353F08307128E0001D293D004D
S31501016740312903FE353F08317128E0001D293D003D
S3150101675031290400353F08327128E0001D2911B89D
S315010167605149000451290000031303244805480631
S3150101677079FEB2F10231700998007F8000207D20F7
S3150101678000267529E0077D2801207A1200B47128B7
S31501016790E0001D2911B851490004512900000313D4
S315010167A0032470A7E78470AFC2E1621678010AC7B4
S315010167B002420231553F0910555F09147128E00063
S315010167C01D29117850E90000510900047128E000E2
S315010167D01D29116051490004512900000173030467
S315010167E00315032679FEADE902420231553F002820
S315010167F0555F002CCA3FCB4F70A8E0C218A5D1A79F
S31501016800480679FEB04702420231553F0028555FDD
S31501016810002C513F0910515F0914CA3FCB4F031593
S31501016820032679FEB027024202317108E0001D08F4
S31501016830122855280000554800047800001C7128CB
S31501016840E0001D0912287120000071400000552841
S315010168500000554800047128E0001D291290514994
S31501016860000451290000031303244805480679FE53
S31501016870B1F30231700998007F8000207D20002646
S315010168807529E0077D2801207A1200B47128E000FC
S315010168901D291290514900045129000003130324B3
S315010168A070A7E78470AFC2E16216780109C9024295
S315010168B00231553F0910555F09147128E0001D2960
S315010168C0133050E90000510900047128E0001D2927
S315010168D012D851490004512900000173030403151B
S315010168E0032679FEACEB02420231553F0028555F82
S315010168F0002CCA3FCB4F70A8E0C218A5D1A7480604
S3150101690079FEAF4902420231553F0028555F002CFD
S31501016910513F0910515F0914CA3FCB4F0315032695
S3150101692079FEAF29024202317108E0001D0812B851
S3150101693055280000554800047800001C7128E00024
S315010169401D0912B871200000714000005528000090
S31501016950554800047128E0001D2911F850E900008D
S31501016960510900047128E0001D29136851490004E9
S3150101697051290000017303040315032679FEAC5165
S31501016980024202317108E0001D081170552800000C
S31501016990554800047128E000592912B4752A043FAB
S315010169A07128E0001D2939385D4902707128E0001E
S315010169B0592911D2752A043F7128E0001D29393858
S315010169C05D4902727128E0001D293938315F016A7A
S315010169D0354902787128E0001D2939385149016488
S315010169E07128E0001D293938554901687128E000EF
S315010169F01D093938513F0048515F004C552800386F
S31501016A005548003C7128E0001D293938515F003095
S31501016A10554901707128E0001D2912605149000490
S31501016A20512900007108E0001D0839385528004830
S31501016A305548004C7128E0001D2939383129028A4F
S31501016A407529063F700998007F8000207D20002668
S31501016A507529E0077D2801207A12001071200000B6
S31501016A60553F00C0780000247128E0001D293CE84B
S31501016A70514900007128E0001D293938512901ECDD
S31501016A807D295050553F00C07128E0001D293CE881
S31501016A90514900007128E0001D293938554901EC99
S31501016AA07128E0001D293938714000003549028AF3
S31501016AB07128E0001D293D00514902B4512902B056
S31501016AC00313032470A8E024480679FEAB030242AE
S31501016AD00231553F0910555F0914513F0910515FA4
S31501016AE009140313032479FEB3250231553F0840E6
S31501016AF07128E0001D293938514900B87127E699F5
S31501016B007133C19A114A4AC87128E0001D293938E1
S31501016B10554900B87128E0001D293938512900BCB1
S31501016B20553F0060507F00C079FEB32D024202310C
S31501016B300313032470A7E78470AFC2E170C8E7AEFF
S31501016B4070C2C47B79FEAA8902420231553F0910FE
S31501016B50555F0914513F0910515F091403130324A9
S31501016B6070A8E059480679FEAA6702420231031369
S31501016B70032479FEB2990231553F0050513F09185C
S31501016B80515F091C0313032479FEB2830231553F78
S31501016B900054515F08387127E48E713FC235112ABD
S31501016BA04AC8553F0058507F005878010D97547FC8
S31501016BB00058515F0054513F0058112A4AC8553FA8
S31501016BC00054507F0040509F004479FEB24102318A
S31501016BD0553F0058515F00587127E48E713FC23508
S31501016BE0112A4AC8553F0058515F00587127E719C4
S31501016BF07133C19A112A4AC8553F005C515F00544D
S31501016C00513F005C112A4AC1553F08347128E00001
S31501016C101D293938512900C0553F0054515F0834A7
S31501016C20513F0054112A4AC1553F0054515F005446
S31501016C307127E423713AC70A112A4AC9553F00301F
S31501016C40515F00307128E2C8138A4ACC7D200026A3
S31501016C507529F7FF7529063F353F090E313F090EA3
S31501016C607529063F700998007F8000207D20002646
S31501016C707529E0077D2801207A1200107128E2C8E2
S31501016C80553F003078000048515F00307138E2C845
S31501016C90138A4ACD7D2000267529F7FF7529063FFE
S31501016CA0353F016A313F016A7529063F700998002E
S31501016CB07F8000207D2000267529E0077D2801209F
S31501016CC07A12000C7138E2C8553F0030515F00302D
S31501016CD0513F0060112A4AC1553F0030515F0030D2
S31501016CE0513F0050138A4ACC7D2000267529F7FFB2
S31501016CF07529063F353F090E313F090E7529063FB4
S31501016D00700998007F8000207D2000267529E00703
S31501016D107D2801207A020078513F0910515F09143B
S31501016D200313032470B8E059480679FEA8A3024269
S31501016D3002310313032479FEB0D50231553F00B068
S31501016D40515F0030513F00B0138A4ACD7D200026A4
S31501016D507529F7FF7529063F353F016A313F016AFA
S31501016D607529063F700998007F8000207D20002645
S31501016D707529E0077D2801207A12000C513F00B0E8
S31501016D80553F0030513F0030553F0050515F005093
S31501016D90513F0060114A4AC07128E0001D29393866
S31501016DA0554900BC7128E0001D293938514900BCFB
S31501016DB07127E7337126C333112A4AC8553F005457
S31501016DC07128E0001D293938514900B8513F005455
S31501016DD0114A4AC07128E0001D293938554900B8C0
S31501016DE07128E0001D293938514900B8513F084041
S31501016DF0114A4AC17128E0001D293938554900B89F
S31501016E007128E0001D293938512900B8114902C4F8
S31501016E107128E0001D293938554900B87128E0006B
S31501016E201D293938514900B87127E700138A4ACD1E
S31501016E30130A4ACE7FBDCB827D2000267529F7FF35
S31501016E407529063F353F090E7128E0001D2939389C
S31501016E50512900C4553F0054515F00547127E699E9
S31501016E607133C19A112A4AC8553F00547128E0006D
S31501016E701D293938512900C8553F0050507F00C09E
S31501016E8079FEAFD5024202310313032470A7E784C9
S31501016E9070AFC2E170C8E7AE70C2C47B79FEA7319B
S31501016EA002420231553F0910555F0914513F09103C
S31501016EB0515F09140313032470A8E059480679FEAA
S31501016EC0A70F024202310313032479FEAF410231B6
S31501016ED0553F0060513F0920515F092403130324E3
S31501016EE079FEAF2B02327128E0001D293938554947
S31501016EF000B8515F083C7127E48E713FC235112AF2
S31501016F004AC8553F00A0507F00A078010A37547F37
S31501016F1000A07128E0001D293938512900B8515FB7
S31501016F2000A0112A4AC8553F00A0515F005C513F9C
S31501016F3000A0112A4AC0553F00307128E0001D29E1
S31501016F403938512900CC553F00A0515F0030513FDE
S31501016F5000A0112A4AC1553F00A0515F00A0712727
S31501016F60E423713AC70A112A4AC9553F00B0515F54
S31501016F7000B07128E2C8138A4ACC7D200026752902
S31501016F80F7FF7529063F353F0844313F0844752906
S31501016F90063F700998007F8000207D200026752913
S31501016FA0E0077D2801207A1200107128E2C8553FB9
S31501016FB000B078000048515F00B07138E2C8138A09
S31501016FC04ACD7D2000267529F7FF7529063F353FF4
S31501016FD0016A313F016A7529063F700998007F8070
S31501016FE000207D2000267529E0077D2801207A12DF
S31501016FF0000C7138E2C8553F00B0515F00B0513FF6
S315010170000050112A4AC1553F00B0515F00B0513FAE
S315010170100060138A4ACC7D2000267529F7FF752960
S31501017020063F353F0844313F08447529063F70093B
S3150101703098007F8000207D2000267529E0077D28A4
S3150101704001207A020078513F0910515F0914031397
S31501017050032470B8E059480679FEA575024202314A
S315010170600313032479FEADA70231553F00B4515FE5
S3150101707000B0513F00B4138A4ACD7D2000267529FF
S31501017080F7FF7529063F353F016A313F016A7529C7
S31501017090063F700998007F8000207D200026752912
S315010170A0E0077D2801207A12000C513F00B4553FBB
S315010170B000B0513F00B0553F0060515F0060513F44
S315010170C00050114A4AC07128E0001D293938554935
S315010170D000C87128E0001D293938514900C87127B6
S315010170E0E7337126C333112A4AC8553F00A0515FC0
S315010170F00054513F00A0112A4AC0553F0054515F27
S315010171000054513F0840112A4AC1553F0054513F8D
S315010171100054112902C4553F0054515F005471278F
S31501017120E700138A4ACD130A4ACE7FBDCB827D2061
S3150101713000267529F7FF7529063F353F0844712851
S31501017140E0001D293938512900D0553F00A0515F72
S3150101715000A07127E6997133C19A112A4AC8553F90
S3150101716000A07128E0001D293938512900D4553F65
S31501017170005C507F00C079FEACDF0242023103138D
S31501017180032470A7E78470AFC2E170C8E7AE70C28D
S31501017190C47B79FEA43B02420231553F0910555F7A
S315010171A00914513F0910515F09140313032470A8EF
S315010171B0E059480679FEA419024202310313032458
S315010171C079FEAC4B0231553F0054507F00D0509FA0
S315010171D000D479FEAC390231553F0050515F005858
S315010171E07127E714712FC2E1112A4AC8553F005888
S315010171F0515F0050513F0058112A4AC1553F00B015
S315010172007128E0001D293938512900D8553F005010
S31501017210515F00B0513F0050112A4AC1553F0050FC
S31501017220515F00507127E423713AC70A112A4AC9ED
S31501017230553F00B4515F00B47128E2C8138A4ACCA4
S315010172407D2000267529F7FF7529063F353F08453B
S31501017250313F08457529063F700998007F80002056
S315010172607D2000267529E0077D2801207A1200106C
S315010172707128E2C8553F00B478000048515F00B457
S315010172807138E2C8138A4ACD7D2000267529F7FF98
S315010172907529063F353F016A313F016A7529063F66
S315010172A0700998007F8000207D2000267529E0075E
S315010172B07D2801207A12000C7138E2C8553F00B4CD
S315010172C0515F00B4513F005C112A4AC1553F00B4D8
S315010172D0515F00B4513F0054138A4ACC7D200026E8
S315010172E07529F7FF7529063F353F0845313F0845A1
S315010172F07529063F700998007F8000207D200026B0
S315010173007529E0077D2801207A020078513F09108D
S31501017310515F09140313032470B8E059480679FE35
S31501017320A2AF024202310313032479FEAAE102311B
S31501017330553F0054515F00B4513F0054138A4ACD61
S315010173407D2000267529F7FF7529063F353F016A1C
S31501017350313F016A7529063F700998007F80002037
S315010173607D2000267529E0077D2801207A12000C6F
S31501017370513F0054553F00B4513F00B4553F0054AD
S31501017380515F0054513F005C114A4AC07128E00027
S315010173901D293938554900D47128E0001D2939388C
S315010173A0514900D47127E7337126C333112A4AC8DB
S315010173B0553F005C515F00A0513F005C112A4AC054
S315010173C0553F00A0515F00A0513F0840112A4AC113
S315010173D0553F00A0513F00A0112902C4553F00A00D
S315010173E0515F00A07127E700138A4ACD130A4ACEDD
S315010173F07FBDCB827D2000267529F7FF7529063FC2
S31501017400353F08457128E0001D293938512900DC2D
S31501017410553F00A0515F00A07127E6997133C19ACA
S31501017420112A4AC8553F00A07128E0001D293938A3
S31501017430512900E0553F005C507F00C079FEAA1931
S31501017440024202310313032470A7E78470AFC2E13C
S3150101745070C8E7AE70C2C47B79FEA17502420231E2
S31501017460553F0910555F0914513F0910515F091420
S315010174700313032470A8E059480679FEA153024279
S3150101748002310313032479FEA9850231553F0054C4
S31501017490507F00C8509F00CC79FEA9730231553F38
S315010174A00050515F0058513F0050112A4AC0553FC3
S315010174B000B47128E0001D293938512900E4553FEE
S315010174C00058515F00B4513F0058112A4AC1553F36
S315010174D00058515F00587127E423713AC70A112AEE
S315010174E04AC9553F0058515F00587128E2C8138AAD
S315010174F04ACC7D2000267529F7FF7529063F353FC0
S31501017500016A313F016A7529063F700998007F803A
S3150101751000207D2000267529E0077D2801207A12A9
S3150101752000107128E2C8553F005878000048515FA4
S3150101753000587138E2C8138A4ACD7D200026752983
S31501017540F7FF7529063F353F016A313F016A752902
S31501017550063F700998007F8000207D20002675294D
S31501017560E0077D2801207A12000C7138E2C8553FE7
S315010175700058515F0058513F005C112A4AC1553FDD
S315010175800058515F0058513F0054138A4ACC7D205F
S3150101759000267529F7FF7529063F353F016A313FF7
S315010175A0016A7529063F700998007F8000207D20B8
S315010175B000267529E0077D2801207A020078513FCE
S315010175C00910515F09140313032470B8E0594806E1
S315010175D079FE9FFD024202310313032479FEA82F8E
S315010175E00231553F0054515F0058513F0054138AEF
S315010175F04ACD7D2000267529F7FF7529063F353FBE
S31501017600016A313F016A7529063F700998007F8039
S3150101761000207D2000267529E0077D2801207A12A8
S31501017620000C513F0054553F0058513F0058553FFA
S315010176300054515F0054513F005C114A4AC0712800
S31501017640E0001D293938554900E07128E0001D295E
S315010176503938514900E07127E7337126C333112ABD
S315010176604AC8553F005C515F00A0513F005C112A99
S315010176704AC0553F00A0515F00A0513F0840112A61
S315010176804AC1553F00A0513F00A0112902C4553FEF
S3150101769000A0515F00A07127E700138A4ACD130AA2
S315010176A04ACE7FBDCB827D2000267529F7FF75293C
S315010176B0063F353F016A7128E0001D2939385129F4
S315010176C000E8553F00A0515F00A07127E700112A8C
S315010176D04AC8553F00A07128E0001D2939385129B2
S315010176E000EC553F005C507F00C079FEA76B02425A
S315010176F002310313032470A7E78470AFC2E170C896
S31501017700E7AE70C2C47B79FE9EC702420231553F84
S315010177100910555F0914513F0910515F09140313EB
S31501017720032470A8E034480679FE9EA5024202317F
S315010177300313032479FEA6D70231553F0058712858
S31501017740E0001D293938512900F0553F00547128AF
S31501017750E0001D293938512900F4553F0050515F88
S315010177600834513F0050112A4AC1553F0050515F1B
S3150101777000507127E423713AC70A112A4AC9553FB4
S315010177800050515F0050513F0840114A4AC17128CA
S31501017790E0001D293938554900F07128E0001D29FD
S315010177A03938514900F0513F0054112A4AC1553F18
S315010177B00054515F00547127E423713AC70A112A13
S315010177C04AC9553F0054515F00547128E2C8138AD2
S315010177D04ACC7D2000267529F7FF7529063F353FDD
S315010177E00846313F08467529063F700998007F8092
S315010177F000207D2000267529E0077D2801207A12C7
S3150101780000107128E2C8553F005478000048515FC5
S3150101781000547138E2C8138A4ACD7D2000267529A4
S31501017820F7FF7529063F353F0846313F0846752959
S31501017830063F700998007F8000207D20002675296A
S31501017840E0077D2801207A12000C7138E2C8553F04
S315010178500054515F0054513F005C112A4AC1553F02
S315010178600054515F0054513F0058138A4ACC7D2080
S3150101787000267529F7FF7529063F353F0846313F31
S3150101788008467529063F700998007F8000207D20F2
S3150101789000267529E0077D2801207A020078513FEB
S315010178A00910515F09140313032470B8E034480623
S315010178B079FE9D1D024202310313032479FEA54F70
S315010178C00231553F0058515F0054513F0058138A08
S315010178D04ACD7D2000267529F7FF7529063F353FDB
S315010178E00846313F08467529063F700998007F8091
S315010178F000207D2000267529E0077D2801207A12C6
S31501017900000C513F0058553F0054513F0054553F1B
S315010179100058515F0058513F005C114A4AC0712815
S31501017920E0001D293938554900EC7128E0001D296F
S315010179303938514900EC7127E700112A4AC8553FE8
S31501017940005C515F00A0513F005C112A4AC0553FBE
S3150101795000A0513F00A0112902C4553F00A0515F6B
S3150101796000A07127E74C7139C4CD138A4ACD130A98
S315010179704ACE7FBDCB827D2000267529F7FF752969
S31501017980063F353F08467128E0001D29393851293E
S3150101799000F8553F00A0515F00A07127E700112AA9
S315010179A04AC8553F00A07128E0001D2939385129DF
S315010179B000FC553F005C507F00C079FEA49B02424A
S315010179C002310313032470A7E78470AFC2E170C8C3
S315010179D0E7AE70C2C47B79FE9BF702420231553F85
S315010179E00910555F0914513F0910515F0914031319
S315010179F0032470A8E034480679FE9BD50242023180
S31501017A000313032479FEA4070231553F0058712857
S31501017A10E0001D29393851290100553F00547128CB
S31501017A20E0001D29393851290104553F0050515FA4
S31501017A300030513F0050112A4AC1553F0050515F54
S31501017A4000507127E423713AC70A112A4AC9553FE1
S31501017A500050515F0050513F0840114A4AC17128F7
S31501017A60E0001D293938554901007128E0001D2919
S31501017A70393851490100513F0054112A4AC1553F34
S31501017A800054515F00547127E423713AC70A112A40
S31501017A904AC9553F0054515F00547128E2C8138AFF
S31501017AA04ACC7D2000267529F7FF7529063F353F0A
S31501017AB00847313F08477529063F700998007F80BD
S31501017AC000207D2000267529E0077D2801207A12F4
S31501017AD000107128E2C8553F005478000048515FF3
S31501017AE000547138E2C8138A4ACD7D2000267529D2
S31501017AF0F7FF7529063F353F0847313F0847752985
S31501017B00063F700998007F8000207D200026752997
S31501017B10E0077D2801207A12000C7138E2C8553F31
S31501017B200054515F0054513F005C112A4AC1553F2F
S31501017B300054515F0054513F0058138A4ACC7D20AD
S31501017B4000267529F7FF7529063F353F0847313F5D
S31501017B5008477529063F700998007F8000207D201E
S31501017B6000267529E0077D2801207A020078513F18
S31501017B700910515F09140313032470B8E034480650
S31501017B8079FE9A4D024202310313032479FEA27F43
S31501017B900231553F0058515F0054513F0058138A35
S31501017BA04ACD7D2000267529F7FF7529063F353F08
S31501017BB00847313F08477529063F700998007F80BC
S31501017BC000207D2000267529E0077D2801207A12F3
S31501017BD0000C513F0058553F0054513F0054553F49
S31501017BE00058515F0058513F005C114A4AC0712843
S31501017BF0E0001D293938554900FC7128E0001D298D
S31501017C003938514900FC7127E700112A4AC8553F05
S31501017C10005C515F00A0513F005C112A4AC0553FEB
S31501017C2000A0513F00A0112902C4553F00A0515F98
S31501017C3000A07127E74C7139C4CD138A4ACD130AC5
S31501017C404ACE7FBDCB827D2000267529F7FF752996
S31501017C50063F353F08477128E0001D29393851296A
S31501017C600108553F00A0515F00A07127E700112AC5
S31501017C704AC8553F00A07128E0001D29393851290C
S31501017C80010C553F005C507F00C079FEA1CB024239
S31501017C9002310313032470A7E78470AFC2E170C8F0
S31501017CA0E7AE70C2C47B79FE992702420231553F84
S31501017CB00910555F0914513F0910515F0914031346
S31501017CC0032470A8E034480679FE9905024202317F
S31501017CD00313032479FEA1370231553F0058712858
S31501017CE0E0001D29393851290110553F00547128E9
S31501017CF0E0001D29393851290114553F0050515FC2
S31501017D0000B0513F0050112A4AC1553F0050515F01
S31501017D1000507127E423713AC70A112A4AC9553F0E
S31501017D200050515F0050513F0840114A4AC1712824
S31501017D30E0001D293938554901107128E0001D2936
S31501017D40393851490110513F0054112A4AC1553F51
S31501017D500054515F00547127E423713AC70A112A6D
S31501017D604AC9553F0054515F00547128E2C8138A2C
S31501017D704ACC7D2000267529F7FF7529063F353F37
S31501017D800848313F08487529063F700998007F80E8
S31501017D9000207D2000267529E0077D2801207A1221
S31501017DA000107128E2C8553F005478000048515F20
S31501017DB000547138E2C8138A4ACD7D2000267529FF
S31501017DC0F7FF7529063F353F0849313F08497529AE
S31501017DD0063F700998007F8000207D2000267529C5
S31501017DE0E0077D2801207A12000C7138E2C8553F5F
S31501017DF00054515F0054513F005C112A4AC1553F5D
S31501017E000054515F0054513F0058138A4ACC7D20DA
S31501017E1000267529F7FF7529063F353F0848313F89
S31501017E2008487529063F700998007F8000207D204A
S31501017E3000267529E0077D2801207A020078513F45
S31501017E400910515F09140313032470B8E03448067D
S31501017E5079FE977D024202310313032479FE9FAF16
S31501017E600231553F0058515F0054513F0058138A62
S31501017E704ACD7D2000267529F7FF7529063F353F35
S31501017E800849313F08497529063F700998007F80E5
S31501017E9000207D2000267529E0077D2801207A1220
S31501017EA0000C513F0058553F0054513F0054553F76
S31501017EB00058515F0058513F005C114A4AC0712870
S31501017EC0E0001D2939385549010C7128E0001D29A9
S31501017ED039385149010C7127E700112A4AC8553F22
S31501017EE0005C515F00A0513F005C112A4AC0553F19
S31501017EF000A0513F00A0112902C4553F00A0515FC6
S31501017F0000A07127E74C7139C4CD138A4ACD130AF2
S31501017F104ACE7FBDCB827D2000267529F7FF7529C3
S31501017F20063F353F08487128E0001D293938512996
S31501017F300118553F00A0515F00A07127E700112AE2
S31501017F404AC8553F00A07128E0001D293938512939
S31501017F50011C553F005C507F00C079FE9EFB024229
S31501017F6002310313032470A7E78470AFC2E170C81D
S31501017F70E7AE70C2C47B79FE965702420231553F84
S31501017F800910555F0914513F0910515F0914031373
S31501017F90032470A8E034480679FE9635024202317F
S31501017FA00313032479FE9E670231553F0058712858
S31501017FB0E0001D29393851290120553F0054712806
S31501017FC0E0001D29393851290124553F0050515FDF
S31501017FD000B4513F0050112A4AC1553F0050515F2B
S31501017FE000507127E423713AC70A112A4AC9553F3C
S31501017FF00050515F0050513F0840114A4AC1712852
S31501018000E0001D293938554901207128E0001D2953
S31501018010393851490120513F0054112A4AC1553F6E
S315010180200054515F00547127E423713AC70A112A9A
S315010180304AC9553F0054515F00547128E2C8138A59
S315010180404ACC7D2000267529F7FF7529063F353F64
S315010180500849313F08497529063F700998007F8013
S3150101806000207D2000267529E0077D2801207A124E
S3150101807000107128E2C8553F005478000048515F4D
S3150101808000547138E2C8138A4ACD7D20002675292C
S31501018090F7FF7529063F353F0849313F08497529DB
S315010180A0063F700998007F8000207D2000267529F2
S315010180B0E0077D2801207A12000C7138E2C8553F8C
S315010180C00054515F0054513F005C112A4AC1553F8A
S315010180D00054515F0054513F0058138A4ACC7D2008
S315010180E000267529F7FF7529063F353F0849313FB6
S315010180F008497529063F700998007F8000207D2077
S3150101810000267529E0077D2801207A020078513F72
S315010181100910515F09140313032470B8E0344806AA
S3150101812079FE94AD024202310313032479FE9CDFE9
S315010181300231553F0058515F0054513F0058138A8F
S315010181404ACD7D2000267529F7FF7529063F353F62
S315010181500849313F08497529063F700998007F8012
S3150101816000207D2000267529E0077D2801207A124D
S31501018170000C513F0058553F0054513F0054553FA3
S315010181800058515F0058513F005C114A4AC071289D
S31501018190E0001D2939385549011C7128E0001D29C6
S315010181A039385149011C7127E700112A4AC8553F3F
S315010181B0005C515F00A0513F005C112A4AC0553F46
S315010181C000A0513F00A0112902C4553F00A0515FF3
S315010181D000A07127E74C7139C4CD138A4ACD130A20
S315010181E04ACE7FBDCB827D2000267529F7FF7529F1
S315010181F0063F353F0849313F090E7529063F70098A
S3150101820098007F8000207D2000267529E0077D28C2
S3150101821001207A020024313F08467529063F70097B
S3150101822098007F8000207D2000267529E0077D28A2
S3150101823001207A12000C71200001780000087120DA
S315010182400000353F084A313F08447529063F700948
S3150101825098007F8000207D2000267529E0077D2872
S3150101826001207A020024313F08477529063F70092A
S3150101827098007F8000207D2000267529E0077D2852
S3150101828001207A12000C712000017800000871208A
S315010182900000353F0844313F08457529063F7009FD
S315010182A098007F8000207D2000267529E0077D2822
S315010182B001207A020024313F08487529063F7009D9
S315010182C098007F8000207D2000267529E0077D2802
S315010182D001207A12000C712000017800000871203A
S315010182E00000353F0845313F016A7529063F70098E
S315010182F098007F8000207D2000267529E0077D28D2
S3150101830001207A020024313F08497529063F700987
S3150101831098007F8000207D2000267529E0077D28B1
S3150101832001207A12000C71200001780000087120E9
S3150101833000007529063F353F090E7128E0001D2908
S31501018340393851290128553F00A0515F0834513F61
S3150101835000A0112A4AC1553F005C513F005C112919
S3150101836002C4553F005C515F005C7128E000138A2D
S315010183704ACD130A4ACE7FBDCB827D2000267529BF
S31501018380F7FF7529063F353F0849313F08497529E8
S31501018390063F700998007F8000207D2000267529FF
S315010183A0E0077D2801207A1200427128E0001D298B
S315010183B03D00514901D4512901D003130324480534
S315010183C0480679FE969F0231700998007F80002048
S315010183D07D2000267529E0077D2801207A12000CEF
S315010183E0712000017800000871200000353F08481E
S315010183F0515F0030513F00A0112A4AC1553F005C2F
S31501018400513F005C112902C4553F005C515F005C7C
S315010184107128E000138A4ACD130A4ACE7FBDCB8269
S315010184207D2000267529F7FF7529063F353F084945
S31501018430313F08497529063F700998007F80002060
S315010184407D2000267529E0077D2801207A12004248
S315010184507128E0001D293D00514901DC512901D84E
S31501018460031303244805480679FE95F9023170097B
S3150101847098007F8000207D2000267529E0077D2850
S3150101848001207A12000C7120000178000008712088
S315010184900000353F0847515F00B0513F00A0112A46
S315010184A04AC1553F005C513F005C112902C4553F49
S315010184B0005C515F005C7128E000138A4ACD130A02
S315010184C04ACE7FBDCB827D2000267529F7FF75290E
S315010184D0063F353F0849313F08497529063F70096D
S315010184E098007F8000207D2000267529E0077D28E0
S315010184F001207A1200427128E0001D293D005149EF
S3150101850001EC512901E8031303244805480679FEC4
S3150101851095530231700998007F8000207D20002645
S315010185207529E0077D2801207A12000C71200001CE
S315010185307800000871200000353F0846515F00B4FC
S31501018540513F00A0112A4AC1553F00A0513F00A049
S31501018550112902C4553F00A0515F00A07128E00016
S31501018560138A4ACD130A4ACE7FBDCB827D200026CE
S315010185707529F7FF7529063F353F0849313F0849F6
S315010185807529063F700998007F8000207D2000260D
S315010185907529E0077D2801207A1200427128E00041
S315010185A01D293D00514901E4512901E00313032429
S315010185B04805480679FE94AD0231700998007F801D
S315010185C000207D2000267529E0077D2801207A12E9
S315010185D0000C712000017800000871200000353F70
S315010185E0016A313F08487529063F700998007F8065
S315010185F000207D2000267529E0077D2801207A12B9
S31501018600002C313F084A7529063F700998007F8081
S3150101861000207D2000267529E0077D2801207A1298
S31501018620000C712000017800000871200000353F1F
S315010186300849313F08477529063F700998007F802F
S3150101864000207D2000267529E0077D2801207A1268
S31501018650002C313F08447529063F700998007F8037
S3150101866000207D2000267529E0077D2801207A1248
S31501018670000C712000017800000871200000353FCF
S315010186800844313F08467529063F700998007F80E5
S3150101869000207D2000267529E0077D2801207A1218
S315010186A0002C313F08457529063F700998007F80E6
S315010186B000207D2000267529E0077D2801207A12F8
S315010186C0000C712000017800000871200000353F7F
S315010186D00845313F016A7529063F700998007F8077
S315010186E000207D2000267529E0077D2801207A12C8
S315010186F0002C313F090E7529063F700998007F80CC
S3150101870000207D2000267529E0077D2801207A12A7
S31501018710000C712000017800000871200000353F2E
S31501018720016A313F08497529063F03137087E7003E
S315010187307128E0001CA93EC87128E0001CC93C381B
S3150101874079FF2123313F08447529063F03137087B9
S31501018750E7007128E0001CA93EC07128E0001CC990
S315010187603C2879FF2101313F08457529063F03134D
S315010187707087E7007128E0001CA93EB87128E00066
S315010187801CC93C1879FF20DF313F016A7529063F73
S3150101879003137087E7007128E0001CA93EB0712818
S315010187A0E0001CC93C0879FF20BD7128E0001D29A4
S315010187B03D00514901CC512901C803130324480540
S315010187C0480679FE929F0231700998007F80002048
S315010187D07D2000267529E0077D2801207A0200A661
S315010187E07128E0001D293D00514901C4512901C0EB
S315010187F0031303244805480679FE9269023170097B
S3150101880098007F8000207D2000267529E0077D28BC
S3150101881001207A0200707128E0001D293D005149AD
S3150101882001BC512901B8031303244805480679FE01
S3150101883092330231700998007F8000207D20002645
S315010188407529E0077D2801207A02003A7128E000A6
S315010188501D293D00514901B4512901B003130324D6
S315010188604805480679FE91FD0231700998007F801D
S3150101887000207D2000267529E0077D2801207A1236
S31501018880000C712000017800000871200000353FBD
S315010188900849313F08497529063F700998007F80CB
S315010188A000207D2000267529FFFF7529063F353FEA
S315010188B008497128E0001D2939385129012C553FF4
S315010188C000A0515F00D8513F00A0112A4AC1553F6E
S315010188D000A0515F00A07127E5CC7139C4CD138A7F
S315010188E04ACC7D2000267529F7FF7529063F353FBC
S315010188F00848313F08497529063F700998007F806C
S3150101890000207D2000267529E0077D2801207A02B5
S315010189100024313F08487529063F700998007F8078
S3150101892000207D2000267529E0077D2801207A1285
S31501018930000C712000017800000871200000353F0C
S3150101894008497128E0001D293D00514902B4512908
S3150101895002B0031303244805480679FE9107023143
S31501018960700998007F8000207D2000267529E00787
S315010189707D2801207A12002C313F08497529063FCD
S31501018980700998007F8000207D2000267529E00767
S315010189907D2801207A12000C71200001780000085F
S315010189A071200000353F016A7128E0001D2939381F
S315010189B031290277353F0849313F08497529063F73
S315010189C0700998007F8000207D2000267529FFFF10
S315010189D07529063F353F0849313F08497529063F43
S315010189E0700998007F8000207D2000267529E00707
S315010189F07D2801207A12004C313F016A7529063F13
S31501018A00700998007F8000207D2000267529E007E6
S31501018A107D2801207A0200147128E0001D293938C8
S31501018A2071400000554901307128E0001D2939388E
S31501018A30514901307128E0001D2939385549013460
S31501018A407128E0001D29393851290138553F00A007
S31501018A507128E0001D2939385149013C513F00A0D7
S31501018A60112A4AC1553F00A0515F00A07127E42395
S31501018A70713AC70A112A4AC9553F00A07128E00077
S31501018A801D29393851290140553F005C515F005C70
S31501018A90513F00A0112A4AC1553F005C7128E000EF
S31501018AA01D29393851290144553F0058515F005854
S31501018AB07127E5CC7139C4CD112A4AC0553F0058F9
S31501018AC0515F00587128E000112A4AC0553F0054F0
S31501018AD07147E780513F0054114A4AC9513F005835
S31501018AE0112A4AC8553F00547128E0001D293D004D
S31501018AF0514901CC512901C80313032448054806EC
S31501018B0079FE8F610231700998007F8000207D20F6
S31501018B1000267529E0077D2801207A0200A6712821
S31501018B20E0001D293D00514901C4512901C003132A
S31501018B3003244805480679FE8F2B023170099800F6
S31501018B407F8000207D2000267529E0077D280120F0
S31501018B507A0200707128E0001D293D00514901BCCE
S31501018B60512901B8031303244805480679FE8EF5F8
S31501018B700231700998007F8000207D200026752929
S31501018B80E0077D2801207A02003A7128E0001D29BB
S31501018B903D00514901B4512901B00313032448058C
S31501018BA0480679FE8EBF0231700998007F80002048
S31501018BB07D2000267529E0077D2801207A12000C07
S31501018BC07120000178000008712000007529063F17
S31501018BD0353F090E313F090E7529063F7009980087
S31501018BE07F8000207D2000267529E0077D28012050
S31501018BF07A120010513F0054553F00507800000C85
S31501018C007127E780553F0050515F005C513F00508D
S31501018C10112A4AC8553F005C515F005C513F00A0D3
S31501018C20112A4AC0553F0068313F016A7529063F3D
S31501018C30700998007F8000207D2000267529E007B4
S31501018C407D2801207A1200A87128E0001D293938F2
S31501018C50514901487128E348138A4ACC7D200026EF
S31501018C607529E0077D2801207A0100187128E000A5
S31501018C701D2939387148E3485549014878000038BA
S31501018C807128E0001D293938514901487138E1201F
S31501018C90138A4ACD7D2000267529E0077D2801200A
S31501018CA07A0100147128E0001D2939387158E12033
S31501018CB055490148515F00687127E423713AC70A92
S31501018CC0112A4AC8553F005C7128E0001D2939382F
S31501018CD051490148513F005C114A4AC07128E000DF
S31501018CE01D29393855490148780000147128E000D9
S31501018CF01D29393871400000554901487128E000A4
S31501018D001D293938514901487128E348138A4ACC4A
S31501018D107D2000267529E0077D2801207A010010B2
S31501018D207128E348553F00A0780000447128E0000E
S31501018D301D293938514901487138E120138A4ACD33
S31501018D407D2000267529E0077D2801207A01001082
S31501018D507138E120553F00A0780000147128E00028
S31501018D601D29393851290148553F00A07128E000D4
S31501018D701D29393851490134513F00A0112A4AC0F0
S31501018D80553F0064507F0834509F00307800E53F1D
S31501018D90547F00BC507F00BC509F00B07800E52F86
S31501018DA0547F00BC507F00BC509F00B47800E51F82
S31501018DB0547F00A0515F00A0513F0064112A4AC1AE
S31501018DC0553F00A0515F00A071200000138A4ACDD2
S31501018DD0130A4ACE7FBDCB827D2000267529F7FF76
S31501018DE07529063F353F0849313F08497529063F2F
S31501018DF0700998007F8000207D2000267529E007F3
S31501018E007D2801207A1200247128E0001D293938B4
S31501018E105149014C7127E423713AC70A112A4AC003
S31501018E20553F00A07800000C71200000553F00A0BD
S31501018E30507F00A07087E5CC7099C4CD7800E52BF1
S31501018E4002327128E0001D2939385549014C712832
S31501018E50E0001D2939385149014C7127E5CC713999
S31501018E60C4CD138A4ACC130A4ACE7FBDCB827D205B
S31501018E7000267529F7FF7529063F353F0844515FDD
S31501018E8000687137E700138A4ACD7D2000267529CE
S31501018E90F7FF7529063F353F0845313F08457529D5
S31501018EA0063F03137087E5E17088C7AE7128E000BC
S31501018EB01CA93EA07128E0001CC93BE879FF19A74E
S31501018EC07128E0001D29393851290150553F00A06B
S31501018ED0507F00C079FE8F810242023103130324C0
S31501018EE070A7E78470AFC2E170C8E7AE70C2C47BF8
S31501018EF079FE86DD02420231553F0910555F09149B
S31501018F00513F0910515F09140313032470A8E0248A
S31501018F10480679FE86BB024202310313032479FE18
S31501018F208EED0231553F005C515F00B4513F00B0F7
S31501018F30114A4AC0513F0030114A4AC0513F0834D3
S31501018F40112A4AC0553F0050507F0834509F0030C6
S31501018F507800E417547F0060507F0060509F00B095
S31501018F607800E407547F0060507F0060509F00B491
S31501018F707800E3F7547F0060507F0834509F00303A
S31501018F807800E34B547F00BC507F00BC509F00B07A
S31501018F907800E33B547F00BC507F00BC509F00B476
S31501018FA07800E32B02327128E0001D293938554931
S31501018FB000B8515F0050513F0060114A4AC1712802
S31501018FC0E0001D293938512900B8112A4AC1553FF6
S31501018FD00050515F00507127E700112A4AC8553FD9
S31501018FE00050515F0050513F00A0112A4AC1553F1F
S31501018FF00050515F0050513F005C138A4ACC7D20DD
S3150101900000267529F7FF7529063F353F0849313F86
S3150101901008497529063F700998007F8000207D2047
S3150101902000267529E0077D2801207A020078513F43
S315010190300910515F09140313032470B8E02448068B
S3150101904079FE858D024202310313032479FE8DBF18
S315010190500231553F005C515F0050513F005C138A5C
S315010190604ACD7D2000267529F7FF7529063F353F33
S315010190700845313F08457529063F700998007F80EB
S3150101908000207D2000267529E0077D2801207A121E
S31501019090000C513F005C553F0050513F0050553F78
S315010190A0005C515F005C513F00A0114A4AC0712822
S315010190B0E0001D29393855490150515F0068712772
S315010190C0E700138A4ACC7D2000267529F7FF752909
S315010190D0063F353F0845313F08457529063F0313CC
S315010190E07087E5E17088C7AE7128E0001CA93EA82A
S315010190F07128E0001CC93BF879FF176B7128E00064
S315010191001D293D00514901AC512901A8481C0313F0
S3150101911003244805480679FE88DF02317009980063
S315010191207F8000207D2000267529E0077D2801200A
S315010191307A120006480C7789063F353F0849313FC7
S3150101914008497529063F700998007F8000207D2016
S3150101915000267529E0077D2801207A1201AA7128C6
S31501019160E0001D293D00514901A4512901A0031324
S3150101917003244805480679FE88EB023170099800F7
S315010191807F8000207D2000267529E0077D280120AA
S315010191907A1201607128E0001D293D00514901B48F
S315010191A0512901B0031303244805480679FE88B500
S315010191B00231700998007F8000207D2000267529E3
S315010191C0E0077D2801207A120010513F00B4553F76
S315010191D0005C7800000C71200000553F005C71288D
S315010191E0E0001D293D00514901BC512901B8031374
S315010191F003244805480679FE886B023170099800F7
S315010192007F8000207D2000267529E0077D28012029
S315010192107A120010513F00B0553F00A07800000CB2
S3150101922071200000553F00A07128E0001D293D0075
S31501019230514901C4512901C00313032448054806B4
S3150101924079FE88210231700998007F8000207D20F6
S3150101925000267529E0077D2801207A120010513F69
S315010192600030553F00507800000C71200000553F39
S3150101927000507128E0001D293D00514901CC5129B9
S3150101928001C8031303244805480679FE87D702312D
S31501019290700998007F8000207D2000267529E0074E
S315010192A07D2801207A120010513F0834553F006094
S315010192B07800000C71200000553F0060507F00606E
S315010192C0509F00507800E007547F00BC507F00BCDE
S315010192D0509F00A07800DFF7547F00BC507F00BC8F
S315010192E0509F005C7800DFE7547F00BC7800018065
S315010192F07128E0001D29393851290150553F00BC1B
S315010193007800016C7128E0001D293D00514901B425
S31501019310512901B0031303244805480679FE8745FF
S315010193200231700998007F8000207D200026752971
S31501019330E0077D2801207A120010513F00B4553F04
S31501019340005C780000107128E61C1929D13C553FB3
S31501019350005C7128E0001D293D00514901BC5129DC
S3150101936001B8031303244805480679FE86F702313D
S31501019370700998007F8000207D2000267529E0076D
S315010193807D2801207A120010513F00B0553F00A0FF
S31501019390780000107128E61C1929D13C553F00A01F
S315010193A07128E0001D293D00514901C4512901C01F
S315010193B0031303244805480679FE86A9023170097B
S315010193C098007F8000207D2000267529E0077D28F1
S315010193D001207A120010513F0030553F00507800AC
S315010193E000107128E61C1929D13C553F00507128FE
S315010193F0E0001D293D00514901CC512901C8031342
S3150101940003244805480679FE865B023170099800F6
S315010194107F8000207D2000267529E0077D28012017
S315010194207A120010513F0834553F00607800001050
S315010194307128E61C1929D13C553F0060507F006017
S31501019440509F00507800DF23547F0060507F0060F9
S31501019450509F00A07800DF13547F0060507F0060A9
S31501019460509F005C7800DF03547F00BC313F090E39
S315010194707529063F700998007F8000207D2000260E
S315010194807529FFFF7529063F353F0849313F0849CF
S315010194907529063F700998007F8000207D200026EE
S315010194A07529E0077D2801207A12002C313F0844F5
S315010194B07529063F700998007F8000207D200026CE
S315010194C07529E0077D2801207A12000C712000011F
S315010194D07800000871200000353F0849313F0849ED
S315010194E07529063F700998007F8000207D2000269E
S315010194F07529FFFF7529063F353F0849313F08495F
S315010195007529063F700998007F8000207D2000267D
S315010195107529E0077D2801207A120080313F084430
S315010195207529063F700998007F8000207D2000265D
S315010195307529E0077D2801207A020024313F090EB1
S315010195407529063F700998007F8000207D2000263D
S315010195507529E0077D2801207A12000C712000018E
S315010195607800000871200000353F0844313F084466
S315010195707529063F700998007F8000207D2000260D
S315010195807529E0077D2801207A120020513F00BC90
S31501019590553F0064780000147128E0001D2939380F
S315010195A051290150553F00647128E0001D293938C0
S315010195B051290154553F00A0515F0064513F00A05C
S315010195C0112A4AC1553F0064313F090E7529063FEB
S315010195D0700998007F8000207D2000267529E0070B
S315010195E07D2801207A1200147127E5CC7139C4CD89
S315010195F0553F005C780000107127E54C7139C4CDE7
S31501019600553F005C515F0068513F005C112A4AC019
S31501019610553F0050507F00C079FE883D024202311C
S315010196200313032470A7E78470AFC2E170C8E7AEE4
S3150101963070C2C47B79FE7F9902420231553F0910FE
S31501019640555F0914507F005079FE7B59024001375D
S31501019650513F0910515F09140173030403150326D0
S3150101966079FE7F6D024202310313032479FE879F3E
S315010196700231553F0060515F0064513F0060138A1A
S315010196804ACC7D2000267529F7FF7529063F353F0E
S315010196900849515F0068513F005C112A4AC1553F93
S315010196A00068313F08497529063F700998007F8096
S315010196B000207D2000267529E0077D2801207A02F8
S315010196C00082507F006879FE7ADB02400137513F03
S315010196D00910515F0914017303040315032679FE69
S315010196E07EEF024202310313032479FE87210231FF
S315010196F0553F005C515F0064513F005C138A4ACDBE
S315010197007D2000267529F7FF7529063F353F090E8C
S31501019710313F090E7529063F700998007F800020A7
S315010197207D2000267529E0077D2801207A12000C8B
S31501019730513F005C553F0064513F0064553F006055
S31501019740515F0060513F00A0114A4AC07128E000F3
S315010197501D293938554901547128E0001D29393827
S31501019760514901547128E2C8138A4ACC7D20002649
S315010197707529F7FF7529063F353F0849313F0849E4
S315010197807529063F700998007F8000207D200026FB
S315010197907529E0077D2801207A1200107128E2C897
S315010197A0553F005C780000647128E0001D293938B5
S315010197B05149015471200000138A4ACD7D200026AA
S315010197C07529F7FF7529063F353F090E313F090E08
S315010197D07529063F700998007F8000207D200026AB
S315010197E07529E0077D2801207A12001071200000F9
S315010197F0553F005C780000147128E0001D293938B5
S3150101980051290154553F005C7128E0001D29393861
S3150101981051290158553F00A0515F005C513F00A0FD
S31501019820112A4AC1553F0060507F00C079FE862941
S31501019830024202310313032470A7E78470AFC2E128
S3150101984070C8E7AE70C2C47B79FE7D8502420231E2
S31501019850553F0910555F0914513F0910515F09140C
S315010198600313032470A8E02E480679FE7D630242A4
S3150101987002310313032479FE85950231553F005CBC
S31501019880515F0060513F005C138A4ACC7D2000265E
S315010198907529F7FF7529063F353F0849313F0849C3
S315010198A07529063F700998007F8000207D200026DA
S315010198B07529E0077D2801207A020078513F0910B8
S315010198C0515F09140313032470B8E02E480679FE8B
S315010198D07CFF024202310313032479FE85310231F1
S315010198E0553F005C515F0060513F005C138A4ACDD0
S315010198F07D2000267529F7FF7529063F353F090E9B
S31501019900313F090E7529063F700998007F800020B5
S315010199107D2000267529E0077D2801207A12000C99
S31501019920513F005C553F0060513F0060553F005C6F
S31501019930515F005C513F00A0114A4AC07128E00005
S315010199401D293938554901587128E0001D29393831
S315010199505129015C553F00A0515F00A07120000013
S31501019960112A4AC8553F00A07128E0001D2939383E
S3150101997051490158513F00A0114A4AC07128E000DE
S315010199805549114C507F00C079FE84CD0242023106
S315010199900313032470A7E78470AFC2E170C8E7AE71
S315010199A070C2C47B79FE7C2902420231553F0910FE
S315010199B0555F09147128E0001D29393851290160C3
S315010199C0553F00A0515F00BC513F00A0112A4AC179
S315010199D0553F0060507F005079FE77C9024001373B
S315010199E0513F0910515F091401730304031503263D
S315010199F079FE7BDD024202310313032479FE840FD2
S31501019A000231553F005C515F0060513F005C138A92
S31501019A104ACC7D2000267529F7FF7529063F353F7A
S31501019A200849313F08497529063F700998007F8029
S31501019A3000207D2000267529E0077D2801207A0274
S31501019A400082507F006879FE775B02400137513F02
S31501019A500910515F0914017303040315032679FEE5
S31501019A607B6F024202310313032479FE83A1023182
S31501019A70553F005C515F0060513F005C138A4ACD3E
S31501019A807D2000267529F7FF7529063F353F090E09
S31501019A90313F090E7529063F700998007F80002024
S31501019AA07D2000267529E0077D2801207A12000C08
S31501019AB0513F005C553F0060513F0060553F005CDE
S31501019AC0515F005C513F00A0114A4AC07128E00074
S31501019AD01D293938554901607147E780513F0054C5
S31501019AE0112A4AC1553F0054515F0054513F005854
S31501019AF0114A4AC87128E0001D29393855490144DE
S31501019B007128E0001D293938514900BC7128E0004E
S31501019B101D293938554900B87128E0001D29393800
S31501019B20515F0834554900C07128E0001D293938B3
S31501019B30514900C87128E0001D293938554900C429
S31501019B407128E0001D293938515F0030554900CC93
S31501019B507128E0001D293938514900D47128E000E6
S31501019B601D293938554900D07128E0001D29393898
S31501019B70515F00B0554900D87128E0001D293938D7
S31501019B80514900E07128E0001D293938554900DCA9
S31501019B907128E0001D293938515F00B4554900E4A7
S31501019BA07128E0001D293938514900EC7128E0007E
S31501019BB01D293938554900E87128E0001D29393830
S31501019BC0515F0834554900F47128E0001D293938DF
S31501019BD0514900FC7128E0001D293938554900F821
S31501019BE07128E0001D293938515F003055490104BA
S31501019BF07128E0001D2939385149010C7128E0000D
S31501019C001D293938554901087128E0001D293938BE
S31501019C10515F00B0554901147128E0001D293938F9
S31501019C205149011C7128E0001D293938554901188E
S31501019C307128E0001D293938515F00B455490124C5
S31501019C407128E0005149114C7128E0001D2939386C
S31501019C50554901287128E0001D293938515F00D87D
S31501019C605549012C7128E0005149114C7128E00038
S31501019C701D293938554901307128E0001D29393826
S31501019C80315F016A354902777128E0001D293938AA
S31501019C905149013C7128E0001D29393855490138DE
S31501019CA07128E0001D293938514901607128E00008
S31501019CB01D2939385549013C7128E0001D293938DA
S31501019CC0515F0840554901407128E0001D29393885
S31501019CD0514901587128E0001D2939385549015C5E
S31501019CE07128E0001D291370514900045129000012
S31501019CF0481C031303244805480679FE7CFB0231FF
S31501019D00700998007F8000207D2000267529E007D3
S31501019D107D2801207A120006480C7789063F353FD6
S31501019D20016A7128E0001D291230514900045129A7
S31501019D300000031303244805480679FE7D270231F5
S31501019D40700998007F8000207D2000267529E00793
S31501019D507D2801207A12002C313F016A7529063FBF
S31501019D60700998007F8000207D2000267529E00773
S31501019D707D2801207A12000C71200001780000086B
S31501019D80712000007529063F353F090E513F082410
S31501019D9070099A577F8000207D2000267529F7FFDB
S31501019DA07529063F7D2A4B787128E0003549114A0C
S31501019DB0515F00D87128E248138A4ACD130A4ACE67
S31501019DC07FBDCB827D2000267529F7FF7529063FC8
S31501019DD07D2A4B787128E000354911387128E00058
S31501019DE01D293D005149020C51290208481C031342
S31501019DF003244805480679FE7BFF02317009980064
S31501019E007F8000207D2000267529E0077D2801201D
S31501019E107A120006480C7789063F353F016A313FC0
S31501019E20016A7529063F700998007F8000207D200F
S31501019E3000267529E0077D2801207A120070712814
S31501019E40E0001D2913385149000451290000553FED
S31501019E500910555F09147128E0001D29125851494D
S31501019E60000451290000553F0918555F091C712845
S31501019E70E0001D2912785149000451290000553F7E
S31501019E800920555F09247128E0001D2911685149EE
S31501019E900004512900007108E0001D083D00552804
S31501019EA002D0554802D47800004C7127E7F0714081
S31501019EB00000553F0910555F09147127E7F07140FC
S31501019EC00000553F0918555F091C7127E7F07140DC
S31501019ED00000553F0920555F09247128E0001D093D
S31501019EE03D007127E7F071400000552802D0554821
S31501019EF002D47128E0001D293CE85149000071286E
S31501019F00E0001D293938512901F87D295050553F65
S31501019F1000C07128E0001D293CE851490000712863
S31501019F20E0001D293938554901F87128E0001D293C
S31501019F303938312902897529063F7D2A4B78513FE6
S31501019F4000C07D2A4A147009A8FF7F8000207D2068
S31501019F5000267529E0077D2801207A110034712830
S31501019F60E0001D29393831290289752A063F513FF9
S31501019F7000C07529063F7D2A4A14752A063F7128B4
S31501019F80E0001D2939383549028978000014712804
S31501019F90E0001D293938715F7FFF35490289712832
S31501019FA0E0001D293938592902747529043F7D2A92
S31501019FB04B78513F00C07D2A4A147009ABFF7F805F
S31501019FC000207D2000267529E0077D2801207A11D0
S31501019FD000347128E0001D29393859290274752A7E
S31501019FE0043F513F00C07529043F7D2A4A14752A51
S31501019FF0043F7128E0001D2939385D490274780052
S3150101A00000147128E0001D293938714003FF5D49AB
S3150101A01002747128E0001D293938715F7FFF5549A6
S3150101A02001DC7128E0001D293938512902681929F5
S3150101A030C002700998007F8000207D2000267529C5
S3150101A040E0077D2801207A0202007128E0001D49FE
S3150101A0503938512A02687100000175090FBC552A68
S3150101A06002687128E0001D493938512A02687100D8
S3150101A0700001750907FE552A02687128E0001D498C
S3150101A0803938512A0264710000027509E006552A20
S3150101A09002647128E0001D293938714000003549F3
S3150101A0A002897128E0001D093D007127E7F0714021
S3150101A0B00000552802D8554802DC7128E0001D2907
S3150101A0C039385949026C715FD7FF194AD1805D4907
S3150101A0D0026C7128E0001D493938512A0268710064
S3150101A0E000017509E086552A02687128E0001D29DB
S3150101A0F039385949026C194AD1405D49026C7128B6
S3150101A100E0001D493938512A0268710000017509BB
S3150101A110D10A552A02687128E0001D2939385949A1
S3150101A120026C194AD1205D49026C7128E0001D4972
S3150101A1303938512A0268710000017509C18E552A03
S3150101A14002687128E0001D2939385949026C194AFA
S3150101A150D1105D49026C7128E0001D493938512A37
S3150101A1600268710000017509B212552A0268712847
S3150101A170E0001D2939385949026C194AD1085D494E
S3150101A180026C7128E0001D493938512A02647100B7
S3150101A190000A7509C10E552A02647128E0001D29BC
S3150101A1A03938714000005D4902747128E0001D29AA
S3150101A1B039385949026C194AD1045D49026C712831
S3150101A1C0E0001D2939385949026C194AD1025D4904
S3150101A1D0026C7128E0001D493938512A0268710063
S3150101A1E000017509A296552A02687128E0001D2908
S3150101A1F039385949026C194AD1015D49026C7128F4
S3150101A200E0001D493938512A0268710000017509BA
S3150101A210931A552A02687128E0001D2939385949CE
S3150101A220026C194AD0805D49026C7128E0001D4912
S3150101A2303938512A0268710000017509839E552A30
S3150101A2400268780009687128E0001D293938512909
S3150101A25002681929C001700998007F8000207D20BC
S3150101A26000267529E0077D2801207A1200281CDFC6
S3150101A270090E1CFF09101D1F09181D5F09207128F0
S3150101A280E0001C6912F0016401750306032779FFD9
S3150101A29015197128E0001D2939385129026C19292E
S3150101A2A0C380700998007F8000207D2000267529D2
S3150101A2B0E0077D2801207A1200D67128E0001D29C8
S3150101A2C03938512902687D29E4701929C003752994
S3150101A2D0063F700998017F8000207D400026754A5E
S3150101A2E0E0077D4801207A120020700998027F80DB
S3150101A2F000207D2000267529E0077D2801207A129C
S3150101A300004C7800008A7128E0001D29393851294D
S3150101A31001DC700998057F8000207D2000267529C2
S3150101A320E0077D2801207A0200207128E0001D49FD
S3150101A3303938512A0268710000027509E086552AE9
S3150101A34002687800004A780000467128E0001D295C
S3150101A3503938512901DC700998047F8000207D205C
S3150101A36000267529E0077D2801207A02002071283F
S3150101A370E0001D493938512A026871000001750949
S3150101A380E086552A02687800000444007128E0003D
S3150101A3901D2939385129026C1929C34070099800C0
S3150101A3A07F8000207D2000267529E0077D28012078
S3150101A3B07A1200D67128E0001D293938512902681F
S3150101A3C07D29D4701929C0037529063F70099801A1
S3150101A3D07F8000207D400026754AE0077D480120E7
S3150101A3E07A120020700998027F8000207D200026C4
S3150101A3F07529E0077D2801207A12004C7800008A30
S3150101A4007128E0001D293938512901DC70099803A9
S3150101A4107F8000207D2000267529E0077D28012007
S3150101A4207A0200207128E0001D493938512A026853
S3150101A430710000027509D10A552A02687800004A9D
S3150101A440780000467128E0001D293938512901DCBF
S3150101A450700998027F8000207D2000267529E0077A
S3150101A4607D2801207A0200207128E0001D49393832
S3150101A470512A0268710000017509D10A552A02683B
S3150101A4807800000444007128E0001D29393851295A
S3150101A490026C1929C320700998007F8000207D2054
S3150101A4A000267529E0077D2801207A1200D6712838
S3150101A4B0E0001D293938512902687D29C4701929FD
S3150101A4C0C0037529063F700998017F8000207D40F0
S3150101A4D00026754AE0077D4801207A12002070099D
S3150101A4E098027F8000207D2000267529E0077D28BE
S3150101A4F001207A12004C7800008A7128E0001D299A
S3150101A5003938512901DC7009980D7F8000207D20A1
S3150101A51000267529E0077D2801207A02002071288D
S3150101A520E0001D493938512A026871000002750996
S3150101A530C18E552A02687800004A780000467128C2
S3150101A540E0001D293938512901DC7009980C7F80F9
S3150101A55000207D2000267529E0077D2801207A0249
S3150101A56000207128E0001D493938512A026871001D
S3150101A57000017509C18E552A02687800000444005C
S3150101A5807128E0001D2939385129026C1929C31096
S3150101A590700998007F8000207D2000267529E0073B
S3150101A5A07D2801207A1200D67128E0001D2939384B
S3150101A5B0512902687D29B4701929C0037529063FFD
S3150101A5C0700998017F8000207D400026754AE007C9
S3150101A5D07D4801207A120020700998027F800020AF
S3150101A5E07D2000267529E0077D2801207A12004C7D
S3150101A5F07800008A7128E0001D293938512901DCCA
S3150101A6007009980F7F8000207D2000267529E007BB
S3150101A6107D2801207A0200207128E0001D49393880
S3150101A620512A0268710000027509B212552A02689F
S3150101A6307800004A780000467128E0001D29393862
S3150101A640512901DC7009980E7F8000207D200026AA
S3150101A6507529E0077D2801207A0200207128E00092
S3150101A6601D493938512A0268710000017509B21272
S3150101A670552A02687800000444007128E0001D296A
S3150101A68039385129026C1929C308700998007F804C
S3150101A69000207D2000267529E0077D2801207A12F8
S3150101A6A000321CDF090E1CFF09101D1F09181D5F51
S3150101A6B009207128E0001C6911E07128E0001C895C
S3150101A6C013500165017603077D48537879FF1B1500
S3150101A6D07128E0001D2939385129026C1929C30451
S3150101A6E0700998007F8000207D2000267529E007EA
S3150101A6F07D2801207A1201C87128E0001D29393807
S3150101A70051290264192AC3F0712AE0007F8A48009F
S3150101A7107D2000267529FFFF7529063F7D2A4B7885
S3150101A7207128E0001D293D00354904027128E00028
S3150101A7301D29393851290268192AC3307124E000CB
S3150101A7407F8A48007D2000267529FFFF7529063F6E
S3150101A7507D2A4B787128E000354911D07128E00036
S3150101A7601D29393851290268192AC30C7121E000C2
S3150101A7707F8A48007D2000267529FFFF7529063F3E
S3150101A7807D2A4B787128E000354913807128E00054
S3150101A7901D29393851290268192AC3037120E2009A
S3150101A7A07F8A48007D2000267529FFFF7529063F0E
S3150101A7B07D2A4B787128E0001D293D0035490403A6
S3150101A7C07128E0001D29393851290268192AC30364
S3150101A7D07120E2007F8A48007D2000267529FFFF4E
S3150101A7E07529063F7D2A4B787128E000354911E824
S3150101A7F07128E0001D29393851290268192AC20C2C
S3150101A8007120E0087F8A48007D2000267529FFFF17
S3150101A8107529063F7D2A4B787128E0001D293D00E7
S3150101A820354904067128E0001D2939385129026884
S3150101A830192AC203712010007F8A48007D20002653
S3150101A8407529FFFF7529063F7D2A4B787128E0009E
S3150101A850354911497128E0001D2939385129026804
S3150101A860192AC2C07120E0807F8A48007D20002616
S3150101A8707529FFFF7529063F7D2A4B787128E0006E
S3150101A8801D293D00354904057128E0001D29393886
S3150101A89051290268192AC2C07120E0807F8A4800C5
S3150101A8A07D2000267529FFFF7529063F7D2A4B78F4
S3150101A8B07128E0001D293D00354904047128E00095
S3150101A8C01D2939385129026C1929C30270099800C9
S3150101A8D07F8000207D2000267529E0077D28012043
S3150101A8E07A1200D67128E0001D29393851290268EA
S3150101A8F07D29A4701929C0037529063F700998019C
S3150101A9007F8000207D400026754AE0077D480120B1
S3150101A9107A120020700998027F8000207D2000268E
S3150101A9207529E0077D2801207A12004C7800008AFA
S3150101A9307128E0001D293938512901DC7009980176
S3150101A9407F8000207D2000267529E0077D280120D2
S3150101A9507A0200207128E0001D493938512A02681E
S3150101A960710000027509A296552A02687800004A0B
S3150101A970780000467128E0001D293938512901DC8A
S3150101A980700998007F8000207D2000267529E00747
S3150101A9907D2801207A0200207128E0001D493938FD
S3150101A9A0512A0268710000017509A296552A0268A9
S3150101A9B07800000444007128E0001D293938512925
S3150101A9C0026C1929C301700998007F8000207D203E
S3150101A9D000267529E0077D2801207A1200D6712803
S3150101A9E0E0001D293938512902687D2994701929F8
S3150101A9F0C0037529063F700998017F8000207D40BB
S3150101AA000026754AE0077D4801207A120020700967
S3150101AA1098027F8000207D2000267529E0077D2888
S3150101AA2001207A12004C7800008A7128E0001D2964
S3150101AA303938512901DC700998077F8000207D2072
S3150101AA4000267529E0077D2801207A020020712858
S3150101AA50E0001D493938512A026871000002750961
S3150101AA60931A552A02687800004A7800004671282F
S3150101AA70E0001D293938512901DC700998067F80CA
S3150101AA8000207D2000267529E0077D2801207A0214
S3150101AA9000207128E0001D493938512A02687100E8
S3150101AAA000017509931A552A0268780000044400C9
S3150101AAB07128E0001D2939385129026C1929C280F2
S3150101AAC0700998007F8000207D2000267529E00706
S3150101AAD07D2801207A1200D67128E0001D29393816
S3150101AAE0512902687D2984701929C0037529063FF8
S3150101AAF0700998017F8000207D400026754AE00794
S3150101AB007D4801207A120020700998027F80002079
S3150101AB107D2000267529E0077D2801207A12004C47
S3150101AB207800008A7128E0001D293938512901DC94
S3150101AB30700998097F8000207D2000267529E0078C
S3150101AB407D2801207A0200207128E0001D4939384B
S3150101AB50512A0268710000027509839E552A02680D
S3150101AB607800004A780000467128E0001D2939382D
S3150101AB70512901DC700998087F8000207D2000267B
S3150101AB807529E0077D2801207A0200207128E0005D
S3150101AB901D493938512A0268710000017509839EE0
S3150101ABA0552A0268780000044400313F016A75297B
S3150101ABB0063F700998007F8000207D2000267529B7
S3150101ABC0E0077D2801207A1200307128E000312941
S3150101ABD013807529063F700998007F8000207D202A
S3150101ABE000267529E0077D2801207A12000C7120C3
S3150101ABF000017800000871200000752A063F7128BE
S3150101AC00E0001D293D0035490401313F0830752910
S3150101AC10063F700998007F8000207D200026752956
S3150101AC20FFFF7529063F353F08307128E0003129BC
S3150101AC3011D0752A063F7128E0001D29139C35495B
S3150101AC4000027128E0001C69139C79FEE1D9712883
S3150101AC50E000312911D0752A063F7128E0001D292E
S3150101AC60139C354900067128E0001C69139C79FE85
S3150101AC70E1B5313F08307529063F03137087E78037
S3150101AC807128E0001CA93E907128E0001CC93BD83F
S3150101AC9079FEFBD37128E0001D293D00514901943C
S3150101ACA051290190481C031303244805480679FEDE
S3150101ACB06E1F0231700998007F8000207D200026D9
S3150101ACC07529E0077D2801207A110006480C77894C
S3150101ACD0063F353F08307128E0001D2939383129F1
S3150101ACE002767529063F315F0830754A063F7F8A2C
S3150101ACF048407D2000267529F7FF7529063F7D2AE3
S3150101AD004B787128E0001D293938354902767128B9
S3150101AD10E0001D29393831290276353F016A71284A
S3150101AD20E0001D293CE8514900007128E0001D2978
S3150101AD303938512901E87D295050553F00C0712804
S3150101AD40E0001D293CE8514900007128E0001D2958
S3150101AD503938554901E87128E0001D293938312969
S3150101AD6002877529063F7D2A4B78513F00C07D2A0E
S3150101AD704A147009A81F7F8000207D2000267529AD
S3150101AD80E0077D2801207A1100347128E0001D2990
S3150101AD90393831290287752A063F513F00C0752985
S3150101ADA0063F7D2A4A14752A063F7128E0001D29AE
S3150101ADB0393835490287780000147128E0001D29C8
S3150101ADC039387140001F354902877128E0001D2974
S3150101ADD03938512902681929C020700998007F80E4
S3150101ADE000207D2000267529E0077D2801207A02B1
S3150101ADF0006C7128E0001D493938512A0268710039
S3150101AE00000175092EB4552A02687128E0001D4911
S3150101AE103938512A02647100000275095CE8552A24
S3150101AE2002647128E0001D493938512A0264710012
S3150101AE30000275094D6C552A02647128E0001D292D
S3150101AE40393871400000354902877128E0007140A7
S3150101AE500000354911D1780002A47128E0001D29AD
S3150101AE603938512902641929C1187029A8007F802E
S3150101AE7000207D2000267529E0077D2801207A0220
S3150101AE8001447128E0001D293938512902647529C7
S3150101AE9005F17009A8807F8000207D200026752993
S3150101AEA0E0077D2801207A02006C7128E0001D4926
S3150101AEB03938512A02647100000075093DF0552A9D
S3150101AEC002647128E0001D493938512A0264710072
S3150101AED0000275095CE8552A02647128E0001D49E2
S3150101AEE03938512A02647100000275094D6C552ADF
S3150101AEF002647128E0001D29393871400000354985
S3150101AF0002877128E00071400000354911D17800AE
S3150101AF1001EC7128E00071400001354911D1712818
S3150101AF20E0001D293938312902877529063F700943
S3150101AF30A8137F8000207D2000267529E0077D2842
S3150101AF4001207A01002C313F016A7529063F7009FA
S3150101AF5098007F8000207D2000267529E0077D2845
S3150101AF6001207A12000C712000017800000871207D
S3150101AF7000007529063F353F090E313F090E752936
S3150101AF80063F700998007F8000207D2000267529E3
S3150101AF90E0077D2801207A1201647128E0001D492C
S3150101AFA03938512A02647100000175093DF0552AAB
S3150101AFB002647128E00071400000354911D1780021
S3150101AFC0013C7128E0001D293938512902641929EA
S3150101AFD0C1067009AA007F8000207D2000267529FF
S3150101AFE0E0077D2801207A02006C7128E0001D49E5
S3150101AFF03938512A02647100000075094D6C552AD0
S3150101B00002647128E0001D493938512A0264710030
S3150101B010000175095CE8552A02647128E0001D49A1
S3150101B0203938512A02647100000275093DF0552A29
S3150101B03002647128E0001D29393871400000354943
S3150101B04002877128E00071400001354911D178006C
S3150101B05000AC7128E00071400000354911D1712819
S3150101B060E0001D293938312902877529063F700902
S3150101B070A8137F8000207D2000267529E0077D2801
S3150101B08001207A01002C313F016A7529063F7009B9
S3150101B09098007F8000207D2000267529E0077D2804
S3150101B0A001207A12000C712000017800000871203C
S3150101B0B00000353F016A313F016A7529063F700972
S3150101B0C098007F8000207D2000267529E0077D28D4
S3150101B0D001207A1200287128E0001D493938512AC8
S3150101B0E002647100000175094D6C552A02647128CB
S3150101B0F0E00071400001354911D17128E000312983
S3150101B10011D17529063F4B93031479FE92FF7128DC
S3150101B110E0001D29130051490004512900000313C0
S3150101B12003244805480679FE693B023170099800F6
S3150101B1307F8000207D2000267529E0077D280120DA
S3150101B1407A02003A7128E0001D29121851490004BA
S3150101B15051290000031303244805480679FE6905B0
S3150101B1600231700998007F8000207D200026752913
S3150101B170E0077D2801207A12000C71200001780078
S3150101B180000871200000353F0844313F0844752904
S3150101B190063F700998007F8000207D2000267529D1
S3150101B1A0E0077D2801207A120AC67128E0001D29CF
S3150101B1B039383129028E7529063F700998007F8039
S3150101B1C000207D2000267529E0077D2801207A02CD
S3150101B1D0002C7128E0001D293CE851490000712825
S3150101B1E0E0001D293938554901E47128E0001D297E
S3150101B1F03938714000013549028E7128E0001D2957
S3150101B2003CE8514900007128E0001D2939385129CE
S3150101B21001E47D295050553F00C07128E0001D29E8
S3150101B2203CE8514900007128E0001D29393855498A
S3150101B23001E47128E0001D29393831290286752971
S3150101B240063F7D2A4B78513F00C07D2A4A14700979
S3150101B250A87F7F8000207D2000267529E0077D28B3
S3150101B26001207A1100347128E0001D29393831296C
S3150101B2700286752A063F513F00C07529063F7D2A80
S3150101B2804A14752A063F7128E0001D2939383549C6
S3150101B2900286780000147128E0001D2939387140B1
S3150101B2A0007F354902867128E0001D293938512967
S3150101B2B002681929C040700998007F8000207D200D
S3150101B2C000267529E0077D2801207A0200387128B8
S3150101B2D0E0001D493938512A0268710000017509DA
S3150101B2E03672552A02687128E0001D493938512AFA
S3150101B2F00264710000017509AA14552A02647800D5
S3150101B3000A527128E0001D293938512902647D2923
S3150101B310AC701929C0077529063F700998027F800B
S3150101B32000207D400026754AE0077D4801207A12FA
S3150101B3300328700998037F8000207D400026754A05
S3150101B340E0077D4801207A120518700998017F806E
S3150101B35000207D2000267529E0077D2801207A023B
S3150101B36007087128E0001D291300514900045129DC
S3150101B3700000031303244805480679FE66E70231F6
S3150101B380700998007F8000207D2000267529E0073D
S3150101B3907D2801207A1200427128E0001D29121828
S3150101B3A051490004512900000313032448054806A5
S3150101B3B079FE66450231700998007F8000207D2063
S3150101B3C000267529E0077D2801207A02000C7120EB
S3150101B3D0000178000008712000007529063F353FFC
S3150101B3E0090E313F090E7529063F700998007F80C4
S3150101B3F000207D2000267529E0077D2801207A128B
S3150101B40000607128E0001D493938512A0264710032
S3150101B41000027509AA14552A02647128E0001D4922
S3150101B4203938512A02647100000275098B5C552A6B
S3150101B43002647128E0001D2939387140000035493F
S3150101B44002867128E0001D093D007120000071404E
S3150101B4500000552801985548019C780001F871288A
S3150101B460E0001D291300514900045129000003136D
S3150101B47003244805480679FE657F02317009980063
S3150101B4807F8000207D2000267529E0077D28012087
S3150101B4907A0200427128E0001D291218514900045F
S3150101B4A051290000031303244805480679FE65B5B1
S3150101B4B00231700998007F8000207D2000267529C0
S3150101B4C0E0077D2801207A12000C71200001780025
S3150101B4D0000871200000353F016A313F016A752973
S3150101B4E0063F700998007F8000207D20002675297E
S3150101B4F0E0077D2801207A1200607128E0001D49CC
S3150101B5003938512A0264710000037509AA14552AB2
S3150101B51002647128E0001D493938512A026471001B
S3150101B520000275097BE0552A02647128E0001D2994
S3150101B530393871400000354902867128E0001D093C
S3150101B5403D007120000071400000552801985548C1
S3150101B550019C780001007128E0001D291300514961
S3150101B560000451290000031303244805480679FE06
S3150101B57064F30231700998007F8000207D20002646
S3150101B5807529E0077D2801207A1200427128E00021
S3150101B5901D291218514900045129000003130324DE
S3150101B5A04805480679FE64BD0231700998007F801D
S3150101B5B000207D2000267529E0077D2801207A12C9
S3150101B5C0000C712000017800000871200000752926
S3150101B5D0063F353F090E313F090E7529063F7009B0
S3150101B5E098007F8000207D2000267529E0077D28AF
S3150101B5F001207A1200607128E0001D493938512A6B
S3150101B6000264710000047509AA14552A026471289D
S3150101B610E0001D493938512A026471000002750999
S3150101B6206C64552A02647128E0001D29393871407C
S3150101B6300000354902867128E0001D093D0071208F
S3150101B640000071400000552801985548019C780079
S3150101B650061A780006167128E0001D2913005149C2
S3150101B660000451290000031303244805480679FE05
S3150101B67063870231700998007F8000207D200026B2
S3150101B6807529E0077D2801207A12003A7128E00028
S3150101B6901D291218514900045129000003130324DD
S3150101B6A04805480679FE63BD0231700998007F801D
S3150101B6B000207D2000267529E0077D2801207A12C8
S3150101B6C0000C712000017800000871200000752925
S3150101B6D0063F353F090E313F090E7529063F7009AF
S3150101B6E098007F8000207D2000267529E0077D28AE
S3150101B6F001207A1200387128E0001D493938512A92
S3150101B70002647100000075098B5C552A0264712877
S3150101B710E0001D493938512A026471000001750999
S3150101B720AA14552A0264780001347128E0001D2902
S3150101B730393851290264192AC206712010007F8AFB
S3150101B74048007D2000267529E0077D2801207A021F
S3150101B75000887128E0001D093D007127E7F071405D
S3150101B7600000552801985548019C7128E0001D29C2
S3150101B7703938312902867529063F7009A84F7F801C
S3150101B78000207D2000267529E0077D2801207A0108
S3150101B79000CC7128E0001D493938512A0264710033
S3150101B7A0000275098B5C552A02647128E0001D2986
S3150101B7B0393871400000354902867128E0001D09BA
S3150101B7C03D0071200000714000005528019855483F
S3150101B7D0019C780004967128E0001D093D00712045
S3150101B7E0000071400000552801985548019C7128B7
S3150101B7F0E0001D293938312902867529063F70096C
S3150101B800A84F7F8000207D2000267529E0077D282D
S3150101B81001207A0100487128E0001D493938512A71
S3150101B82002647100000175098B5C552A0264712855
S3150101B830E0001D2939387140000035490286712819
S3150101B840E0001D093D007127E7F071400000552810
S3150101B85001985548019C780004127800040E71285C
S3150101B860E0001D2913005149000451290000031369
S3150101B87003244805480679FE61EB023170099800F7
S3150101B8807F8000207D2000267529E0077D28012083
S3150101B8907A02003A7128E0001D2912185149000463
S3150101B8A051290000031303244805480679FE61491D
S3150101B8B00231700998007F8000207D2000267529BC
S3150101B8C0E0077D2801207A02000C71200001780031
S3150101B8D0000871200000353F016A313F016A75296F
S3150101B8E0063F700998007F8000207D20002675297A
S3150101B8F0E0077D2801207A1200387128E0001D49F0
S3150101B9003938512A02647100000075097BE0552A14
S3150101B91002647128E0001D493938512A0264710017
S3150101B92000017509AA14552A0264780001387128A3
S3150101B930E0001D29393851290264752A03E1712074
S3150101B94000001929D1807F8A48007D2000267529AA
S3150101B950E0077D2801207A0200887128E0001D098F
S3150101B9603D007127E7F071400000552801985548BF
S3150101B970019C7128E0001D29393831290286752972
S3150101B980063F7009A8277F8000207D2000267529A2
S3150101B990E0077D2801207A0100CC7128E0001D49CC
S3150101B9A03938512A02647100000275097BE0552A72
S3150101B9B002647128E0001D293938714000003549BA
S3150101B9C002867128E0001D093D00712000007140C9
S3150101B9D00000552801985548019C7800028E71286E
S3150101B9E0E0001D093D00712000007140000055284D
S3150101B9F001985548019C7128E0001D2939383129E2
S3150101BA0002867529063F7009A8277F8000207D20BF
S3150101BA1000267529E0077D2801207A010048712851
S3150101BA20E0001D493938512A026471000001750986
S3150101BA307BE0552A02647128E0001D2939387140DD
S3150101BA400000354902867128E0001D093D00712774
S3150101BA50E7F071400000552801985548019C78008E
S3150101BA60020A780002067128E0001D2913005149D6
S3150101BA70000451290000031303244805480679FEF1
S3150101BA805F770231700998007F8000207D200026B2
S3150101BA907529E0077D2801207A12003A7128E00014
S3150101BAA01D291218514900045129000003130324C9
S3150101BAB04805480679FE5F410231700998007F8089
S3150101BAC000207D2000267529E0077D2801207A02C4
S3150101BAD0000C712000017800000871200000353F3B
S3150101BAE0016A313F016A7529063F700998007F8015
S3150101BAF000207D2000267529E0077D2801207A1284
S3150101BB0000387128E0001D493938512A0264710053
S3150101BB10000075096C64552A02647128E0001D490B
S3150101BB203938512A0264710000017509AA14552A8E
S3150101BB300264780001347128E0001D293938512940
S3150101BB4002641929C1607089A8007F8000207D20C7
S3150101BB5000267529E0077D2801207A0200887128CF
S3150101BB60E0001D093D007127E7F0714000005528ED
S3150101BB7001985548019C7128E0001D293938312960
S3150101BB8002867529063F7009A8097F8000207D205C
S3150101BB9000267529E0077D2801207A0100CC71284C
S3150101BBA0E0001D493938512A026471000002750904
S3150101BBB06C64552A02647128E0001D2939387140E7
S3150101BBC00000354902867128E0001D093D007120FA
S3150101BBD0000071400000552801985548019C7800E4
S3150101BBE000887128E0001D093D00712000007140A7
S3150101BBF00000552801985548019C7128E0001D292E
S3150101BC003938312902867529063F7009A8097F80CD
S3150101BC1000207D2000267529E0077D2801207A0173
S3150101BC2000487128E0001D493938512A0264710022
S3150101BC30000175096C64552A02647128E0001D2909
S3150101BC40393871400000354902867128E0001D0925
S3150101BC503D007127E7F071400000552801985548CC
S3150101BC60019C780000044400780000E87128E00096
S3150101BC701D2939383129028E7529063F7009980027
S3150101BC807F8000207D2000267529E0077D2801207F
S3150101BC907A1200C07128E0001D293CE851490000D3
S3150101BCA07128E0001D293938512901E47D295050B7
S3150101BCB0553F00C07128E0001D293CE851490000AB
S3150101BCC07128E0001D293938554901E47128E00040
S3150101BCD01D293938312902867529063F7D2A4B7876
S3150101BCE0513F00C07D2A4A147009A87F7F80002038
S3150101BCF07D2000267529E0077D2801207A1100346F
S3150101BD007128E0001D29393831290286752A063F35
S3150101BD10513F00C07529063F7D2A4A14752A063FFF
S3150101BD207128E0001D293938354902867800001449
S3150101BD307128E0001D2939387140007F3549028695
S3150101BD407128E0001D293938714000003549028EFC
S3150101BD50313F08447529063F700998007F8000200C
S3150101BD607D2000267529FFFF7529063F7D2A4B781F
S3150101BD707128E0001D293938354902767128E0001C
S3150101BD801D293938312902767529063F700998002E
S3150101BD907F8000207D2000267529E0077D2801206E
S3150101BDA07A02003A7128E0001D293D005149019CA2
S3150101BDB051290198031303244805480679FE5CA518
S3150101BDC00231700998007F8000207D2000267529A7
S3150101BDD0E0077D2801207A12000C7120000178000C
S3150101BDE0000871200000752A063F7128E0003549D7
S3150101BDF011847128E00031291184752A063F7128C1
S3150101BE00E0001D29139C354900037128E0001C69D6
S3150101BE10139C79FED0117128E00031291184752A0C
S3150101BE20063F7128E0001D2913AC3549000171282F
S3150101BE30E0001C6913AC79FED1BB313F083175298C
S3150101BE40063F700998007F8000207D200026752914
S3150101BE50E0077D2801207A12002C313F083275292D
S3150101BE60063F700998007F8000207D2000267529F4
S3150101BE70E0077D2801207A12000C7120000178006B
S3150101BE80000871200000752A063F7128E0001D296E
S3150101BE903D00354903F87128E0001D293D0031298E
S3150101BEA003F8752A063F7128E0001D2913AC3549AF
S3150101BEB000067128E0001C6913AC79FED13771289F
S3150101BEC0E0001D293D00312903F8752A063F712835
S3150101BED0E0001D2913AC354900037128E0001C69F6
S3150101BEE013AC79FED10F7128E0001D2911F85149D2
S3150101BEF0000451290000481C0313032470A8E04ED5
S3150101BF006505480679FE5BC90231700998007F8093
S3150101BF1000207D2000267529E0077D2801207A1160
S3150101BF200006480C7789063F353F0831313F083114
S3150101BF307529063F03137087E5E17088C7AE71283D
S3150101BF40E0001CA93E887128E0001CC93BC879FEA6
S3150101BF50E9157128E0001D293D005149018C51293E
S3150101BF600188031303244805480679FE5B63023100
S3150101BF70700998007F8000207D2000267529E00741
S3150101BF807D2801207A01028C7128E0001D293938AA
S3150101BF903129028D7529063F700998007F8000209D
S3150101BFA07D2000267529E0077D2801207A02002CD3
S3150101BFB07128E0001D293CE8514900007128E00083
S3150101BFC01D293938554901E07128E0001D29393803
S3150101BFD0714000013549028D7128E0001D293CE8B7
S3150101BFE0514900007128E0001D293938512901E024
S3150101BFF07D295050553F00C07128E0001D293CE8BC
S3150101C000514900007128E0001D293938554901E0DF
S3150101C0107128E0001D293938312902857529063F24
S3150101C0207D2A4B78513F00C07D2A4A147009A80F19
S3150101C0307F8000207D2000267529E0077D280120CB
S3150101C0407A1100347128E0001D2939383129028518
S3150101C050752A063F513F00C07529063F7D2A4A14BC
S3150101C060752A063F7128E0001D29393835490285AF
S3150101C070780000147128E0001D2939387140000F3C
S3150101C080354902857128E0001D293938512902688F
S3150101C0901929C080700998007F8000207D20002623
S3150101C0A07529E0077D2801207A0200587128E000F0
S3150101C0B01D493938512A02687100000175093E305E
S3150101C0C0552A02687128E0001D493938512A02644E
S3150101C0D07100000275099AD8552A02647128E00097
S3150101C0E01D29393871400000354902857128E00062
S3150101C0F01D293D0071400001354903F9780001F818
S3150101C1007128E0001D29393851290264192AC218FA
S3150101C1107120E0087F8A48007D2000267529E00705
S3150101C1207D2801207A0200787128E0001D293D0051
S3150101C13071400000354903F97128E0001D2939389C
S3150101C140312902857529063F7009A80C7F800020D7
S3150101C1507D2000267529E0077D2801207A010198B5
S3150101C1607128E0001D493938512A02647100000223
S3150101C17075099AD8552A02647128E0001D293938B2
S3150101C18071400000354902857128E0001D293D00F5
S3150101C19071400001354903F97800015C7128E0001D
S3150101C1A01D293D0071400001354903F97128E0005F
S3150101C1B01D293938312902857529063F7009A80CCF
S3150101C1C07F8000207D2000267529E0077D2801203A
S3150101C1D07A0101247128E0001D493938512A026486
S3150101C1E07100000175099AD8552A02647128E00087
S3150101C1F01D29393871400000354902857128E00051
S3150101C2001D293D0071400000354903F9780000E818
S3150101C2107128E0001D2939383129028D7529063F1A
S3150101C220700998007F8000207D2000267529E0078E
S3150101C2307D2801207A1200C07128E0001D293CE801
S3150101C240514900007128E0001D293938512901E0C1
S3150101C2507D295050553F00C07128E0001D293CE859
S3150101C260514900007128E0001D293938554901E07D
S3150101C2707128E0001D293938312902857529063FC2
S3150101C2807D2A4B78513F00C07D2A4A147009A80FB7
S3150101C2907F8000207D2000267529E0077D28012069
S3150101C2A07A1100347128E0001D29393831290285B6
S3150101C2B0752A063F513F00C07529063F7D2A4A145A
S3150101C2C0752A063F7128E0001D293938354902854D
S3150101C2D0780000147128E0001D2939387140000FDA
S3150101C2E0354902857128E0001D2939387140000060
S3150101C2F03549028D7128E0001D293D00312903F9D7
S3150101C300752A063F7128E0001D29139C3549000550
S3150101C3107128E0001C69139C79FECB0B7128E000A2
S3150101C3201D293D00312903F9752A063F7128E000CF
S3150101C3301D29139C354900077128E0001C69139CCE
S3150101C34079FECAE37128E0001D293938315F0830C9
S3150101C350354902767128E0001D2912C850E900000D
S3150101C360510900047128E0001D2912A85149000450
S3150101C3705129000001730304031503267800AEF762
S3150101C38002420231553F0910555F091450FF091048
S3150101C390511F09147128E0001D2911B051490004EA
S3150101C3A05129000001730304031503267800AEC762
S3150101C3B002420231553F0910555F091450FF091018
S3150101C3C0511F09147128E0001D2912505149000419
S3150101C3D05129000001730304031503267800AE9762
S3150101C3E002420231553F0910555F0914513F0910A7
S3150101C3F0515F0914481C0313032470A8E041650524
S3150101C400480679FE56CB0231700998007F800020DB
S3150101C4107D2000267529E0077D2801207A11000675
S3150101C420480C7789063F353F0832513F0910515F64
S3150101C4300914481C0313032470A8E0466505480640
S3150101C44079FE568D0231700998007F8000207D208A
S3150101C45000267529E0077D2801207A110006480C7E
S3150101C4607789063F353F0830313F08307529063F48
S3150101C470700998007F8000207D2000267529FFFF25
S3150101C4807529063F353F016A313F08327529063F55
S3150101C490700998007F8000207D2000267529E0071C
S3150101C4A07D2801207A12002C313F016A7529063F48
S3150101C4B0700998007F8000207D2000267529E007FC
S3150101C4C07D2801207A12000C7120000178000008F4
S3150101C4D071200000353F0832313F08327529063F88
S3150101C4E0700998007F8000207D2000267529E007CC
S3150101C4F07D2801207A120036513F0910515F091436
S3150101C500031303247120E1031CA99D207120E1037A
S3150101C5101CC99CE0487779FED36302420231553F3B
S3150101C5200920555F0924780000147120000071402B
S3150101C5300000553F0920555F09247128E0001D2996
S3150101C540124050E90000510900047128E0001D293B
S3150101C5501200514900045129000001730304031516
S3150101C56003267800AD1102420231553F0918555F84
S3150101C570091C513F0918515F091C481C0313032467
S3150101C58070A8E0466505480679FE554502317009F0
S3150101C59098007F8000207D2000267529E0077D28EF
S3150101C5A001207A110006480C7789063F353F016A59
S3150101C5B0313F016A7529063F700998007F80002085
S3150101C5C07D2000267529FFFF7529063F353F083273
S3150101C5D0513F0918515F091C481C0313032470A814
S3150101C5E0E0416505480679FE54E702317009980074
S3150101C5F07F8000207D2000267529E0077D28012006
S3150101C6007A110006480C7789063F353F0831313FDB
S3150101C61008327529063F700998007F8000207D2028
S3150101C62000267529E0077D2801207A12002C313F69
S3150101C63008317529063F700998007F8000207D2009
S3150101C64000267529E0077D2801207A12000C712048
S3150101C65000017800000871200000353F0832313FA2
S3150101C66008327529063F700998007F8000207D20D8
S3150101C67000267529E0077D2801207A120032513FF3
S3150101C6800918515F091C031303247120E1031CA935
S3150101C6909D207120E1031CC99CE0487779FED1DD1B
S3150101C6A0547F00D0549F00D47800001471200000FB
S3150101C6B071400000553F00D0555F00D4513F09201C
S3150101C6C0515F0924507F00D0509F00D403150326E2
S3150101C6D07800ABA3547F00D0549F00D4513F00D0C2
S3150101C6E0515F00D4553F0920555F0924313F016A45
S3150101C6F07529063F700998007F8000207D2000265C
S3150101C7007529E0077D2801207A12002C313F083076
S3150101C7107529063F700998007F8000207D2000263B
S3150101C7207529E0077D2801207A12000C712000018C
S3150101C7307800000871200000353F0831313F08318A
S3150101C7407529063F03137087E5E17088C7AE712825
S3150101C750E0001CA93FE87128E0001CC93CD879FE1C
S3150101C760E1057128E0001D291208514900045129EA
S3150101C7700000481C0313032470A8E054480679FEFF
S3150101C780534F0231700998007F8000207D200026D9
S3150101C7907529E0077D2801207A110006480C778961
S3150101C7A0063F353F0831313F08317529063F0313ED
S3150101C7B07087E5E17088C7AE7128E0001CA93FE0EA
S3150101C7C07128E0001CC93CC879FEE09B7128E00094
S3150101C7D01D293D00514902E4512902E07108E00099
S3150101C7E01D0813085528000055480004313F08313A
S3150101C7F07529063F700998007F8000207D2000265B
S3150101C8007529FFFF7529063F353F08317128E0007B
S3150101C8101D2912085149000451290000481C03131E
S3150101C820032470A8E0466505480679FE52A3023144
S3150101C830700998007F8000207D2000267529E00778
S3150101C8407D2801207A110006480C7789063F353F7C
S3150101C850016A313F016A7529063F700998007F8097
S3150101C86000207D2000267529E0077D2801207A1206
S3150101C870002C313F08317529063F700998007F80E8
S3150101C88000207D2000267529E0077D2801207A12E6
S3150101C890000C712000017800000871200000353F6D
S3150101C8A0016A7128E0001D29120850E900005109A9
S3150101C8B000047128E0001D2912E0514900045129A3
S3150101C8C0000001730304031503267800A9A9547F07
S3150101C8D00048549F004C313F016A7529063F700992
S3150101C8E098007F8000207D2000267529E0077D289C
S3150101C8F001207A12002E507F0048509F004C712072
S3150101C900E1031CA99D607120E1031CC99CE04877E4
S3150101C91079FECF69547F00D0549F00D4780000146A
S3150101C9207120000071400000553F00D0555F00D4D1
S3150101C930513F00D0515F00D4553F00C8555F00CC2F
S3150101C940507F0048509F004C7120E1031CA99DD8DE
S3150101C9507120E1031CC99DA0486779FECF1F547F51
S3150101C96000D0549F00D4507F00D0509F00D479FE4F
S3150101C970549D0231553F0840515F08407128E1201D
S3150101C980112A4AC8553F08407128E0001D293D007A
S3150101C990514902EC512902E87108E0001D0812D043
S3150101C9A05528000055480004513F0918515F091CDB
S3150101C9B0481C0313032470A8E049480679FE511166
S3150101C9C00231700998007F8000207D20002675299B
S3150101C9D0E0077D2801207A110006480C7789063F78
S3150101C9E0353F08317128E0001D293D00315F0831CD
S3150101C9F035490407513F0910515F0914481C0313B6
S3150101CA00032470A8E03E480679FE50C5023170093B
S3150101CA1098007F8000207D2000267529E0077D286A
S3150101CA2001207A110006480C7789063F353F083106
S3150101CA307128E0001D293D00315F0831354904089F
S3150101CA407128E0001D2939383129028C7529063FE3
S3150101CA50700998007F8000207D2000267529E00756
S3150101CA607D2801207A12001071200000553F00C077
S3150101CA70780000247128E0001D293CE85149000095
S3150101CA807128E0001D293938512901FC7D295050B1
S3150101CA90553F00C07128E0001D293CE851490000BD
S3150101CAA07128E0001D293938554901FC7128E0003A
S3150101CAB01D293938714000003549028C7128E00081
S3150101CAC01D29116051490004512900000313032452
S3150101CAD079FE533B0231553F00587128E0001D296B
S3150101CAE012D851490004512900000313032479FE88
S3150101CAF0531D0231553F00547128E0001D2911F0E3
S3150101CB0051490004512900000313032479FE52FF00
S3150101CB100231553F005C7128E0001D291178514908
S3150101CB200004512900000313032479FE52E1023165
S3150101CB30553F00607128E0001D2913305149000459
S3150101CB40512900000313032479FE52C30231553FD3
S3150101CB5000A07128E0001D29131051490004512933
S3150101CB6000000313032479FE52A50231553F0050FB
S3150101CB70515F0058513F0060112A4AC8553F00587C
S3150101CB80515F0054513F00A0112A4AC8515F005814
S3150101CB90112A4AC0553F0058515F005C513F005070
S3150101CBA0112A4AC8515F0058112A4AC0553F0058F7
S3150101CBB0515F00587127E0DB7133C0D9114A4AC868
S3150101CBC07128E000554912A07128E000514912A0CF
S3150101CBD07128E290138A4ACC7D2000267529F7FF38
S3150101CBE07529063F353F08317120E1031D299790CB
S3150101CBF0514900045129000003130324480548063D
S3150101CC0079FE4ECD0231700998007F8000207D208A
S3150101CC1000267529E0077D2801207A01003C71284B
S3150101CC20E0001D293938312902797529063F315F1D
S3150101CC300831754A063F7F8A48407D2000267529BD
S3150101CC40F7FF7529063F7D2A4B787128E0001D29DA
S3150101CC503D00354904097120E1031D299790514988
S3150101CC60000C51290008031303244805480679FEDF
S3150101CC704E5F0231700998007F8000207D200026D9
S3150101CC807529E0077D2801207A01003C7128E00021
S3150101CC901D293938312902797529063F315F083154
S3150101CCA0754A063F7F8A48407D2000267529EFFF98
S3150101CCB07529063F7D2A4B787128E0001D293D0023
S3150101CCC03549040A7128E0001D293D00312904096D
S3150101CCD07529063F700998007F8000207D20002676
S3150101CCE07529E0077D2801207A02002C7128E000D0
S3150101CCF01D293D003129040A7529063F700998004D
S3150101CD007F8000207D2000267529E0077D280120EE
S3150101CD107A12000C712000017800000871200000D0
S3150101CD20353F0832313F08317529063F70099800B0
S3150101CD307F8000207D2000267529FFFF7529063F8A
S3150101CD40353F016A313F016A7529063F700998002D
S3150101CD507F8000207D2000267529E0077D2801209E
S3150101CD607A020024313F08327529063F700998007D
S3150101CD707F8000207D2000267529E0077D2801207E
S3150101CD807A12000C71200001780000087120000060
S3150101CD90353F016A313F016A7529063F70099800DD
S3150101CDA07F8000207D2000267529E0077D2801204E
S3150101CDB07A1200207128E0001D093938712000001E
S3150101CDC07140000055280050554800547800006212
S3150101CDD07128E0001D293938514900545129005063
S3150101CDE00313032470A7E78470AFC2E1621679FECB
S3150101CDF0471F02420231553F0910555F0914513F40
S3150101CE000910515F09147067E7BC7065C0F5709828
S3150101CE10E000031503267800A4F9024202317108E4
S3150101CE20E0001D083938552800505548005471282D
S3150101CE30E0001D2939385149005451290050481C37
S3150101CE400313032470A7E7BC70A5C0F570D8E000F1
S3150101CE5079FE4CE90231700998007F8000207D201E
S3150101CE6000267529E0077D2801207A000006480C75
S3150101CE707789063F353F016A313F08317529063FFA
S3150101CE80700998007F8000207D2000267529E00722
S3150101CE907D2801207A12002C313F016A7529063F4E
S3150101CEA0700998007F8000207D2000267529E00702
S3150101CEB07D2801207A12000C7120000178000008FA
S3150101CEC071200000353F016A513F0920515F092454
S3150101CED07067E7F048040315032679FE468D024281
S3150101CEE00231553F00D0555F00D4313F016A7529A2
S3150101CEF0063F700998007F8000207D200026752954
S3150101CF00E0077D2801207A1200187128E00071409E
S3150101CF100000553F0018555F001C7800011071286B
S3150101CF20E0001D2912D851490004512900000313BB
S3150101CF30032470A8E024480679FE45D50242023150
S3150101CF40553F0918555F091C513F0918515F091CC5
S3150101CF500313032470A7E7F048067800A3190242D8
S3150101CF600231553F0910555F09147128E0001D2949
S3150101CF703D005149020451290200031303244805C6
S3150101CF80480679FE4ADF0231700998007F80002048
S3150101CF907D2000267529E0077D2801207A120010DF
S3150101CFA071200006553F00B87800000C7120000B76
S3150101CFB0553F00B8507F00B879FE4CC50242023197
S3150101CFC00313032450BF00D050DF00D479FE46017C
S3150101CFD002420231553F0918555F091C513F091893
S3150101CFE0515F091C0313032470A8E0C218A5D1A738
S3150101CFF0480679FE45DB02420231553F0918555F64
S3150101D000091C50FF0918511F091C513F0910515F95
S3150101D0100914017303040315032679FE482F0242FD
S3150101D0200231553F0018555F001C7128E0001D298A
S3150101D03039385149006451290060553F0020555F37
S3150101D0400024507F00C079FE4E0F024202310313C4
S3150101D050032470A7E78470AFC2E170C8E7AE70C25E
S3150101D060C47B79FE456B02420231553F0910555F7A
S3150101D0700914513F0910515F09140313032470A8C0
S3150101D080E09F6515480679FE454702420231553F43
S3150101D0900070555F0074507F00A8509F00AC79FE67
S3150101D0A04D6D02327128E3AA114A4AC87127E694E5
S3150101D0B0712FC2E1114A4AC87127E7997133C19AA1
S3150101D0C0112A4AC97148E4D0194AD140114A4AC1C3
S3150101D0D07127E7057134C0CD138A4AC8CE3FCF4FB8
S3150101D0E079FE4D2B02327128E32A114A4AC871276A
S3150101D0F0E694712FC2E1114A4AC87127E7CB71380B
S3150101D100C6A8112A4AC9113C4AC1553F0054507F4C
S3150101D11000A8509F00AC79FE4CF502327128E3AAB2
S3150101D120114A4AC87127E694712FC2E1114A4AC8C8
S3150101D1307127E7997133C19A114A4AC97128E4D015
S3150101D1401929D140114A4AC07127E7057134C0CD69
S3150101D150138A4AC8CE3FCF4F79FE4CB302327128AA
S3150101D160E32A114A4AC87127E694712FC2E1114A8D
S3150101D1704AC87127E7CB7138C6A8112A4AC9113C99
S3150101D1804AC1553F005C507F00A8509F00AC79FE13
S3150101D1904C7D02327128E3AA114A4AC87127E694E5
S3150101D1A0712FC2E1114A4AC87127E7997133C19AB0
S3150101D1B0112A4AC97148E4D0194AD140114A4AC1D2
S3150101D1C07127E7057134C0CD138A4AC8CE3FCF4FC7
S3150101D1D079FE4C3B02327128E32A114A4AC871276A
S3150101D1E0E694712FC2E1114A4AC87127E7CB71381A
S3150101D1F0C6A8112A4AC9113C4AC0553F0060507F51
S3150101D20000A8509F00AC79FE4C0502327128E3AAB1
S3150101D210114A4AC87127E694712FC2E1114A4AC8D7
S3150101D2207127E7997133C19A114A4AC97128E4D024
S3150101D2301929D140114A4AC07127E7057134C0CD78
S3150101D240138A4AC8CE3FCF4F79FE4BC302327128AA
S3150101D250E32A114A4AC87127E694712FC2E1114A9C
S3150101D2604AC87127E7CB7138C6A8112A4AC9113CA8
S3150101D2704AC0553F00A07128E0001D29116051499E
S3150101D280000451290000031303247120E1031CA9A1
S3150101D2909AC87120E1031CC99A28493779FEC5DD6F
S3150101D2A002420231553F0918555F091C7128E000F8
S3150101D2B01D2912D8514900045129000003130324E1
S3150101D2C07120E1031CA99AC87120E1031CC99A289E
S3150101D2D0493779FEC5A702420231553F0920555FFB
S3150101D2E009247128E0001D2911F051490004512931
S3150101D2F00000031303247120E1031CA9987871200E
S3150101D300E1031CC99B6849A779FEC571547F004891
S3150101D310549F004C507F00A8509F00AC70A7E7BAFC
S3150101D32070A3C75870DAE0FA70D8C68779FE42A1B0
S3150101D33002420231553F0028555F002C515F0054CE
S3150101D3407127E740112A4AC8553F0058CA3FCB4FBA
S3150101D35079FE4ABB0232513F0054114A4AC871282B
S3150101D360E11C7139C4CD112A4AC9553F0054515F97
S3150101D370005C7127E740112A4AC8553F0050CA3F50
S3150101D380CB4F79FE4A890232513F005C114A4AC8A4
S3150101D3907128E11C7139C4CD112A4AC9553F00646E
S3150101D3A0515F00607127E740112A4AC8553F005C69
S3150101D3B0CA3FCB4F79FE4A570232513F0060114AAB
S3150101D3C04AC87128E11C7139C4CD112A4AC9553F90
S3150101D3D00060515F00A07127E740112A4AC8553FF5
S3150101D3E00068CA3FCB4F79FE4A250232513F00A060
S3150101D3F0114A4AC87128E11C7139C4CD112A4AC999
S3150101D400553F00BC515F0050513F0050114A4AC877
S3150101D410511F0064513F006411284AC8112A4AC1AB
S3150101D42003137800A7F102327127E64C7139C4CD95
S3150101D430114A4AC87128E136712CC666138A4AC94E
S3150101D440513F0920515F09240313032479FE49BF82
S3150101D450023101C3031478009F11547F00A0515F6B
S3150101D4600058513F0058114A4AC8511F0054513FB3
S3150101D470005411284AC8112A4AC103137800A797F3
S3150101D48002327127E64C7139C4CD114A4AC8712855
S3150101D490E136712CC666138A4AC9513F0918515F93
S3150101D4A0091C0313032479FE4965023101C30314DF
S3150101D4B078009EB7547F0058515F0068513F00685C
S3150101D4C0114A4AC8511F00BC513F00BC11284AC824
S3150101D4D0112A4AC103137800A73D013C515F005C43
S3150101D4E0513F005C114A4AC8511F0060513F00601B
S3150101D4F011284AC8112A4AC103137800A719023112
S3150101D50001C3031478009E6302327127E64C713917
S3150101D510C4CD114A4AC87128E0597133C19A138A97
S3150101D5204AC9507F0048509F004C79FE48E10231BB
S3150101D53001C3031478009E33547F0054515F005890
S3150101D5407127E7737126C333112A4AC8553F00581B
S3150101D5507128E0005149114C7128E066712CC666AB
S3150101D560112A4AC8553F005C7128E0001D293D007A
S3150101D5705149020C5129020803130324480548069F
S3150101D58079FE44E10231700998007F8000207D20F7
S3150101D59000267529E0077D2801207A020024313F02
S3150101D5A0000C7529063F700998007F8000207D20B7
S3150101D5B000267529E0077D2801207A12000C7120C9
S3150101D5C000017800000871200000353F000C313F51
S3150101D5D0000C7529063F700998007F8000207D2087
S3150101D5E000267529E0077D2801207A12003C507F2B
S3150101D5F000D8509F005C7120E1031CA9A1BC7120D8
S3150101D600E1031CC9A1E87120E1031CE99E207120F7
S3150101D610E1031D09A4D87120000B79FEC5BF547F12
S3150101D620005C78000038507F00D8509F005C712063
S3150101D630E1031CA9A1BC7120E1031CC9A1E8712068
S3150101D640E1031CE99E207120E1031D09A4D8712083
S3150101D650000B79FEC587547F005C515F00A07127DD
S3150101D660E7737126C333112A4AC8553F0050507FCB
S3150101D6700050509F005878009CF1547F0064515F1F
S3150101D68000547127E7737126C333112A4AC8553FDE
S3150101D69000A0515F0064513F00A0112A4AC9553FBC
S3150101D6A000687128E0001D29393851290174553F57
S3150101D6B00060507F00C079FE479F02420231031389
S3150101D6C0032470A7E78470AFC2E170C8E7AE70C2E8
S3150101D6D0C47B79FE3EFB02420231553F0850555F3C
S3150101D6E00854507F0850509F085470A8E01048060E
S3150101D6F079FE3EDD024202310313032479FE470F0F
S3150101D7000231553F0054513F0034112902C4553F9E
S3150101D71000D87128E0005129114C507F00D803141B
S3150101D7207120E1031CA9A2C87120E1031CC9A2DC75
S3150101D7307120E1031CE9A23C7120E1031D09A4E06A
S3150101D7407120000579FEC495547F00D8515F00D838
S3150101D750513F0060112A4AC1553F00D8515F00D897
S3150101D760513F0054138A4ACC7D2000267529F7FFC3
S3150101D7707529063F353F0832313F08327529063F83
S3150101D780700998007F8000207D2000267529E00719
S3150101D7907D2801207A020074507F0850509F085459
S3150101D7A070B8E010480679FE3E27024202310313A2
S3150101D7B0032479FE46590231553F0054515F00D881
S3150101D7C0513F0054138A4ACD7D2000267529F7FF62
S3150101D7D07529063F353F0832313F08327529063F23
S3150101D7E0700998007F8000207D2000267529E007B9
S3150101D7F07D2801207A12000C513F0054553F00D873
S3150101D800513F00D8553F0054515F0054513F0060CC
S3150101D810114A4AC07128E0001D2939385549017458
S3150101D8207128E0001D29393851290174515F0068B9
S3150101D830112A4AC0553F0068515F00687127E733D5
S3150101D8407126C333138A4ACC7D2000267529E00748
S3150101D8507D2801207A0100147127E7337126C3332C
S3150101D860553F006878000030515F00687127E5CCAB
S3150101D8707139C4CD138A4ACD7D2000267529E00769
S3150101D8807D2801207A0100107127E5CC7139C4CDBB
S3150101D890553F0068515F00687127E700112A4AC8A0
S3150101D8A0553F00D8515F00D8513F005C112A4AC843
S3150101D8B0553F00D8515F00D87127E74C7139C4CD66
S3150101D8C0112A4AC8553F00BC7128E0001D29393883
S3150101D8D051290178553F0054507F00C079FE4579A1
S3150101D8E0024202310313032470A7E78470AFC2E138
S3150101D8F070C8E7AE70C2C47B79FE3CD502420231E3
S3150101D900553F0850555F0854507F0850509F0854A1
S3150101D91070A8E0AF6515480679FE3CB502420231B1
S3150101D9200313032479FE44E70231553F0060CE3FDC
S3150101D930CF4F70A7E7BA70A3C75870DAE0FA70D86B
S3150101D940C68779FE3C8B02420231553F0918555F64
S3150101D950091C7128E0005149114C513F0034114A0B
S3150101D9604AC87128E0005109114C7128E3AA11082E
S3150101D9704AC87128E0005129114C11084AC8712879
S3150101D980E1797128C7A011084AC87128E3E611088F
S3150101D9904AC97128E3DC11084AC97127E7CB7138F5
S3150101D9A0C6A811084AC97128E00011084AC9712798
S3150101D9B0E7CB7138C6A811284AC0112A4AC9553F71
S3150101D9C00008515F000871200000138A4ACD7D20AD
S3150101D9D000267529E0077D2801207A01001071379B
S3150101D9E0E780553F00DC78000060515F0008712037
S3150101D9F00000138A4ACC7D2000267529E0077D287F
S3150101DA0001207A0100107127E780553F00DC78007B
S3150101DA100038515F000871200000138A4ACE7D202B
S3150101DA2000267529E0077D2801207A010010712061
S3150101DA300000553F00DC780000107128E0005129F3
S3150101DA401108553F00DC513F0918515F091C0313A9
S3150101DA50032479FE43B902327128E0BC7125C0F66F
S3150101DA60112952C9114902C4513F0008112902C4A1
S3150101DA7003230314780098F302327127E74C7139B5
S3150101DA80C4CD114A4AC8513F00DC112A4AC8553F43
S3150101DA900008515F0008513F0054112A4AC1553F00
S3150101DAA00008515F0008513F0060138A4ACC7D206E
S3150101DAB000267529F7FF7529063F353F0832313FA3
S3150101DAC008327529063F700998007F8000207D2064
S3150101DAD000267529E0077D2801207A020076507F0C
S3150101DAE00850509F085470B8E0AF6515480679FE95
S3150101DAF03ADF024202310313032479FE4311023153
S3150101DB00553F0060515F0008513F0060138A4ACDBD
S3150101DB107D2000267529F7FF7529063F353F083215
S3150101DB20313F08327529063F700998007F80002030
S3150101DB307D2000267529E0077D2801207A12000C37
S3150101DB40513F0060553F0008513F0008553F0060B5
S3150101DB50515F0060513F0054114A4AC07128E000EB
S3150101DB601D293938554901787128E0001D293938AF
S3150101DB7051290178031379FE362B0242023103132F
S3150101DB80032450BF004050DF004479FE39DD0242D3
S3150101DB900231553F0078555F007C7128E0001D294F
S3150101DBA039383129027A353F0832513F007819292E
S3150101DBB0C77F553F0080513F007C553F0084481C7B
S3150101DBC0507F0080509F008470A8E010480679FEBE
S3150101DBD03EFF0231700998007F8000207D200026DA
S3150101DBE07529E0077D2801207A110006480C7789FD
S3150101DBF0063F353F0847513F00401929C77F553F29
S3150101DC000080513F0044553F0084481C507F0080ED
S3150101DC10509F008470A7E7F0480679FE3EB30231B2
S3150101DC20700998007F8000207D2000267529E00774
S3150101DC307D2801207A110006480C7789063F7D2A45
S3150101DC404B787128E000354912B67128E000514937
S3150101DC50114C7128E000138A4ACC7D2000267529D2
S3150101DC60F7FF7529063F353F0846313F08477529B4
S3150101DC70063F700998007F8000207D2000267529C6
S3150101DC80E0077D2801207A1200507128E000312930
S3150101DC9012B67529063F700998007F8000207D2004
S3150101DCA000267529E0077D2801207A12002C313FD3
S3150101DCB008467529063F700998007F8000207D205E
S3150101DCC000267529E0077D2801207A12000C7120B2
S3150101DCD000017800000871200000353F0847313FF7
S3150101DCE008327529063F700998007F8000207D2042
S3150101DCF000267529E0077D2801207A02002C313F93
S3150101DD0008477529063F700998007F8000207D200C
S3150101DD1000267529E0077D2801207A02000C712071
S3150101DD2000017800000871200000353F0832513F9B
S3150101DD3000781929C77F553F0080513F007C553F27
S3150101DD400084481C507F0080509F008470A8E00821
S3150101DD50480679FE3E530231700998007F80002002
S3150101DD607D2000267529E0077D2801207A1000060D
S3150101DD70480C7789063F353F0846481CCE3FCF4FB1
S3150101DD8070B8E014480679FE3E1F02317009980009
S3150101DD907F8000207D2000267529E0077D2801204E
S3150101DDA07A100006480C7789063F7D2A4B7871283F
S3150101DDB0E000354912B6313F08467529063F70091B
S3150101DDC098007F8000207D2000267529E0077D28A7
S3150101DDD001207A0200287128E000312912B675293D
S3150101DDE0063F700998007F8000207D200026752955
S3150101DDF0E0077D2801207A12000C712000017800CC
S3150101DE00000871200000353F0846313F0846752953
S3150101DE10063F700998007F8000207D200026752924
S3150101DE20E0077D2801207A1200247128E0001D29CE
S3150101DE3039385149017C7127E423713AC70A112AFC
S3150101DE404AC0553F00547800000C71200000553F2F
S3150101DE500054507F00547087E7807800950D023297
S3150101DE607128E0001D2939385549017C7128E000E6
S3150101DE701D2939385149017C7127E780138A4ACC1A
S3150101DE80130A4ACE7FBDCB827D2000267529F7FF75
S3150101DE907529063F353F0846313F08327529063F48
S3150101DEA0700998007F8000207D2000267529E007F2
S3150101DEB07D2801207A02002C313F08467529063F4B
S3150101DEC0700998007F8000207D2000267529E007D2
S3150101DED07D2801207A02000C7120000178000008DA
S3150101DEE071200000752A063F7128E0001D29393885
S3150101DEF03549027A7128E0001D2939385149005CFA
S3150101DF0051290058031303244805480679FE3B5558
S3150101DF100231700998007F8000207D200026752935
S3150101DF20E0077D2801207A1200347128E0001D29BD
S3150101DF3039383129027A7529063F700998007F809F
S3150101DF4000207D2000267529E0077D2801207A120F
S3150101DF50000C712000017800000871200000353F96
S3150101DF600846313F08467529063F700998007F80AA
S3150101DF7000207D2000267529E0077D2801207A02EF
S3150101DF8000147120000071400000553F0078555F73
S3150101DF90007C513F0078515F007C03130324031574
S3150101DFA0032679FE356B02420231553F0080555FEA
S3150101DFB000847128E0001D29393851290180553F16
S3150101DFC00054515F0054513F0034112A4AC8553F4C
S3150101DFD00054515F005471200000138A4ACD130A7F
S3150101DFE04ACE7FBDCB827D2000267529F7FF752993
S3150101DFF0063F353F08467128E0001D293938514948
S3150101E000006C51290068553F0088555F008C313FEE
S3150101E01008467529063F700998007F8000207D20FA
S3150101E02000267529E0077D2801207A120014712046
S3150101E030000071400000553F0088555F008C513F3B
S3150101E0400078515F007C553F0918555F091C7128FD
S3150101E050E0001D2939385149007451290070553F95
S3150101E0600078555F007C513F0078515F007C553F38
S3150101E0700920555F0924513F0918515F091C0313F2
S3150101E080032450BF008850DF008C79FE348302429D
S3150101E090023103177D485378513F0920515F092405
S3150101E0A0017303040315032679FE34BF02420231CB
S3150101E0B07108E0001D083938552800685548006C7B
S3150101E0C07128E0005129114C7148E0AD7159C1C562
S3150101E0D0114A4AC97128E0005129114C7117E7AD5E
S3150101E0E07105C52D11284AC9114A4AC87128E0008E
S3150101E0F05129114C7117E53B7116C16911084AC9BC
S3150101E1007128E0005129114C11084AC97127E7808C
S3150101E11011084AC17128E055712BC6B211284AC8A6
S3150101E120114A4AC07128E2D2114A4AC8513F003404
S3150101E130114A4AC87128E0005129114C7107E7AD0E
S3150101E1407105C52D11084AC97128E2D211084AC8BB
S3150101E150513F001011284AC8114A4AC07128E000EE
S3150101E1605129114C7117E53B7116C16911084AC94B
S3150101E1707128E0005129114C11084AC97127E7801C
S3150101E18011284AC1114A4AC97128E2C8112A4AC944
S3150101E190553F00107128E0001D2939383129027BCC
S3150101E1A0353F0846313F08467529063F70099800F3
S3150101E1B07F8000207D2000267529FFFF7529063FF6
S3150101E1C0353F0846313F08467529063F70099800D3
S3150101E1D07F8000207D2000267529E0077D2801200A
S3150101E1E07A1200447128E0001D2939383129027A51
S3150101E1F07529063F700998007F8000207D20002641
S3150101E2007529E0077D2801207A02000C71200000A2
S3150101E210553F00107128E0001D293938515F001062
S3150101E220554901847128E0001D2939385149006C8D
S3150101E230512900680313032450BF008050DF008475
S3150101E24079FE32CD02420231032C031B7128E00013
S3150101E2501D29393851290184031379FE2F470242B9
S3150101E260023101B301C40315032679FE32A3024229
S3150101E2700231553F0920555F0924513F0920515F5C
S3150101E28009240313032470A8E0B318A5D18848060D
S3150101E29079FE383D0231700998007F8000207D208A
S3150101E2A000267529E0077D2801207A01001C7128C5
S3150101E2B0E0B31929D18871400000553F0918555F0E
S3150101E2C0091C78000060513F0920515F092403139D
S3150101E2D0032470B8E0B318A5D188480679FE38C978
S3150101E2E00231700998007F8000207D200026752962
S3150101E2F0E0077D2801207A00001C7138E0B3192955
S3150101E300D18871400000553F0918555F091C7800F5
S3150101E3100014513F0920515F0924553F0918555FE2
S3150101E320091C515F083C7127E48E713FC235112AE0
S3150101E3304AC8553F0054507F005478009607547FD0
S3150101E3400054515F00547127E7997133C19A112A1B
S3150101E3504AC8553F00547148E2B4513F083C112A5D
S3150101E3604AC1553F0060515F00607127E48E713FDC
S3150101E370C235112A4AC8553F0060507F00607800B6
S3150101E38095C3547F0060515F00607127E7C2713AFE
S3150101E390C0E5112A4AC8553F0060515F0054513FFB
S3150101E3A00060112A4AC0553F0054537F0918539FF3
S3150101E3B0091C507F005479FE2DEB0242023101B353
S3150101E3C001C40315032679FE348302420231553F06
S3150101E3D00088555F008C507F0088509F008C70A784
S3150101E3E0E7C970B3C19970D3E19970D3C19A79FE26
S3150101E3F031DF02420231553F0088555F008C507F63
S3150101E40000BC79FE2D9F02420231481C03130324ED
S3150101E41050BF008850DF008C79FE378D02317009BB
S3150101E42098007F8000207D2000267529E0077D2840
S3150101E43001207A100006480C7789063F353F0846C8
S3150101E440313F08467529063F700998007F800020F3
S3150101E4507D2000267529E0077D2801207A12001CFE
S3150101E460507F00BC79FE2D3D02420231553F0088A5
S3150101E470555F008C78000086513F00BC112902C608
S3150101E480553F0010507F001079FE2D1902420231CD
S3150101E490481C0313032450BF008850DF008C79FE0A
S3150101E4A0362F0231700998007F8000207D200026D9
S3150101E4B07529E0077D2801207A110006480C778924
S3150101E4C0063F353F0832313F08327529063F70094B
S3150101E4D098007F8000207D2000267529E0077D2890
S3150101E4E001207A120018507F001079FE2CB70242E2
S3150101E4F00231553F0088555F008C507F00D879FE67
S3150101E5002CA3024202310313032450BF008850DFBA
S3150101E510008C79FE305502420231553F0088555F24
S3150101E520008C507F005879FE2C7B02420231481C37
S3150101E5300313032450BF008850DF008C79FE36692E
S3150101E5400231700998007F8000207D2000267529FF
S3150101E550E0077D2801207A100006480C7789063FDD
S3150101E560353F0846313F08467529063F700998002F
S3150101E5707F8000207D2000267529E0077D28012066
S3150101E5807A12001C507F005879FE2C190242023181
S3150101E590553F0088555F008C7800006A481C507F02
S3150101E5A00088509F008C4805480679FE35FB0231EB
S3150101E5B0700998007F8000207D2000267529E007DB
S3150101E5C07D2801207A100006480C7789063F353FE0
S3150101E5D00832313F08327529063F700998007F805C
S3150101E5E000207D2000267529E0077D2801207A1269
S3150101E5F000147120000071400000553F0088555FED
S3150101E600008C7128E0001D2939385149007C5129B6
S3150101E6100078553F0080555F0084507F00C079FE28
S3150101E6203837024202310313032470A7E78470AF1E
S3150101E630C2E170C8E7AE70C2C47B79FE2F93024274
S3150101E6400231553F0850555F0854507F0850509F7D
S3150101E650085470A8E08F6515480679FE2F730242AA
S3150101E6600231553F0078555F007C515F08387127AB
S3150101E670E48E713FC235112A4AC8553F0054507F75
S3150101E6800054780092BF547F0054515F00547127A2
S3150101E690E7997133C19A112A4AC8553F0054714805
S3150101E6A0E2B4513F0838112A4AC1553F0060515F12
S3150101E6B000607127E48E713FC235112A4AC8553F60
S3150101E6C00060507F00607800927B547F0060515F4B
S3150101E6D000607127E7C2713AC0E5112A4AC8553F60
S3150101E6E00060515F0054513F0060112A4AC0553FF5
S3150101E6F00054537F0918539F091C507F005479FE1A
S3150101E7002AA30242023101B301C40315032679FE8C
S3150101E710313B02420231553F0098555F009C507FC3
S3150101E7200098509F009C70A7E7C970B3C19970D337
S3150101E730E19970D3C19A79FE2E9702420231553F72
S3150101E7400098555F009C507F00BC79FE2A57024212
S3150101E7500231481C0313032450BF009850DF009C6B
S3150101E76079FE34450231700998007F8000207D20B1
S3150101E77000267529E0077D2801207A100006480C3C
S3150101E7807789063F353F0846313F08467529063FD9
S3150101E790700998007F8000207D2000267529E007F9
S3150101E7A07D2801207A12001C507F00BC79FE29F5D3
S3150101E7B002420231553F0098555F009C7800008660
S3150101E7C0513F00BC112902C6553F0838507F083810
S3150101E7D079FE29D102420231481C0313032450BF99
S3150101E7E0009850DF009C79FE32E7023170099800EA
S3150101E7F07F8000207D2000267529E0077D280120E4
S3150101E8007A110006480C7789063F353F0832313FB8
S3150101E81008327529063F700998007F8000207D2006
S3150101E82000267529E0077D2801207A120018507FFC
S3150101E830083879FE296F02420231553F0098555F2A
S3150101E840009C507F00D879FE295B024202310313F5
S3150101E850032450BF009850DF009C79FE2CB302427D
S3150101E8600231553F0090555F0094507F006479FE57
S3150101E8702933024202310313032450BF009050DFB2
S3150101E880009479FE2CE502420231553F0048555F5D
S3150101E890004C481C507F0048509F004C48054806D3
S3150101E8A079FE33050231700998007F8000207D20B1
S3150101E8B000267529E0077D2801207A100006480CFB
S3150101E8C07789063F353F0844507F006879FE28D590
S3150101E8D0024202317067E7F048040315032679FE07
S3150101E8E02C8902420231553F0098555F009C507FA9
S3150101E8F0005C79FE28AF024202310313032450BFA3
S3150101E900009850DF009C79FE2CC702420231553F27
S3150101E9100028555F002C507F00A079FE288702420E
S3150101E920023103130324CA5FCB6F79FE2C3D0242E8
S3150101E9300231553F0098555F009C481C507F009855
S3150101E940509F009C4805480679FE325D02317009E7
S3150101E95098007F8000207D2000267529E0077D280B
S3150101E96001207A100006480C7789063F353F084594
S3150101E970313F08447529063F700998007F800020C0
S3150101E9807D2000267529E0077D2801207A12002CB9
S3150101E990313F08457529063F700998007F8000209F
S3150101E9A07D2000267529E0077D2801207A12000CB9
S3150101E9B0712000017800000871200000353F0846EA
S3150101E9C07128E0001D2939383129027A7529063F56
S3150101E9D0700998007F8000207D2000267529E007B7
S3150101E9E07D2801207A020024313F08467529063F18
S3150101E9F0700998007F8000207D2000267529E00797
S3150101EA007D2801207A12000C71200001780000088E
S3150101EA1071200000353F0846313F08467529063FFA
S3150101EA20700998007F8000207D2000267529E00766
S3150101EA307D2801207A120018712000007140000022
S3150101EA40553F0098555F009C78000054313F0844BA
S3150101EA507529063F700998007F8000207D200026D8
S3150101EA607529FFFF7529063F353F0832313F0832C7
S3150101EA707529063F700998007F8000207D200026B8
S3150101EA807529E0077D2801207A0200147120000012
S3150101EA9071400000553F0098555F009C513F009819
S3150101EAA01929E380553F0098513F009C553F009C31
S3150101EAB0507F0098509F009C70A8E059480679FE46
S3150101EAC0300F0231700998007F8000207D200026D9
S3150101EAD07529E0077D2801207A0100187128E0597E
S3150101EAE071400000553F0098555F009C7800003E3B
S3150101EAF0507F0098509F009C4805480679FE30A931
S3150101EB000231700998007F8000207D200026752939
S3150101EB10E0077D2801207A00001471200000714070
S3150101EB200000553F0098555F009C507F0098509F0B
S3150101EB30009C50BF008050DF008479FE2A2D0242DD
S3150101EB400231553F0098555F009C481C507F009843
S3150101EB50509F009C50BF007850DF007C79FE2F71D9
S3150101EB600231700998007F8000207D2000267529D9
S3150101EB70E0077D2801207A110006480C7789063FB6
S3150101EB80353F0846313F08467529063F7009980009
S3150101EB907F8000207D2000267529E0077D28012040
S3150101EBA07A02009E507F0850509F085470B8E08F3A
S3150101EBB06515480679FE2A1902420231553F085068
S3150101EBC0555F0854481C507F0098509F009C50BFC8
S3150101EBD0085050DF085479FE2FCF02317009980091
S3150101EBE07F8000207D2000267529E0077D280120F0
S3150101EBF07A100006480C7789063F353F0832313FC6
S3150101EC0008327529063F700998007F8000207D2012
S3150101EC1000267529E0077D2801207A120014513F4B
S3150101EC200850515F0854553F0098555F009C513F6C
S3150101EC300098515F009C553F0078555F007C507FDD
S3150101EC400078509F007C50BF008050DF008479FE20
S3150101EC5028BF024202317108E0001D0839385528E2
S3150101EC6000785548007C7128E0001D293938514941
S3150101EC70007C51290078507F0088509F008C031534
S3150101EC80032679FE288B02420231553F0088555FE2
S3150101EC90008C507F005879FE250B02420231481C37
S3150101ECA00313032450BF008850DF008C79FE2EF92F
S3150101ECB00231700998007F8000207D200026752988
S3150101ECC0E0077D2801207A100006480C7789063F66
S3150101ECD0353F0846313F08467529063F70099800B8
S3150101ECE07F8000207D2000267529E0077D280120EF
S3150101ECF07A12001C507F005879FE24A90242023182
S3150101ED00553F0088555F008C7800006A481C507F8A
S3150101ED100088509F008C4805480679FE2E8B0231EA
S3150101ED20700998007F8000207D2000267529E00763
S3150101ED307D2801207A100006480C7789063F353F68
S3150101ED400832313F08327529063F700998007F80E4
S3150101ED5000207D2000267529E0077D2801207A12F1
S3150101ED6000147120000071400000553F0088555F75
S3150101ED70008C507F0088509F008CC85FC96F79FE57
S3150101ED8027E902420231553F0088555F008C481C34
S3150101ED90507F0088509F008C50BF007050DF007477
S3150101EDA079FE2D2D0231700998007F8000207D208A
S3150101EDB000267529E0077D2801207A110006480CF5
S3150101EDC07789063F353F0846313F08467529063F93
S3150101EDD0700998007F8000207D2000267529E007B3
S3150101EDE07D2801207A0200A6513F0910515F0914BD
S3150101EDF00313032470B8E09F6515480679FE27D1F0
S3150101EE0002420231553F0910555F0914513F09105C
S3150101EE10515F0914481C507F0088509F008C0315CF
S3150101EE20032679FE2D830231700998007F80002027
S3150101EE307D2000267529E0077D2801207A1000062C
S3150101EE40480C7789063F353F0832313F083275292B
S3150101EE50063F700998007F8000207D2000267529D4
S3150101EE60E0077D2801207A120014513F0910515FF4
S3150101EE700914553F0088555F008C513F0088515F49
S3150101EE80008C553F0070555F0074507F0070509F94
S3150101EE900074C85FC96F79FE267702420231710893
S3150101EEA0E0001D083938552800605548006471286D
S3150101EEB0E0001D2939385149005C512900580313D5
S3150101EEC003244805480679FE2B9B023170099800F7
S3150101EED07F8000207D2000267529E0077D280120FD
S3150101EEE07A1200207128E0001D2939385149006440
S3150101EEF051290060553F0910555F09147800003406
S3150101EF00507F005C79FE229D0242023103130324E4
S3150101EF1070A7E7B970B3C19970D3E19970D3C1985C
S3150101EF2079FE26AD02420231553F0910555F09149A
S3150101EF30513F0910515F0914481C03130324C65F8D
S3150101EF40C76F79FE2B8B0231700998007F800020F3
S3150101EF507D2000267529E0077D2801207A1100060A
S3150101EF60480C7789063F353F0846313F08467529E2
S3150101EF70063F700998007F8000207D2000267529B3
S3150101EF80E0077D2801207A120016C63FC74F79FE98
S3150101EF902E7D0231553F00BC78000080513F09109A
S3150101EFA0515F0914481C031303244805480679FED9
S3150101EFB02BF70231700998007F8000207D20002601
S3150101EFC07529E0077D2801207A100006480C77890A
S3150101EFD0063F353F0832313F08327529063F700930
S3150101EFE098007F8000207D2000267529E0077D2875
S3150101EFF001207A12001071200000553F00BC7800F3
S3150101F000001A513F0910515F09140313032479FEB4
S3150101F0102DFD0231553F00BC7128E0001D2939380B
S3150101F0203129027C353F08467128E0005149114CCE
S3150101F0307128E220138A4ACC7D2000267529E00732
S3150101F0407D2801207A0100107128E220553F00D860
S3150101F0507800003C7128E0005149114C71200000F3
S3150101F060138A4ACD7D2000267529E0077D280120D6
S3150101F0707A01001071200000553F00D87800001078
S3150101F0807128E0005129114C553F00D8507F00D815
S3150101F0907120E1031C89A3087120E1031CA9A2F8CF
S3150101F0A0483679FEB077547F0054515F0054513F81
S3150101F0B000D8112A4AC0553F0054515F00307128CA
S3150101F0C0E248138A4ACC7D2000267529E0077D286E
S3150101F0D001207A0100107128E248553F006078004D
S3150101F0E00034515F003071200000138A4ACD7D2022
S3150101F0F000267529E0077D2801207A01001071207B
S3150101F1000000553F00607800000C513F0030553F2B
S3150101F1100060515F0054513F0060112A4AC1553FB9
S3150101F1200838515F083871200000138A4ACD7D20C5
S3150101F13000267529F7FF7529063F7D2A4B78712827
S3150101F140E000354912B6313F08467529063F700977
S3150101F15098007F8000207D2000267529E0077D2803
S3150101F16001207A0200307128E000312912B6752991
S3150101F170063F700998007F8000207D2000267529B1
S3150101F180E0077D2801207A02000C71200001780038
S3150101F190000871200000353F08467128E000312939
S3150101F1A012B67529063F700998007F8000207D20DF
S3150101F1B000267529FFFF7529063F7D2A4B7871289F
S3150101F1C0E000354912B67128E0001D293938512967
S3150101F1D00190553F0054515F00547128E36B138A26
S3150101F1E04ACC7D2000267529F7FF7529063F353F53
S3150101F1F008477128E000312912B67529063F7009C1
S3150101F20098007F8000207D2000267529E0077D2852
S3150101F21001207A12002C313F08477529063F7009F2
S3150101F22098007F8000207D2000267529E0077D2832
S3150101F23001207A12000C712000017800000871206A
S3150101F2400000752A063F7128E000354912B671287A
S3150101F250E000312912B67529063F700998007F80B1
S3150101F26000207D2000267529E0077D2801207A12DC
S3150101F27000247128E0001D2939385149018C712773
S3150101F280E423713AC70A112A4AC0553F005478004E
S3150101F290000C71200000553F0054507F00547087C7
S3150101F2A0E5CC7099C4CD780080C102327128E000A5
S3150101F2B01D2939385549018C7128E0001D29393834
S3150101F2C05149018C7127E5CC7139C4CD138A4ACCD8
S3150101F2D0130A4ACE7FBDCB827D2000267529F7FF11
S3150101F2E07529063F7D2A4B787128E000354912B60A
S3150101F2F07128E0001D2939383129027D353F08473A
S3150101F3007128E000312912B67529063F7009980066
S3150101F3107F8000207D2000267529E0077D280120B8
S3150101F3207A020024313F08477529063F7009980082
S3150101F3307F8000207D2000267529E0077D28012098
S3150101F3407A12000C7120000178000008712000007A
S3150101F350752A063F7128E000354912B6313F084644
S3150101F3607529063F700998007F8000207D200026BF
S3150101F3707529E0077D2801207A0200307128E00015
S3150101F380312912B67529063F700998007F80002040
S3150101F3907D2000267529E0077D2801207A02000CCF
S3150101F3A0712000017800000871200000752A063FCE
S3150101F3B07128E0001D2939383549027C7128E000A0
S3150101F3C01D2939383129027C353F08327128E0007F
S3150101F3D01D2939383129027E353F0846313F083228
S3150101F3E0752A063F313F08467529063F7F8A4840FF
S3150101F3F07D2000267529F7FF7529063F353F084609
S3150101F400313F08467529063F700998007F80002023
S3150101F4107D2000267529E0077D2801207A1200202A
S3150101F4207128E0001D29393851290188515F00BC35
S3150101F430112A4AC1553F00547800000C7120000081
S3150101F440553F00547128E0001D2939383129027CC4
S3150101F4507529063F700998007F8000207D200026CE
S3150101F4607529E0077D2801207A120010513F0838DD
S3150101F470553F00687800000C71200000553F006877
S3150101F4807128E0001D29393851290194553F00643D
S3150101F490515F0064513F0838112A4AC8553F00643B
S3150101F4A0515F006471200000138A4ACD130A4ACEC6
S3150101F4B07FBDCB827D2000267529F7FF7529063F81
S3150101F4C0353F08467128E0001D293938512901982F
S3150101F4D0553F0064313F08467529063F700998007A
S3150101F4E07F8000207D2000267529E0077D280120E7
S3150101F4F07A12000C71200000553F0064515F0064CF
S3150101F500513F0068112A4AC0553F0064515F0064AA
S3150101F5107128E3C8138A4ACC7D2000267529E007A4
S3150101F5207D2801207A0100187128E0001D2939384A
S3150101F5307148E3C85549019878000044515F006458
S3150101F5407138E2C8138A4ACD7D2000267529E00764
S3150101F5507D2801207A0100187128E0001D2939381A
S3150101F5607158E2C855490198780000147128E000E4
S3150101F5701D293938515F006455490198507F00D8DA
S3150101F5807120E1031C89A3087120E1031CA9A318B9
S3150101F590483679FEAB87547F0064515F0064513F61
S3150101F5A000D8112A4AC0553F0064515F0060513F9E
S3150101F5B00064112A4AC1553F0064515F00647120FC
S3150101F5C00000138A4ACD7D2000267529F7FF75298A
S3150101F5D0063F353F0846313F08467529063F700902
S3150101F5E098007F8000207D2000267529E0077D286F
S3150101F5F001207A1200347128E0001D293938312998
S3150101F600027C7529063F700998007F8000207D20C4
S3150101F61000267529E0077D2801207A12000C712048
S3150101F62000017800000871200000353F0846313F8E
S3150101F63008467529063F700998007F8000207D20C4
S3150101F64000267529E0077D2801207A12001071280C
S3150101F650E1A0553F00647800000C71200000553F80
S3150101F66000647128E0001D29393851490198513F3B
S3150101F6700054114A4AC0513F0064112A4AC0553FFC
S3150101F6800054515F00547128E120112A4AC8553F9F
S3150101F6900010515F00687128E220114A4AC8712899
S3150101F6A0E0001D293938554901887128E0001D29D5
S3150101F6B0393851290188515F00BC112A4AC1553F88
S3150101F6C00054515F0010513F0054138A4ACC7D20EA
S3150101F6D000267529F7FF7529063F353F0846313F53
S3150101F6E008467529063F700998007F8000207D2014
S3150101F6F000267529E0077D2801207A020064712818
S3150101F700E0001D29393851290188112902C6553FC1
S3150101F710083C515F0010513F083C138A4ACD7D20B8
S3150101F72000267529F7FF7529063F353F0830313F18
S3150101F73008307529063F700998007F8000207D20D9
S3150101F74000267529E0077D2801207A12000C513F18
S3150101F750083C553F0010513F0010553F0054712898
S3150101F760E0001D29393851490188513F0054114A98
S3150101F7704AC07128E0001D29393855490190507F49
S3150101F78000D87120E1031C89A3087120E1031CA99A
S3150101F790A318483679FEA985547F0054515F00D8D4
S3150101F7A0513F0054112A4AC0553F00D8515F0060AC
S3150101F7B0513F00D8112A4AC1553F0060515F00608F
S3150101F7C071200000138A4ACD7D2000267529F7FF95
S3150101F7D07529063F353F08467128E0001D2939384C
S3150101F7E051490190513F00BC138A4ACC130A4ACEB2
S3150101F7F07FBDCB827D2000267529F7FF7529063F3E
S3150101F8007D2A4B787128E000354912B67128E0004E
S3150101F8101D293938514901907128E0A0138A4ACD31
S3150101F820130A4ACE7FBDCB827D2000267529F7FFBB
S3150101F8307529063F353F08477128E000312912B67F
S3150101F8407529063F700998007F8000207D200026DA
S3150101F8507529E0077D2801207A020024313F0847F6
S3150101F8607529063F700998007F8000207D200026BA
S3150101F8707529E0077D2801207A12000C712000010B
S3150101F8807800000871200000752A063F7128E00002
S3150101F890354912B6313F08467529063F7009980068
S3150101F8A07F8000207D2000267529E0077D28012023
S3150101F8B07A1200307128E000312912B67529063F06
S3150101F8C0700998007F8000207D2000267529E007B8
S3150101F8D07D2801207A12000C7120000178000008B0
S3150101F8E071200000752A063F7128E0001D2939386B
S3150101F8F03549027D7128E0001D2939383129027CFB
S3150101F9007529063F700998007F8000207D20002619
S3150101F9107529E0077D2801207A1201747128E0001A
S3150101F9201D293938514901907128E36B138A4ACC53
S3150101F9307D2000267529F7FF7529063F353F0830D9
S3150101F940313F08307529063F700998007F800020F4
S3150101F9507D2000267529E0077D2801207A120018ED
S3150101F9607128E0001D2939387148E36B5549019C1D
S3150101F970780000747128E0001D2939385149019038
S3150101F98071200000138A4ACD7D2000267529F7FFD3
S3150101F9907529063F353F0830313F08307529063F45
S3150101F9A0700998007F8000207D2000267529E007D7
S3150101F9B07D2801207A1200187128E0001D293938A5
S3150101F9C0714000005549019C7800001C7128E00036
S3150101F9D01D293938514901907128E0001D2939380D
S3150101F9E05549019C7128E0001D2939385149019C6D
S3150101F9F0513F00BC138A4ACD7D2000267529F7FFA8
S3150101FA007529063F353F0830313F08307529063FD4
S3150101FA10700998007F8000207D2000267529E00766
S3150101FA207D2801207A0200A0515F00BC71200000EF
S3150101FA30138A4ACD7D2000267529F7FF7529063FD0
S3150101FA40353F0830313F08307529063F7009980066
S3150101FA507F8000207D2000267529E0077D28012071
S3150101FA607A1200187128E0001D2939387140000009
S3150101FA705549019C780000507128E0001D2939384B
S3150101FA80515F00BC5549019C7800003C7128E0009A
S3150101FA901D2939383129027D7529063F70099800DA
S3150101FAA07F8000207D2000267529E0077D28012021
S3150101FAB07A1200147128E0001D293938515F00BC02
S3150101FAC05549019C7128E0001D2939383129027FE8
S3150101FAD0353F08467128E0005149114C7128E22051
S3150101FAE0138A4ACC7D2000267529E0077D2801204D
S3150101FAF07A0100107128E220553F00D87800003CB8
S3150101FB007128E0005149114C71200000138A4ACD38
S3150101FB107D2000267529E0077D2801207A01001044
S3150101FB2071200000553F00D8780000107128E000CF
S3150101FB305129114C553F00D8507F00D87120E1035E
S3150101FB401C89A3087120E1031CA9A2F8483679FE94
S3150101FB50A5CB547F0054515F0054513F00D8112A5F
S3150101FB604AC0553F0054515F00B0513F00B4112ABC
S3150101FB704AC0553F0060515F00607127E700112AB5
S3150101FB804AC8553F0060515F006071200000138A29
S3150101FB904ACD7D2000267529E0077D2801207A01BD
S3150101FBA0000C71200000553F0060515F0054513F28
S3150101FBB00060112A4AC1553F0010515F00107120A2
S3150101FBC00000138A4ACD7D2000267529F7FF752984
S3150101FBD0063F7D2A4B787128E000354912B6313F3F
S3150101FBE008467529063F700998007F8000207D200F
S3150101FBF000267529E0077D2801207A020030712847
S3150101FC00E000312912B67529063F700998007F80F7
S3150101FC1000207D2000267529E0077D2801207A0232
S3150101FC20000C712000017800000871200000353FA9
S3150101FC3008467128E000312912B67529063F700977
S3150101FC4098007F8000207D2000267529FFFF7529F8
S3150101FC50063F7D2A4B787128E000354912B6712895
S3150101FC60E0001D293938512901A4553F0054515F3E
S3150101FC7000547128E36B138A4ACC7D20002675292D
S3150101FC80F7FF7529063F353F08477128E0003129FD
S3150101FC9012B67529063F700998007F8000207D20E4
S3150101FCA000267529E0077D2801207A12002C313FB3
S3150101FCB008477529063F700998007F8000207D203D
S3150101FCC000267529E0077D2801207A12000C712092
S3150101FCD000017800000871200000752A063F71288D
S3150101FCE0E000354912B67128E000312912B67529AD
S3150101FCF0063F700998007F8000207D200026752926
S3150101FD00E0077D2801207A1200247128E0001D29CF
S3150101FD103938514901A07127E423713AC70A112AD9
S3150101FD204AC0553F00547800000C71200000553F30
S3150101FD300054507F00547087E5CC7099C4CD78008A
S3150101FD40762902327128E0001D293938554901A069
S3150101FD507128E0001D293938514901A07127E5CCE7
S3150101FD607139C4CD138A4ACC130A4ACE7FBDCB82DF
S3150101FD707D2000267529F7FF7529063F7D2A4B78D7
S3150101FD807128E000354912B67128E0001D2939387C
S3150101FD9031290280353F08477128E000312912B621
S3150101FDA07529063F700998007F8000207D20002675
S3150101FDB07529E0077D2801207A020024313F084791
S3150101FDC07529063F700998007F8000207D20002655
S3150101FDD07529E0077D2801207A12000C71200001A6
S3150101FDE07800000871200000752A063F7128E0009D
S3150101FDF0354912B6313F08467529063F7009980003
S3150101FE007F8000207D2000267529E0077D280120BD
S3150101FE107A0200307128E000312912B67529063FB0
S3150101FE20700998007F8000207D2000267529E00752
S3150101FE307D2801207A02000C71200001780000085A
S3150101FE4071200000752A063F7128E0001D29393805
S3150101FE503549027F515F006071200000138A4ACC47
S3150101FE607D2000267529F7FF7529063F353F08468E
S3150101FE70513F0034112902C4553F0054515F0054CA
S3150101FE807128E1A0138A4ACD130A4ACE7FBDCB82DE
S3150101FE907D2000267529F7FF7529063F7D2A4B78B6
S3150101FEA07128E000354912B6313F08467529063FEA
S3150101FEB0700998007F8000207D2000267529E007C2
S3150101FEC07D2801207A1200307128E000312912B60D
S3150101FED07529063F700998007F8000207D20002644
S3150101FEE07529E0077D2801207A12000C7120000195
S3150101FEF07800000871200000353F08467128E000AE
S3150101FF001D2939383129027F7529063F7009980063
S3150101FF107F8000207D2000267529E0077D280120AC
S3150101FF207A12002C313F08467529063F700998005F
S3150101FF307F8000207D2000267529E0077D2801208C
S3150101FF407A12000C7120000178000008712000006E
S3150101FF50353F08307128E0001D29393831290281E0
S3150101FF60353F08467128E0005149114C7128E220BC
S3150101FF70138A4ACC7D2000267529E0077D280120B8
S3150101FF807A0100107128E220553F00547800003CA7
S3150101FF907128E0005149114C71200000138A4ACDA4
S3150101FFA07D2000267529E0077D2801207A010010B0
S3150101FFB071200000553F0054780000107128E000BF
S3150101FFC05129114C553F0054507F00547120E103D2
S3150101FFD01C89A3087120E1031CA9A2F8483679FE00
S3150101FFE0A13B547F0068515F0068513F0054112ABB
S3150101FFF04AC0553F0068515F083471200000138AD9
S315010200004ACD7D2000267529E0077D2801207A0147
S31501020010001071200000553F00647800000C513F2A
S315010200200834553F0064515F0068513F0064112A4C
S315010200304AC1553F0834515F083471200000138AC2
S315010200404ACD7D2000267529F7FF7529063F7D2AAF
S315010200504B787128E000354912B6313F08467529B9
S31501020060063F700998007F8000207D2000267529B1
S31501020070E0077D2801207A0200307128E00031294B
S3150102008012B67529063F700998007F8000207D20EF
S3150102009000267529E0077D2801207A02000C7120CD
S315010200A000017800000871200000353F08467128DA
S315010200B0E000312912B67529063F700998007F8042
S315010200C000207D2000267529FFFF7529063F7D2A1E
S315010200D04B787128E000354912B67128E0001D29D6
S315010200E03938512901AC553F0068515F00687128C2
S315010200F0E36B138A4ACC7D2000267529F7FF752901
S31501020100063F353F08477128E000312912B67529A5
S31501020110063F700998007F8000207D200026752900
S31501020120E0077D2801207A12002C313F0847752904
S31501020130063F700998007F8000207D2000267529E0
S31501020140E0077D2801207A12000C71200001780057
S31501020150000871200000752A063F7128E000354922
S3150102016012B67128E000312912B67529063F7009C7
S3150102017098007F8000207D2000267529E0077D28D2
S3150102018001207A1200247128E0001D2939385149CB
S3150102019001A87127E423713AC70A112A4AC0553FB9
S315010201A000687800000C71200000553F0068507FFE
S315010201B000687087E5CC7099C4CD780071AD0232C2
S315010201C07128E0001D293938554901A87128E00036
S315010201D01D293938514901A87127E5CC7139C4CD98
S315010201E0138A4ACC130A4ACE7FBDCB827D200026D2
S315010201F07529F7FF7529063F7D2A4B787128E0009C
S31501020200354912B67128E0001D2939383129028291
S31501020210353F08477128E000312912B67529063F94
S31501020220700998007F8000207D2000267529E0074D
S315010202307D2801207A020024313F08477529063FAD
S31501020240700998007F8000207D2000267529E0072D
S315010202507D2801207A12000C712000017800000825
S3150102026071200000752A063F7128E000354912B651
S31501020270313F08467529063F700998007F800020A4
S315010202807D2000267529E0077D2801207A020030AB
S315010202907128E000312912B67529063F70099800C6
S315010202A07F8000207D2000267529E0077D28012018
S315010202B07A02000C7120000178000008712000000A
S315010202C0752A063F7128E0001D2939383549028110
S315010202D07128E0001D2939385129026C1929C240B9
S315010202E0700998007F8000207D2000267529E0078D
S315010202F07D2801207A0200F47128E0001D2939388F
S315010203005949026C194AD0405D49026C7128E000D4
S315010203101D493938512A0268710000037509742290
S31501020320552A0268CE3FCF4FCE5FCF6F79FE12A11B
S3150102033002420231032E031D507F00A8509F00ACDA
S3150102034050BF00A850DF00AC79FE1285024202318D
S3150102035001D301E40315032679FE11B502420231E6
S315010203607108E0001D083938552800A8554800AC27
S315010203707128E0001D293938514900AC512900A8DC
S31501020380031303247800788B024202317108E000DC
S315010203901D083938552800A8554800AC7128E000D7
S315010203A01D493938512A026871000003750964A68C
S315010203B0552A02687128E0001D493938512A026816
S315010203C0710000017509552A552A02687128E00053
S315010203D01D493938512A026871000001750945AE75
S315010203E0552A02687800078C7128E0001D293938E0
S315010203F0512902687D2974701929C0037529063F9E
S31501020400700998017F8000207D400026754AE00729
S315010204107D4801207A120020700998027F8000200F
S315010204207D2000267529E0077D2801207A12002405
S315010204307800011C7128E0001D093D0071200000B1
S3150102044071400000552802F0554802F47800014A2D
S315010204507128E0001D093D007127E7F07140000097
S31501020460552802F0554802F4507F0040509F00443F
S3150102047070A8E049480679FE16C302317009980050
S315010204807F8000207D2000267529E0077D28012036
S315010204907A000068507F00A8509F00AC70A8E01453
S315010204A0480679FE16970231700998007F8000206E
S315010204B07D2000267529E0077D2801207A00003C6F
S315010204C07128E0001D293938514900AC512900A88B
S315010204D00313032470A8E014480679FE165F02315D
S315010204E0700998007F8000207D2000267529E0078B
S315010204F07D2801207A10000C712000017800000885
S31501020500712000007529063F353F090E313F090E5C
S315010205107529063F700998007F8000207D200026FC
S315010205207529E0077D2801207A1200207128E00052
S315010205301D493938512A026871000003750974226E
S31501020540552A0268780000527800004E7128E000B0
S315010205501D493938512A0268710000017509742250
S31501020560552A02687128E0001D093D00712000002C
S3150102057071400000552802F0554802F47128E00046
S315010205801D0939387120000071400000552800B05C
S31501020590554800B44400513F00A8193DC77F53DFB7
S315010205A000AC01D301E470A7E7E0480679FE152104
S315010205B00231700998007F8000207D20002675296E
S315010205C0E0077D2801207A010060CE3FCF4F50BF60
S315010205D000A850DF00AC79FE127302420231031306
S315010205E0032478006E59024202310313032470A8D0
S315010205F0E0666505480679FE0FD70242023103130A
S31501020600032470A8E00970A4C1FB70CAE44470C552
S31501020610C51879FE123702420231553F0910555F5C
S315010206200914780000147120000071400000553F42
S315010206300910555F0914CE3FCF4FCE5FCF6F79FEBA
S315010206400F8F02420231032E031D507F00A8509FD5
S3150102065000AC50BF00A850DF00AC79FE0F73024216
S31501020660023101D301E40315032679FE0EA30242E8
S3150102067002317108E0001D083938552800A855488D
S3150102068000AC7128E0001D293938514900AC5129C5
S3150102069000A8031303247800757902420231710816
S315010206A0E0001D083938552800A8554800AC7128C4
S315010206B0E0001D293938512902687D2964701929FA
S315010206C0C0037529063F700998017F8000207D408D
S315010206D00026754AE0077D4801207A12002070093A
S315010206E098027F8000207D2000267529E0077D285B
S315010206F001207A1202BC780001527128E0001D29FC
S315010207003938514900B4512900B00313032448056D
S31501020710480679FE12E30231700998007F800020B3
S315010207207D2000267529E0077D2801207A1200C85E
S31501020730507F0040509F004470A8E03E480679FE73
S31501020740138F0231700998007F8000207D200026D8
S315010207507529E0077D2801207A11009C513F091075
S31501020760515F09140313032470A8E03E480679FE7B
S31501020770135F0231700998007F8000207D200026D8
S315010207807529E0077D2801207A11006C513F091075
S31501020790515F09140313032470B8E03E480679FE3B
S315010207A0132F0231700998007F8000207D200026D8
S315010207B07529E0077D2801207A11003C7128E000A5
S315010207C01D293938514900AC512900A803130324C4
S315010207D070A8E008480679FE12F7023170099800FE
S315010207E07F8000207D2000267529E0077D280120D3
S315010207F07A01000C712000017800000871200000C6
S315010208007529063F353F090E313F090E7529063F07
S31501020810700998007F8000207D2000267529E00757
S315010208207D2801207A1200207128E0001D493938FD
S31501020830512A026871000003750964A6552A0268E5
S31501020840780001707800016C7128E0001D293938A1
S31501020850514900B4512900B003130324480548063F
S3150102086079FE11950231700998007F8000207D2062
S3150102087000267529E0077D2801207A1200C8507FDB
S315010208800040509F004470A8E03E480679FE12419E
S315010208900231700998007F8000207D20002675298B
S315010208A0E0077D2801207A11009C513F0910515F12
S315010208B009140313032470A8E03E480679FE1211B7
S315010208C00231700998007F8000207D20002675295B
S315010208D0E0077D2801207A11006C513F0910515F12
S315010208E009140313032470B8E03E480679FE11E1A8
S315010208F00231700998007F8000207D20002675292B
S31501020900E0077D2801207A11003C7128E0001D29AB
S315010209103938514900AC512900A80313032470A8A0
S31501020920E008480679FE11A90231700998007F8014
S3150102093000207D2000267529E0077D2801207A0105
S31501020940000C712000017800000871200000752951
S31501020950063F353F090E313F090E7529063F7009DB
S3150102096098007F8000207D2000267529E0077D28DA
S3150102097001207A1200387128E0001D493938512ABE
S31501020980026871000002750964A6552A0268712877
S31501020990E0001D093D00712000007140000055284C
S315010209A002F8554802FC7800000A78000006440065
S315010209B07128E0001D293938512902687D295470B0
S315010209C01929C0037529063F700998017F80002005
S315010209D07D400026754AE0077D4801207A120020F3
S315010209E0700998027F8000207D2000267529E00784
S315010209F07D2801207A120070780000387128E00003
S31501020A001D493938512A0268710000027509552AB1
S31501020A10552A02687128E0001D093D007120000077
S31501020A2071400000552802F8554802FC7800003A48
S31501020A307128E0001D493938512A02687100000205
S31501020A407509552A552A02687128E0001D093D00DB
S31501020A507120000071400000552802F8554802FC39
S31501020A607800000644007128E0001D293938512911
S31501020A7002687D2944701929C0037529063F700948
S31501020A8098017F8000207D400026754AE0077D4857
S31501020A9001207A120020700998027F8000207D20B1
S31501020AA000267529E0077D2801207A12003C78008C
S31501020AB000547128E0001D493938512A0268710033
S31501020AC00002750945AE552A02687128E0001D0922
S31501020AD03D00712000007140000055280300554871
S31501020AE003047800008E7128E0001D093D00712083
S31501020AF000007140000055280300554803047800A0
S31501020B0000727128E0001D093D007127E7F071406E
S31501020B10000055280300554803047128E0001D29E9
S31501020B203938514900AC512900A80313032470A88E
S31501020B30E014480679FE0F990231700998007F8008
S31501020B4000207D2000267529E0077D2801207A11E3
S31501020B5000087800001C7128E0001D493938512A25
S31501020B60026871000001750945AE552A0268440002
S31501020B707128E0001D293D00514903045129030052
S31501020B80031303244805480679FE0ED9023170097A
S31501020B9098007F8000207D2000267529E0077D28A8
S31501020BA001207A1200147128E0001D2939385129D1
S31501020BB0019C553F00BC7128E0001D2912D85149FC
S31501020BC0000451290000031303247120E1031CA927
S31501020BD09AC87120E1031CC99C40493779FE8C9D54
S31501020BE0547F0098549F009C507F0098509F009C10
S31501020BF070A7E7EE70ACC66670CCE66670CCC666C8
S31501020C0079FE09CD02420231553F0040555F00444B
S31501020C10313F016A7529063F700998007F800020DD
S31501020C207D2000267529E0077D2801207A12001809
S31501020C307128E00071400000553F0098555F009C05
S31501020C40780000F47128E0001D2911605149000461
S31501020C50512900000313032470A8E024480679FEF3
S31501020C6008AF02420231553F00A8555F00AC507FE2
S31501020C7000A8509F00AC70A7E7F04806780065F718
S31501020C80DE3FDF4F7128E0001D293D005149020474
S31501020C9051290200031303244805480679FE0DC5AE
S31501020CA00231700998007F8000207D200026752977
S31501020CB0E0077D2801207A12001071200006553FB7
S31501020CC000B87800000C7120000B553F00B8507F28
S31501020CD000B879FE0FAB024202310313032450BF5F
S31501020CE000D050DF00D479FE08E702420231553FB7
S31501020CF000A8555F00AC507F00A8509F00AC70A8B9
S31501020D00E0C218A5D1A7480679FE08C502420231FA
S31501020D10553F00A8555F00AC507F00A8509F00AC1C
S31501020D20CE5FCF6F79FE0B2502420231553F009805
S31501020D30555F009C7128E0001D293938514900840C
S31501020D4051290080553F0088555F008C507F00C0B5
S31501020D5079FE1105024202310313032470A7E784C7
S31501020D6070AFC2E170C8E7AE70C2C47B79FE08619A
S31501020D7002420231553F0910555F0914513F0910CC
S31501020D80515F09140313032470A8E09F65154806F1
S31501020D9079FE083D02420231553F0080555F0084CB
S31501020DA0507F005079FE03FD02420231481E0313B1
S31501020DB0032450BF009050DF009479FE0DEB0231FF
S31501020DC0700998007F8000207D2000267529E007A2
S31501020DD07D2801207A100006480E77C9063F353F65
S31501020DE00846313F08467529063F700998007F80FB
S31501020DF000207D2000267529E0077D2801207A1230
S31501020E00001C507F005079FE039B02420231553F7E
S31501020E100078555F007C7800007A481E507F00906A
S31501020E20509F00944805480679FE0D7D02317009EE
S31501020E3098007F8000207D2000267529E0077D2805
S31501020E4001207A100006480E77C9063F353F090E82
S31501020E50313F090E7529063F700998007F800020EF
S31501020E607D2000267529E0077D2801207A120014CB
S31501020E707120000071400000553F0090555F0094BB
S31501020E80513F0090515F0094553F0078555F007CB9
S31501020E907128E0001D2939385149007C5129007811
S31501020EA00313032450BF007850DF007C79FE0661EC
S31501020EB002420231553F0038555F003C507F0050D7
S31501020EC079FE02E102420231481E03130324CE5F78
S31501020ED0CF6F79FE0CD30231700998007F80002012
S31501020EE07D2000267529E0077D2801207A1000065B
S31501020EF0480E77C9063F353F0846313F08467529F0
S31501020F00063F700998007F8000207D200026752902
S31501020F10E0077D2801207A12001C507F005079FEDD
S31501020F20028302420231553F0038555F003C780088
S31501020F300066481ECE3FCF4F4805480679FE0C692A
S31501020F400231700998007F8000207D2000267529D4
S31501020F50E0077D2801207A100006480E77C9063F70
S31501020F60353F090E313F090E7529063F7009980072
S31501020F707F8000207D2000267529E0077D2801203B
S31501020F807A1200147120000071400000553F0038AA
S31501020F90555F003CCE3FCF4F50BF008850DF008CDB
S31501020FA079FE05C702420231553F0038555F003CC2
S31501020FB0481ECE3FCF4F50BF008050DF008479FEDE
S31501020FC00B0F0231700998007F8000207D200026D8
S31501020FD07529E0077D2801207A110006480E77C996
S31501020FE0063F353F0846313F08467529063F7009D7
S31501020FF098007F8000207D2000267529E0077D2844
S3150102100001207A02009E513F0910515F0914031310
S31501021010032470B8E09F6515480679FE05B30242BE
S315010210200231553F00A8555F00AC481ECE3FCF4F57
S3150102103050BF00A850DF00AC79FE0B6D023170097A
S3150102104098007F8000207D2000267529E0077D28F3
S3150102105001207A100006480E77C9063F353F090E70
S31501021060313F090E7529063F700998007F800020DD
S315010210707D2000267529E0077D2801207A120014B9
S31501021080513F00A8515F00AC553F0038555F003C07
S31501021090513F0038515F003C553F0080555F008447
S315010210A0507F0080509F008450BF008850DF008C23
S315010210B079FE045D024202317108E0001D083938E9
S315010210C055280080554800847128E0001D293938C9
S315010210D05149005C51290058031303244805480667
S315010210E079FE09810231700998007F8000207D20F6
S315010210F000267529E0077D2801207A120020712831
S31501021100E0001D2939385149008451290080553F93
S315010211100038555F003C78000034507F005C79FE50
S315010211200083024202310313032470A7E7B970B3A5
S31501021130C19970D3E19970D3C19879FE04930242A1
S315010211400231553F0038555F003C481ECE3FCF4F16
S3150102115050BF009850DF009C79FE09750231700973
S3150102116098007F8000207D2000267529E0077D28D2
S3150102117001207A110006480E77C9063F353F084617
S31501021180313F08467529063F700998007F80002085
S315010211907D2000267529E0077D2801207A12001A92
S315010211A0507F0098509F009C79FE0C630231553F97
S315010211B0003078000070481ECE3FCF4F48054806E2
S315010211C079FE09E50231700998007F8000207D20B1
S315010211D000267529E0077D2801207A100006480EAF
S315010211E077C9063F353F090E313F090E7529063F7C
S315010211F0700998007F8000207D2000267529E0076E
S315010212007D2801207A12001071200000553F00301E
S3150102121078000012CE3FCF4F79FE0BF30231553FD4
S3150102122000307128E0001D293938312902817529DA
S31501021230063F700998007F8000207D2000267529CF
S31501021240E0077D2801207A120010513F0834553FEC
S3150102125000687800000C71200000553F0068515F5C
S3150102126000687128E220112A4AC8553F083C515F9D
S315010212700030513F083C112A4AC1553F005071289E
S31501021280E0001D293938512901B0553F0058515FF7
S315010212900058513F0834112A4AC8553F0058515F38
S315010212A0005871200000138A4ACD130A4ACE7FBD27
S315010212B0CB827D2000267529F7FF7529063F353F2A
S315010212C008467128E0001D293938512901B4553FD4
S315010212D00058313F08467529063F700998007F80FC
S315010212E000207D2000267529E0077D2801207A123B
S315010212F0000C71200000553F0058515F0058513FC4
S315010213000068112A4AC0553F0058515F005871289A
S31501021310E3C8138A4ACC7D2000267529E0077D2879
S3150102132001207A0100187128E0001D293938714817
S31501021330E3C8554901B478000044515F0058713839
S31501021340E2C8138A4ACD7D2000267529E0077D2849
S3150102135001207A0100187128E0001D2939387158D7
S31501021360E2C8554901B4780000147128E0001D292C
S315010213703938515F0058554901B47128E0001D29D9
S315010213803938312902817529063F353F090E7128FF
S31501021390E0001D29393831290283353F0846313F9C
S315010213A0090E7529063F315F0846754A063F7F8A4F
S315010213B048407D2000267529EFFF7529063F353FF6
S315010213C00846313F08467529063F700998007F8015
S315010213D000207D2000267529E0077D2801207A124A
S315010213E000207128E0001D293938512901B8515FC1
S315010213F00030112A4AC1553F00687800000C71205D
S315010214000000553F0068507F00547120E1031C899A
S31501021410A3087120E1031CA9A318483679FE8CFDA5
S31501021420547F0058515F0058513F0054112A4AC057
S31501021430553F0058515F0064513F0058112A4AC175
S31501021440553F0058515F005871200000138A4ACD5A
S315010214507D2000267529F7FF7529063F353F084687
S31501021460313F08467529063F700998007F800020A2
S315010214707D2000267529E0077D2801207A12003495
S315010214807128E0001D293938312902817529063F63
S31501021490700998007F8000207D2000267529E007CB
S315010214A07D2801207A12000C7120000178000008C3
S315010214B071200000353F0846313F08467529063F2F
S315010214C0700998007F8000207D2000267529E0079B
S315010214D07D2801207A1200107128E1A0553F00589B
S315010214E07800000C71200000553F00587128E00079
S315010214F01D293938514901B4513F0068114A4AC080
S31501021500513F0058112A4AC0553F0068515F006891
S315010215107128E120112A4AC8553F00B0515F00B037
S31501021520513F0050138A4ACC7D2000267529F7FFC8
S315010215307529063F353F0846313F08467529063F5C
S31501021540700998007F8000207D2000267529E0071A
S315010215507D2801207A02005C513F083C112902C60E
S31501021560553F00B4515F00B0513F00B4138A4ACDD2
S315010215707D2000267529F7FF7529063F353F084666
S31501021580313F08467529063F700998007F80002081
S315010215907D2000267529E0077D2801207A12000C9C
S315010215A0513F00B4553F00B0513F00B0553F005086
S315010215B0515F083C513F0050114A4AC07128E00070
S315010215C01D293938554901AC507F00547120E10378
S315010215D01C89A3087120E1031CA9A318483679FEC8
S315010215E08B3B547F0068515F0054513F0068112ABA
S315010215F04AC0553F0054515F0064513F0054112ABD
S315010216004AC1553F0064515F006471200000138A8C
S315010216104ACD7D2000267529F7FF7529063F353FFC
S3150102162008467128E0001D293938514901AC513F5C
S315010216300030138A4ACC130A4ACE7FBDCB827D2063
S3150102164000267529F7FF7529063F7D2A4B787128F1
S31501021650E000354912B67128E0001D293938514991
S3150102166001AC7128E0A0138A4ACD130A4ACE7FBD86
S31501021670CB827D2000267529F7FF7529063F353F66
S3150102168008477128E000312912B67529063F70090B
S3150102169098007F8000207D2000267529E0077D289D
S315010216A001207A020024313F08477529063F700955
S315010216B098007F8000207D2000267529E0077D287D
S315010216C001207A12000C71200001780000087120B5
S315010216D00000752A063F7128E000354912B6313FEE
S315010216E008467529063F700998007F8000207D20F3
S315010216F000267529E0077D2801207A12003071281B
S31501021700E000312912B67529063F700998007F80DB
S3150102171000207D2000267529E0077D2801207A1206
S31501021720000C712000017800000871200000752A62
S31501021730063F7128E0001D29393835490282712890
S31501021740E0001D293938312902817529063F7009C0
S3150102175098007F8000207D2000267529E0077D28DC
S3150102176001207A1201747128E0001D293938514984
S3150102177001AC7128E36B138A4ACC7D2000267529B8
S31501021780F7FF7529063F353F0846313F0846752959
S31501021790063F700998007F8000207D20002675296A
S315010217A0E0077D2801207A1200187128E0001D2920
S315010217B039387148E36B554901BC780000747128C8
S315010217C0E0001D293938514901AC71200000138A04
S315010217D04ACD7D2000267529F7FF7529063F353F3B
S315010217E00846313F08467529063F700998007F80F1
S315010217F000207D2000267529E0077D2801207A1226
S3150102180000187128E0001D29393871400000554938
S3150102181001BC7800001C7128E0001D2939385149A4
S3150102182001AC7128E0001D293938554901BC7128DE
S31501021830E0001D293938514901BC513F0030138A54
S315010218404ACD7D2000267529F7FF7529063F353FCA
S315010218500846313F08467529063F700998007F8080
S3150102186000207D2000267529E0077D2801207A02C5
S3150102187000A0515F003071200000138A4ACD7D20FD
S3150102188000267529F7FF7529063F353F0846313F80
S3150102189008467529063F700998007F8000207D2041
S315010218A000267529E0077D2801207A120018712881
S315010218B0E0001D29393871400000554901BC780004
S315010218C000507128E0001D293938515F0030554911
S315010218D001BC7800003C7128E0001D293938312904
S315010218E002827529063F700998007F8000207D20BB
S315010218F000267529E0077D2801207A120014712835
S31501021900E0001D293938515F0030554901BC712863
S31501021910E0001D293D005149030451290300031327
S3150102192003244805480679FE013B023170099800F5
S315010219307F8000207D2000267529E0077D28012071
S315010219407A1200147128E0001D293938512901BC87
S31501021950553F00307128E0001D29116051490004EC
S3150102196051290000031303247120E1031CA99AC81B
S315010219707120E1031CC99C40493779FE7EFF547FE1
S315010219800098549F009C507F0098509F009C70A71E
S31501021990E7EE70ACC66670CCE66670CCC66679FDBB
S315010219A0FC2F02420231553F0038555F003C313F60
S315010219B0016A7529063F700998007F8000207D2003
S315010219C000267529E0077D2801207A120018712860
S315010219D0E01871400000553F0098555F009C780061
S315010219E0012A7128E0001D2911F0514900045129EB
S315010219F000000313032470A8E024480679FDFB11B5
S31501021A0002420231553F0910555F0914513F09102F
S31501021A10515F09140313032470A7E7F048067800FF
S31501021A205855547F00A8549F00AC7067E7F04804EC
S31501021A3050BF00C850DF00CC79FDFB2F02420231B4
S31501021A40553F0910555F09147128E0001D293D0013
S31501021A505149020451290200031303244805480689
S31501021A6079FE00010231700998007F8000207D20F5
S31501021A7000267529E0077D2801207A1200107120BF
S31501021A800024553F00B87800000C71200032553F02
S31501021A9000B8507F00B879FE01E702400137513F95
S31501021AA00910515F0914017303040315032679FD15
S31501021AB0FB1F02420231553F0910555F0914513F7E
S31501021AC00910515F09140313032470A8E0C218A573
S31501021AD0D1A7480679FDFAF902420231553F0910AA
S31501021AE0555F0914513F0910515F09140313032469
S31501021AF050BF00A850DF00AC79FDFD510242023110
S31501021B00553F0098555F009C7128E0001D29393820
S31501021B105149008C51290088553F0088555F008C38
S31501021B20507F00C079FE03310242023103130324BE
S31501021B3070A7E78470AFC2E170C8E7AE70C2C47B1A
S31501021B4079FDFA8D02420231553F0910555F09149A
S31501021B50513F0910515F09140313032470A8E09F32
S31501021B606515480679FDFA6902420231553F008040
S31501021B70555F0084507F00A079FDF62902420231A9
S31501021B80481E03130324CA5FCB6F79FE001B023181
S31501021B90700998007F8000207D2000267529E007C4
S31501021BA07D2801207A100006480E77C9063F353F87
S31501021BB00846313F08467529063F700998007F801D
S31501021BC000207D2000267529E0077D2801207A1252
S31501021BD0001C507F00A079FDF5CB02420231553F30
S31501021BE00078555F007C78000076481ECA3FCB4FCD
S31501021BF04805480679FDFFB10231700998007F80D8
S31501021C0000207D2000267529E0077D2801207A1013
S31501021C100006480E77C9063F353F016A313F016A20
S31501021C207529063F700998007F8000207D200026D5
S31501021C307529E0077D2801207A120014712000001F
S31501021C4071400000553F0028555F002C513F002886
S31501021C50515F002C553F0078555F007C7128E000EA
S31501021C601D2939385149009451290090553F007078
S31501021C70555F0074507F00C079FE01DD02420231D8
S31501021C800313032470A7E78470AFC2E170C8E7AEFD
S31501021C9070C2C47B79FDF93902420231553F0850BF
S31501021CA0555F0854507F0850509F085470A8E08F22
S31501021CB06515480679FDF91902420231553F0020A0
S31501021CC0555F0024313F08447529063F7009980083
S31501021CD07F8000207D2000267529E0077D280120CE
S31501021CE07A12002C313F08457529063F7009980082
S31501021CF07F8000207D2000267529E0077D280120AE
S31501021D007A12000C7120000178000008712000008F
S31501021D10353F08467128E0001D2939383129027AF2
S31501021D207529063F700998007F8000207D200026D4
S31501021D307529E0077D2801207A020024313F0846F1
S31501021D407529063F700998007F8000207D200026B4
S31501021D507529E0077D2801207A12000C7120000105
S31501021D607800000871200000353F0846313F0846D9
S31501021D707529063F700998007F8000207D20002684
S31501021D807529E0077D2801207A12001871200000CA
S31501021D9071400000553F0018555F001C7800006431
S31501021DA0313F08457529063F700998007F8000205A
S31501021DB07D2000267529FFFF7529063F353F016AF9
S31501021DC0313F016A7529063F700998007F8000201C
S31501021DD07D2000267529E0077D2801207A0200145C
S31501021DE07120000071400000553F0048555F004CCC
S31501021DF0513F0048515F004C553F0018555F001C8A
S31501021E00513F00181929E380553F0018513F001C24
S31501021E10553F001CC63FC74F70A8E059480679FDD9
S31501021E20FCAF0231700998007F8000207D200026D8
S31501021E307529E0077D2801207A0100187128E059E9
S31501021E4071400000553F0018555F001C7800003AAA
S31501021E50C63FC74F4805480679FDFD4D0231700957
S31501021E6098007F8000207D2000267529E0077D28C5
S31501021E7001207A0000147120000071400000553FD4
S31501021E800018555F001CC63FC74F50BF007050DF98
S31501021E90007479FDF6D502420231553F00A8555F1D
S31501021EA000AC481E507F00A8509F00ACC85FC96FA6
S31501021EB079FDFC1D0231700998007F8000207D208A
S31501021EC000267529E0077D2801207A110006480EB1
S31501021ED077C9063F353F0846313F08467529063F11
S31501021EE0700998007F8000207D2000267529E00771
S31501021EF07D2801207A02009E507F0850509F085487
S31501021F0070B8E08F6515480679FDF6C502420231C1
S31501021F10553F00C8555F00CC481E507F00A8509F10
S31501021F2000AC50BF00C850DF00CC79FDFC7B02310A
S31501021F30700998007F8000207D2000267529E00720
S31501021F407D2801207A100006480E77C9063F353FE3
S31501021F50016A313F016A7529063F700998007F803F
S31501021F6000207D2000267529E0077D2801207A12AE
S31501021F700014513F00C8515F00CC553F00A8555F80
S31501021F8000AC513F00A8515F00AC553F0020555FA0
S31501021F900024C83FC94F50BF007050DF007479FD5D
S31501021FA0F56F024202317108E0001D0839385528E1
S31501021FB00090554800947128E0001D29393851498D
S31501021FC00094512900900313032450BF007850DF77
S31501021FD0007C79FDF53B02420231553F00A8555F6F
S31501021FE000AC507F00A079FDF1BB02420231481ECE
S31501021FF00313032450BF00A850DF00AC79FDFBA9EF
S315010220000231700998007F8000207D200026752903
S31501022010E0077D2801207A100006480E77C9063F9F
S31501022020353F0846313F08467529063F7009980033
S315010220307F8000207D2000267529E0077D2801206A
S315010220407A12001C507F00A079FDF1590242023139
S31501022050553F00A8555F00AC7800006A481E507FC4
S3150102206000A8509F00AC4805480679FDFB3B0231AA
S31501022070700998007F8000207D2000267529E007DF
S315010220807D2801207A100006480E77C9063F353FA2
S31501022090016A313F016A7529063F700998007F80FE
S315010220A000207D2000267529E0077D2801207A126D
S315010220B000147120000071400000553F00A8555FD1
S315010220C000AC507F00A8509F00AC50BF008850DF83
S315010220D0008C79FDF49502420231553F00A8555F05
S315010220E000AC481E507F00A8509F00AC50BF008034
S315010220F050DF008479FDF9D90231700998007F8099
S3150102210000207D2000267529E0077D2801207A110D
S315010221100006480E77C9063F353F0846313F084655
S315010221207529063F700998007F8000207D200026D0
S315010221307529E0077D2801207A0200A6513F091080
S31501022140515F09140313032470B8E09F651548060D
S3150102215079FDF47D02420231553F0910555F09149A
S31501022160513F0910515F0914481E507F00A8509F24
S3150102217000AC0315032679FDFA2F02317009980086
S315010221807F8000207D2000267529E0077D28012019
S315010221907A100006480E77C9063F353F016A313F7C
S315010221A0016A7529063F700998007F8000207D200B
S315010221B000267529E0077D2801207A120014513F75
S315010221C00910515F0914553F00A8555F00AC513FF4
S315010221D000A8515F00AC553F0080555F0084507FD7
S315010221E00080509F008450BF008850DF008C79FD2B
S315010221F0F31F024202317108E0001D0839385528E1
S3150102220000885548008C7128E0001D29393851494A
S31501022210005C51290058031303244805480679FD39
S31501022220F8430231700998007F8000207D20002644
S315010222307529E0077D2801207A1200207128E00025
S315010222401D2939385149008C51290088553F00A86A
S31501022250555F00AC7800008C313F000C7529063FB2
S31501022260700998007F8000207D2000267529FFFFD6
S315010222707529063F353F016A313F016A7529063FD5
S31501022280700998007F8000207D2000267529E007CD
S315010222907D2801207A120038507F005C79FDEF0516
S315010222A0024202310313032470A7E7E970B3C1990D
S315010222B070D3E19970D3C19A79FDF31502420231C5
S315010222C0553F00A8555F00AC78000018507F005CAE
S315010222D079FDEED102420231553F00A8555F00ACAD
S315010222E0481E507F00A8509F00AC50BF009850DF97
S315010222F0009C79FDF7DB0231700998007F8000208E
S315010223007D2000267529E0077D2801207A11000625
S31501022310480E77C9063F353F0846313F08467529BB
S31501022320063F700998007F8000207D2000267529CE
S31501022330E0077D2801207A12001A507F0098509FEB
S31501022340009C79FDFAC90231553F00B47800007844
S31501022350481E507F00A8509F00AC4805480679FDEB
S31501022360F8470231700998007F8000207D200026FF
S315010223707529E0077D2801207A100006480E77C9E3
S31501022380063F353F016A313F016A7529063F7009E9
S3150102239098007F8000207D2000267529E0077D2890
S315010223A001207A12001071200000553F00B4780016
S315010223B00016507F00A8509F00AC79FDFA510231F8
S315010223C0553F00B4313F08307529063F7009980020
S315010223D07F8000207D2000267529E0077D280120C7
S315010223E07A120010513F0010553F00547800000C3C
S315010223F071200000553F0054515F00547128E220BC
S31501022400112A4AC8553F00B0515F00B4513F00B08E
S31501022410112A4AC1553F00687128E0001D29393841
S31501022420512901C0553F00A0515F00A0513F001044
S31501022430112A4AC8553F00A0515F00A07120000031
S31501022440138A4ACD130A4ACE7FBDCB827D2000264E
S315010224507529F7FF7529063F353F08467128E000C1
S315010224601D293938512901C4553F00A0313F08467B
S315010224707529063F700998007F8000207D2000267D
S315010224807529E0077D2801207A12000C71200000CF
S31501022490553F00A0515F00A0513F0054112A4AC086
S315010224A0553F00A0515F00A07128E3C8138A4ACCA8
S315010224B07D2000267529E0077D2801207A01001872
S315010224C07128E0001D2939387148E3C8554901C40C
S315010224D078000044515F00A07138E2C8138A4ACDE0
S315010224E07D2000267529E0077D2801207A01001842
S315010224F07128E0001D2939387158E2C8554901C4CD
S31501022500780000147128E0001D293938515F00A0B6
S31501022510554901C47128E0001D293938312902843F
S31501022520353F0846313F0830752A063F313F084696
S315010225307529063F7F8A48407D2000267529F7FFC7
S315010225407529063F353F0846313F08467529063F3C
S31501022550700998007F8000207D2000267529E007FA
S315010225607D2801207A1200207128E0001D293938C0
S31501022570512901C8515F00B4112A4AC1553F00547D
S315010225807800000C71200000553F0054507F00D89E
S315010225907120E1031C89A3087120E1031CA9A31878
S315010225A0483679FE7B77547F00A0515F00A0513FE8
S315010225B000D8112A4AC0553F00A0515F0060513F21
S315010225C000A0112A4AC1553F00A0515F00A0712007
S315010225D00000138A4ACD7D2000267529F7FF752949
S315010225E0063F353F0846313F08467529063F7009C1
S315010225F098007F8000207D2000267529E0077D282E
S3150102260001207A12002C313F08307529063F7009E4
S3150102261098007F8000207D2000267529E0077D280D
S3150102262001207A12000C7120000178000008712045
S315010226300000353F0846313F08467529063F7009B5
S3150102264098007F8000207D2000267529E0077D28DD
S3150102265001207A1200107128E1A0553F00A07800EE
S31501022660000C71200000553F00A07128E0001D29D1
S315010226703938514901C4513F0054114A4AC0513FA8
S3150102268000A0112A4AC0553F0054515F00547128D7
S31501022690E120112A4AC8553F0058515F0058513F5F
S315010226A00068138A4ACC7D2000267529F7FF752911
S315010226B0063F353F0846313F08467529063F7009F0
S315010226C098007F8000207D2000267529E0077D285D
S315010226D001207A02005C513F00B0112902C6553F22
S315010226E00054515F0058513F0054138A4ACD7D2050
S315010226F000267529F7FF7529063F353F016A313FE5
S31501022700016A7529063F700998007F8000207D20A5
S3150102271000267529E0077D2801207A12000C513F17
S315010227200054553F0058513F0058553F0068515FCC
S3150102273000B0513F0068114A4AC07128E0001D29C4
S315010227403938554901A4507F00D87120E1031C890B
S31501022750A3087120E1031CA9A318483679FE79BDA5
S31501022760547F0054515F00D8513F0054112A4AC088
S31501022770553F00D8515F0060513F00D8112A4AC126
S31501022780553F0060515F006071200000138A4ACDF7
S315010227907D2000267529F7FF7529063F353F084634
S315010227A07128E0001D293938514901A4513F00B46D
S315010227B0138A4ACC130A4ACE7FBDCB827D200026DC
S315010227C07529F7FF7529063F7D2A4B787128E000A6
S315010227D0354912B67128E0001D293938514901A43B
S315010227E07128E0A0138A4ACD130A4ACE7FBDCB8255
S315010227F07D2000267529F7FF7529063F353F0847D3
S315010228007128E000312912B67529063F7009980030
S315010228107F8000207D2000267529E0077D28012082
S315010228207A020024313F08477529063F700998004C
S315010228307F8000207D2000267529E0077D28012062
S315010228407A12000C71200001780000087120000044
S31501022850752A063F7128E000354912B6313F08460E
S315010228607529063F700998007F8000207D20002689
S315010228707529E0077D2801207A1200307128E000CF
S31501022880312912B67529063F700998007F8000200A
S315010228907D2000267529E0077D2801207A12000C89
S315010228A0712000017800000871200000752A063F98
S315010228B07128E0001D29393835490280313F083037
S315010228C07529063F700998007F8000207D20002629
S315010228D07529E0077D2801207A1201747128E0002A
S315010228E01D293938514901A47128E36B138A4ACC4F
S315010228F07D2000267529F7FF7529063F353F016AB6
S31501022900313F016A7529063F700998007F800020D0
S315010229107D2000267529E0077D2801207A120018FC
S315010229207128E0001D2939387148E36B554901CCFC
S31501022930780000747128E0001D293938514901A433
S3150102294071200000138A4ACD7D2000267529F7FFE2
S315010229507529063F353F016A313F016A7529063FEE
S31501022960700998007F8000207D2000267529E007E6
S315010229707D2801207A1200187128E0001D293938B4
S3150102298071400000554901CC7800001C7128E00015
S315010229901D293938514901A47128E0001D29393808
S315010229A0554901CC7128E0001D293938514901CC1C
S315010229B0513F00B4138A4ACD7D2000267529F7FFBF
S315010229C07529063F353F016A313F016A7529063F7E
S315010229D0700998007F8000207D2000267529E00776
S315010229E07D2801207A0200A0515F00B47120000007
S315010229F0138A4ACD7D2000267529F7FF7529063FE0
S31501022A00353F016A313F016A7529063F700998000F
S31501022A107F8000207D2000267529E0077D28012080
S31501022A207A1200187128E0001D2939387140000018
S31501022A30554901CC780000507128E0001D2939382A
S31501022A40515F00B4554901CC7800003C7128E00081
S31501022A501D293938312902807529063F70099800E6
S31501022A607F8000207D2000267529E0077D28012030
S31501022A707A1200147128E0001D293938515F00B419
S31501022A80554901CC7128E0001D293D003129040276
S31501022A907529063F700998007F8000207D20002657
S31501022AA07529FFFF7529063F353F0846313F08461E
S31501022AB07529063F700998007F8000207D20002637
S31501022AC07529E0077D2801207A02003A7128E00083
S31501022AD01D291370514900045129000003130324CF
S31501022AE04805480679FDEF7D0231700998007F801D
S31501022AF000207D2000267529E0077D2801207A1213
S31501022B00000C712000017800000871200000752A6E
S31501022B10063F7128E000354912B67128E0003129D5
S31501022B2012B67529063F700998007F8000207D2024
S31501022B3000267529E0077D2801207A1200107120EE
S31501022B400000553F00B478000494313F000C75290A
S31501022B50063F700998007F8000207D200026752996
S31501022B60E0077D2801207A1200627128E0001D2902
S31501022B7011F0514900045129000003130324712065
S31501022B80E1031CA998787120E1031CC9995049A750
S31501022B9079FE6CE9547F00A8549F00AC507F00A8CF
S31501022BA0509F00AC70A7E7EE70ACC66670CCE666C5
S31501022BB070CCC66679FDEA1902420231553F00A878
S31501022BC0555F00AC7800005E7128E0001D2911F006
S31501022BD05149000451290000031303247120E10322
S31501022BE01CA998787120E1031CC997A049A779FE0F
S31501022BF06C8B547F00A8549F00AC507F00A8509F55
S31501022C0000AC70A7E7EE70ACC66670CCE66670CC17
S31501022C10C66679FDE9BB02420231553F00A8555FFE
S31501022C2000AC7128E0001D293D00514902FC5129E1
S31501022C3002F8031303244805480679FDEE270231FB
S31501022C40700998007F8000207D2000267529E00703
S31501022C507D2801207A1200147128E0001D293938D5
S31501022C60512901CC553F00B4313F000C7529063F6D
S31501022C70700998007F8000207D2000267529FFFFBC
S31501022C807529063F353F016A313F016A7529063FBB
S31501022C90700998007F8000207D2000267529E007B3
S31501022CA07D2801207A1201B8507F003079FDE4F5C2
S31501022CB00242023103130324CE5FCF6F79FDE8ABE3
S31501022CC002420231553F0910555F0914513F09105D
S31501022CD0515F09140313032470A8E024480679FD01
S31501022CE0EDEF0231700998007F8000207D200026D9
S31501022CF07529E0077D2801207A0100187128E02450
S31501022D0071400000553F0910555F091478000042D1
S31501022D10513F0910515F091403130324480548065C
S31501022D2079FDEE850231700998007F8000207D20B1
S31501022D3000267529E0077D2801207A0000147120FA
S31501022D40000071400000553F0910555F0914507F7C
S31501022D5000BC79FDE44F024202310313032450BF42
S31501022D60004050DF004479FDE80102420231553F3D
S31501022D7000C8555F00CC507F00C8509F00CC70A898
S31501022D80E024480679FDED490231700998007F80F9
S31501022D9000207D2000267529E0077D2801207A0181
S31501022DA000187128E02471400000553F00C8555FA4
S31501022DB000CC7800003E507F00C8509F00CC4805E9
S31501022DC0480679FDEDE30231700998007F80002003
S31501022DD07D2000267529E0077D2801207A0000144E
S31501022DE07120000071400000553F00C8555F00CCBC
S31501022DF0513F0910515F0914507F00C8509F00CC02
S31501022E00031503267800450B547F00C8549F00CC56
S31501022E10513F00C8515F00CC031303240315032657
S31501022E2079FDE6ED02420231553F00C8555F00CCFD
S31501022E30507F00C8509F00CC70A8E00870ACC31840
S31501022E4070D8E63170D1C46379FDE7850242023159
S31501022E50553F0910555F09147800001471200000CE
S31501022E6071400000553F0910555F0914507F00B4A7
S31501022E7079FDE33102400137513F0910515F0914CF
S31501022E80017303040315032679FDE6850242023125
S31501022E90553F0910555F0914513F0910515F091435
S31501022EA0507F00A8509F00AC0315032678004463A7
S31501022EB0547F00A8549F00AC507F00A8509F00ACDD
S31501022EC070A8E01370A1C43070D8E30C70C6C0C3F9
S31501022ED079FDE6FD02420231553F00A8555F00AC7D
S31501022EE0513F082411204AD103137120E1031C89A1
S31501022EF09E187120E1031CA99E10481679FE721DC7
S31501022F00547F00B4507F00B479FDE2990242023146
S31501022F10481E0313032450BF00A850DF00AC79FDFD
S31501022F20EC870231700998007F8000207D200026FF
S31501022F307529E0077D2801207A100006480E77C917
S31501022F40063F353F016A313F016A7529063F70091D
S31501022F5098007F8000207D2000267529E0077D28C4
S31501022F6001207A020078481E507F00A8509F00ACCB
S31501022F704805480679FDEC310231700998007F80D7
S31501022F8000207D2000267529E0077D2801207A1080
S31501022F900006480E77C9063F353F016A313F016A8D
S31501022FA07529063F700998007F8000207D20002642
S31501022FB07529E0077D2801207A1200107120000090
S31501022FC0553F00B478000016507F00A8509F00AC10
S31501022FD079FDEE3B0231553F00B47128E0001D290F
S31501022FE03938512901D0553F00D8515F00B4513FBC
S31501022FF000D8112A4AC1553F00B4507F00C079FD5D
S31501023000EE57024202310313032470A7E78470AF1D
S31501023010C2E170C8E7AE70C2C47B79FDE5B3024274
S315010230200231553F0910555F0914513F0910515F8D
S3150102303009140313032470A8E0D818A5D16A480617
S3150102304079FDE58D024202310313032479FDEDBFB9
S315010230500231553F0054515F00B4513F0054138A67
S315010230604ACC7D2000267529F7FF7529063F353F93
S315010230700846313F08467529063F700998007F8048
S3150102308000207D2000267529E0077D2801207A028D
S31501023090007C513F0910515F09140313032470B8D0
S315010230A0E0D818A5D16A480679FDE5250242023122
S315010230B00313032479FDED570231553F0058515F41
S315010230C000B4513F0058138A4ACD7D200026752946
S315010230D0F7FF7529063F353F016A313F016A7529B6
S315010230E0063F700998007F8000207D200026752901
S315010230F0E0077D2801207A12000C513F0058553F06
S3150102310000B4513F00B4553F0054515F0054513F42
S3150102311000D8114A4AC07128E0001D29393855499B
S3150102312001D07128E0001D293938514901D0712891
S31501023130E47A138A4ACC7D2000267529E0077D2888
S3150102314001207A0100147128E0007148E47A554998
S3150102315012F87800004C7128E0001D2939385149CE
S3150102316001D071200000138A4ACD7D2000267529DF
S31501023170E0077D2801207A0100147128E0007140E0
S315010231800000554912F8780000187128E0001D293F
S315010231903938514901D07128E000554912F8712890
S315010231A0E0001D293D00312904047529063F7009F5
S315010231B098007F8000207D2000267529E0077D2862
S315010231C001207A1200347128E0001D293D003129BF
S315010231D004057529063F700998007F8000207D202D
S315010231E000267529E0077D2801207A12000C71203C
S315010231F000017800000871200000353F0846313F82
S3150102320008467529063F700998007F8000207D20B7
S3150102321000267529FFFF7529063F7D2A4B787128FD
S31501023220E000354912487128E00031291248752912
S31501023230063F700998007F8000207D2000267529AF
S31501023240E0077D2801207A0200827128E0001D290B
S3150102325012D05149000451290000031303244805E1
S31501023260480679FDE7FF0231700998007F80002048
S315010232707D2000267529E0077D2801207A02004C6F
S315010232807128E000312912B67529063F70099800A6
S315010232907F8000207D2000267529E0077D280120F8
S315010232A07A0200287128E000312912B67529063FF3
S315010232B0700998007F8000207D2000267529E0078D
S315010232C07D2801207A12000C712000017800000885
S315010232D071200000752A063F7128E000354913283E
S315010232E07128E000312913287529063F70099800D3
S315010232F07F8000207D2000267529E0077D28012098
S315010233007A020024313F000C7529063F70099800A4
S315010233107F8000207D2000267529E0077D28012077
S315010233207A12000C71200001780000087120000059
S31501023330353F0846513F082411204AD10313712013
S31501023340E1031C89A3307120E1031CA9A3284816B5
S3150102335079FE6DC9547F00B4313F08467529063F8F
S31501023360700998007F8000207D2000267529E007DC
S315010233707D2801207A12001071200000553F005865
S315010233807800010A507F00BC79FDDE190242023142
S315010233900313032450BF004050DF004478003F73FB
S315010233A0547F0040549F0044507F00B479FDDDF5FF
S315010233B002420231481E0313032450BF004050DF6C
S315010233C0004479FDE7E30231700998007F8000200D
S315010233D07D2000267529E0077D2801207A10000646
S315010233E0480E77C9063F353F016A313F016A7529A1
S315010233F0063F700998007F8000207D2000267529EE
S31501023400E0077D2801207A120010513F00B4553F92
S31501023410005878000078481E507F0040509F0044B3
S315010234204805480679FDE7810231700998007F80D7
S3150102343000207D2000267529E0077D2801207A10CB
S315010234400006480E77C9063F353F016A313F016AD8
S315010234507529063F700998007F8000207D2000268D
S315010234607529E0077D2801207A12001071200000DB
S31501023470553F005878000016507F0040509F004487
S3150102348079FDE98B0231553F00587128E0001D296B
S315010234903938512901D4553F00D8515F0058513F5F
S315010234A000D8112A4AC1553F0058507F00C079FD04
S315010234B0E9A7024202310313032470A7E78470AF1E
S315010234C0C2E170C8E7AE70C2C47B79FDE103024274
S315010234D00231553F0910555F0914513F0910515FD9
S315010234E009140313032470A8E08F6515480679FDB4
S315010234F0E0DF024202310313032479FDE9110231AD
S31501023500553F0054515F0058513F0054138A4ACC2B
S315010235107D2000267529F7FF7529063F353F0846A6
S31501023520313F08467529063F700998007F800020C1
S315010235307D2000267529E0077D2801207A02007A7E
S31501023540513F0910515F09140313032470B8E08F28
S315010235506515480679FDE079024202310313032417
S3150102356079FDE8AB0231553F0054515F0058513F96
S315010235700054138A4ACD7D2000267529F7FF752945
S31501023580063F353F016A313F016A7529063F7009D7
S3150102359098007F8000207D2000267529E0077D287E
S315010235A001207A12000C513F0054553F0058513FF9
S315010235B00058553F0054515F0054513F00D8114AFB
S315010235C04AC07128E0001D293938554901D47128AC
S315010235D0E0001D293938514901D47128E1A8138A1D
S315010235E04ACC7D2000267529E0077D2801207A0133
S315010235F000147128E0007148E1A855491238780093
S31501023600004C7128E0001D293938514901D471381D
S31501023610E1A8138A4ACD7D2000267529E0077D2877
S3150102362001207A0100147128E0007158E1A8554978
S315010236301238780000187128E0001D2939385149DD
S3150102364001D47128E000554912387128E000312968
S3150102365013287529063F700998007F8000207D2076
S3150102366000267529E0077D2801207A020024313FD0
S31501023670000C7529063F700998007F8000207D2085
S3150102368000267529E0077D2801207A12000C712097
S3150102369000017800000871200000353F0846313FDD
S315010236A008467529063F700998007F8000207D2013
S315010236B000267529E0077D2801207A120010712063
S315010236C00000553F00B4780000FA507F003079FDC2
S315010236D0DAD302420231CE3FCF4F031503267800D9
S315010236E03C31547F0040549F0044507F00B479FD21
S315010236F0DAB302420231481E0313032450BF0040CB
S3150102370050DF004479FDE4A10231700998007F80FF
S3150102371000207D2000267529E0077D2801207A10E8
S315010237200006480E77C9063F353F000C313F000CB3
S315010237307529063F700998007F8000207D200026AA
S315010237407529E0077D2801207A020078481E507FFC
S315010237500040509F00444805480679FDE44B02317A
S31501023760700998007F8000207D2000267529E007D8
S315010237707D2801207A100006480E77C9063F353F9B
S31501023780000C313F000C7529063F700998007F80B5
S3150102379000207D2000267529E0077D2801207A1266
S315010237A0001071200000553F00B478000016507FCA
S315010237B00040509F004479FDE6550231553F00B461
S315010237C07128E0001D293938512901D8553F00D801
S315010237D0515F00B4513F00D8112A4AC1553F00300A
S315010237E0507F00C079FDE6710242023103130324C0
S315010237F070A7E78470AFC2E170C8E7AE70C2C47B3E
S3150102380079FDDDCD02420231553F0910555F09149A
S31501023810513F0910515F09140313032470A8E08F65
S315010238206515480679FDDDA9024202310313032417
S3150102383079FDE5DB0231553F0054515F0030513FBE
S315010238400054138A4ACC7D2000267529F7FF752973
S31501023850063F353F0846313F08467529063F70093E
S3150102386098007F8000207D2000267529E0077D28AB
S3150102387001207A02007A513F0910515F091403139C
S31501023880032470B8E08F6515480679FDDD430242CF
S3150102389002310313032479FDE5750231553F00B464
S315010238A0515F0030513F00B4138A4ACD7D20002674
S315010238B07529F7FF7529063F353F000C313F000C8C
S315010238C07529063F700998007F8000207D20002619
S315010238D07529E0077D2801207A12000C513F00B4B8
S315010238E0553F0030513F0030553F0054515F00545F
S315010238F0513F00D8114A4AC07128E0001D293938C2
S31501023900554901D87128E0001D293938514901D894
S315010239107128E1A8138A4ACC7D2000267529E00781
S315010239207D2801207A0100147128E0007148E1A87E
S31501023930554913907800004C7128E0001D29393849
S31501023940514901D87138E1A8138A4ACD7D20002652
S315010239507529E0077D2801207A0100147128E0000B
S315010239607158E1A855491390780000187128E000B2
S315010239701D293938514901D87128E000554913905A
S3150102398050FF0920511F0924513F0918515F091C93
S31501023990017303040315032679FDDBCF02420231CB
S315010239A07108E0001D083938552800705548007421
S315010239B07128E0001D293D007148E583194AD1406D
S315010239C0554903487128E0001D293938315F08310C
S315010239D0354902797128E0001D293D00514902F459
S315010239E0512902F07108E0001D083938552800589E
S315010239F05548005C7128E0001D293938515F0034B1
S31501023A00554901807128E0001D2939383129027A88
S31501023A10752A063F7128E0001D2939383549027B8E
S31501023A207128E0001D293938315F08323549027E95
S31501023A307128E0001D293938515F0838554901942A
S31501023A407128E0001D293938515F0834554901B002
S31501023A507128E0001D293938515F083C554901B8E2
S31501023A60313F090E752A063F7128E0001D293938B2
S31501023A70354902837128E0001D293938515F00104A
S31501023A80554901C07128E0001D293938515F00B03E
S31501023A90554901C87128E0001D293938315F0830BE
S31501023AA0354902847128E0001D293D0031290405AA
S31501023AB07529063F700998007F8000207D20002627
S31501023AC07529E0077D2801207A1200387128E00065
S31501023AD01D093D007138E035714000005528017815
S31501023AE05548017C7128E0001D093D007128E03529
S31501023AF07140000055280180554801847800003440
S31501023B007128E0001D093D0071200000714000008E
S31501023B10552801785548017C7128E0001D093D00B0
S31501023B20712000007140000055280180554801842A
S31501023B307128E0001D293D0071400182554900347A
S31501023B407128E0001D293D00714000083549003108
S31501023B507128E0001D293D00714000003549003001
S31501023B607128E0001D293D007140000035490032EF
S31501023B707128E0001D293D007140000035490040D1
S31501023B807128E0001D293D007140000035490041C0
S31501023B907128E0001D293D007140000035490042AF
S31501023BA07128E0001D293D0071400000354900439E
S31501023BB07128E0001D293D0071400000354900448D
S31501023BC07128E0001D293D0071400000354900457C
S31501023BD07128E0001D293D0071400000354900466B
S31501023BE07128E0001D293D0071400000354900475A
S31501023BF071200000553F00E07128E0005129139021
S31501023C00553F0858515F08587128E2CC7122C4E623
S31501023C10112A4AC8553F0858515F085871200000B9
S31501023C20138A4ACC130A4ACE7FBDCB827D20002657
S31501023C307529E0077D2801207A0100A6507F0858E0
S31501023C4079FDD561014E013D507F085879FDD55563
S31501023C50024202310313032478003DB102420231CA
S31501023C6001D301E40315032679FDD8FF024202318D
S31501023C700313032470A7E7E0480679FDDF2B02311F
S31501023C80700998007F8000207D2000267529E007B3
S31501023C907D2801207A000020507F085879FDD5053C
S31501023CA0024202310313032478003D6102420231CA
S31501023CB07800001C507F085879FDD4E9024202318E
S31501023CC00313032478003B1F024202310313032428
S31501023CD079FDE13B0231553F00E0780000A2507FB9
S31501023CE0085879FDD4BF014E013D507F085879FD30
S31501023CF0D4B3024202310313032478003D0F024278
S31501023D00023101D301E40315032679FDD85D02428E
S31501023D1002310313032470A7E7E0480679FDDEF5B5
S31501023D200231700998007F8000207D2000267529C6
S31501023D30E0077D2801207A110020507F085879FD7D
S31501023D40D463024202310313032478003CBF0242C8
S31501023D5002317800001C507F085879FDD44702428F
S31501023D6002310313032478003A7D0242023103131E
S31501023D70032479FDE0990231553F00E0507F00E0CE
S31501023D8079FDD421024202310313032470A8E1DF33
S31501023D9070BFC7FF70DFE7C079FDDD3502317009FB
S31501023DA098007F8000207D2000267529E0077D2866
S31501023DB001207A010014712FE7FF713FC7FF553FBA
S31501023DC000E478000038515F00E07139E700138A98
S31501023DD04ACD7D2000267529E0077D2801207A013A
S31501023DE000107130E000553F00E478000010513FA9
S31501023DF000E011204ADA553F00E4513F00E471E93F
S31501023E009FFF7F8000207D2000267529E0077D28FF
S31501023E1001207A010010712F07FF5D3F0998780092
S31501023E200038515F00E4713078007F8A48007D20B6
S31501023E3000267529E0077D2801207A0000107130DD
S31501023E4078005D3F099878000010513F00E47D2912
S31501023E5007345D3F09981D3F0998553F085C513F5C
S31501023E60085C592900005D3F08607128E0001D29A0
S31501023E703D0031290042752A063F593F08607529DE
S31501023E80063F7D494B78752A063F7128E0001D29B8
S31501023E903D00354900427128E0001D293D003129C6
S31501023EA00043752A063F593F08607529043F7D295B
S31501023EB044707529043F7529063F7D494B78752A59
S31501023EC0063F7128E0001D293D0035490043712056
S31501023ED0000071400000553F00E8555F00EC712873
S31501023EE0E0001D293D005149017C51290178553FC8
S31501023EF00868555F086C507F0868509F086C70A867
S31501023F00E05970B0C29C70D7E41470DCC5E179FD4A
S31501023F10D6BF02420231553F0868555F086C507F91
S31501023F200868509F086C4805480679FDDC0F023186
S31501023F30700998007F8000207D2000267529E00700
S31501023F407D2801207A100080507F0868509F086CF6
S31501023F5078003AB902420231507F0868509F086CD4
S31501023F600315032679FDD603024202310313032404
S31501023F7070A7E7E0480679FDDC2F02317009980047
S31501023F807F8000207D2000267529E0077D280120FB
S31501023F907A000018507F0868509F086C78003A6DC5
S31501023FA00242023178000014507F0868509F086C63
S31501023FB07800383302420231553F00E8555F00EC82
S31501023FC07800007C507F0868509F086C78003A3D63
S31501023FD002420231507F0868509F086C031503267E
S31501023FE079FDD587024202310313032470A7E7E064
S31501023FF0480679FDDC1F0231700998007F80002096
S315010240007D2000267529E0077D2801207A110018F6
S31501024010507F0868509F086C780039F102420231DC
S3150102402078000014507F0868509F086C780037B7F3
S3150102403002420231553F00E8555F00EC507F00E82D
S31501024040509F00EC70A8E1DF70BFC7FF70DFE7C0C9
S3150102405079FDDA7D0231700998007F8000207D208A
S3150102406000267529E0077D2801207A010014712FA7
S31501024070E7FF713FC7FF553F00F07800004E507FC2
S3150102408000E8509F00EC70B8E1E0480679FDDB19C3
S315010240900231700998007F8000207D200026752953
S315010240A0E0077D2801207A0000107130E000553FBB
S315010240B000F078000016507F00E8509F00EC79FD71
S315010240C0DC610231553F00F0513F00F071E99FFF7B
S315010240D07F8000207D2000267529E0077D280120AA
S315010240E07A010010712F07FF5D3F099A78000038A7
S315010240F0515F00F0713078007F8A48007D200026EA
S315010241007529E0077D2801207A00001071307800B8
S315010241105D3F099A78000010513F00F07D2907346E
S315010241205D3F099A1D3F099A553F0870513F087034
S31501024130592900005D3F08747128E0001D293D00E0
S3150102414031290046752A063F593F08747529063FEB
S315010241507D494B78752A063F7128E0001D293D00ED
S31501024160354900467128E0001D293D0031290047E5
S31501024170752A063F593F08747529043F7D29447003
S315010241807529043F7529063F7D494B78752A063FF5
S315010241907128E0001D293D003549004771200000C4
S315010241A071400000553F00F8555F00FC7128E000A0
S315010241B01D293D005149018451290180553F087845
S315010241C0555F087C507F0878509F087C70A8E0599B
S315010241D070B0C29C70D7E41470DCC5E179FDD3F1ED
S315010241E002420231553F0878555F087C507F0878B4
S315010241F0509F087C4805480679FDD941023170096C
S3150102420098007F8000207D2000267529E0077D2801
S3150102421001207A100080507F0878509F087C780030
S3150102422037EB02420231507F0878509F087C031512
S31501024230032679FDD335024202310313032470A703
S31501024240E7E0480679FDD9610231700998007F805D
S3150102425000207D2000267529E0077D2801207A00AD
S315010242600018507F0878509F087C7800379F0242D9
S31501024270023178000014507F0878509F087C78003C
S31501024280356502420231553F00F8555F00FC780060
S31501024290007C507F0878509F087C7800376F024275
S315010242A00231507F0878509F087C0315032679FD59
S315010242B0D2B9024202310313032470A7E7E048068A
S315010242C079FDD9510231700998007F8000207D2045
S315010242D000267529E0077D2801207A110018507FF2
S315010242E00878509F087C7800372302420231780011
S315010242F00014507F0878509F087C780034E9024206
S315010243000231553F00F8555F00FC507F00F8509F7F
S3150102431000FC70A8E1DF70BFC7FF70DFE7C079FD5F
S31501024320D7AF0231700998007F8000207D200026D8
S315010243307529E0077D2801207A010014712FE7FF14
S31501024340713FC7FF553F01007800004E507F00F8CC
S31501024350509F00FC70B8E1E0480679FDD84B023166
S31501024360700998007F8000207D2000267529E007CC
S315010243707D2801207A0000107130E000553F0100CE
S3150102438078000016507F00F8509F00FC79FDD99302
S315010243900231553F0100513F010071E99FFF7F80C4
S315010243A000207D2000267529E0077D2801207A015B
S315010243B00010712F07FF5D3F099C78000038515F9D
S315010243C00100713078007F8A48007D200026752918
S315010243D0E0077D2801207A000010713078005D3FE8
S315010243E0099C78000010513F01007D2907345D3F89
S315010243F0099C1D3F099C553F0880513F0880592958
S3150102440000005D3F08847128E0001D293D00312925
S315010244100044752A063F593F08847529063F7D499E
S315010244204B78752A063F7128E0001D293D00354962
S3150102443000447128E0001D293D0031290045752AF5
S31501024440063F593F08847529043F7D294470752921
S31501024450043F7529063F7D494B78752A063F712827
S31501024460E0001D293D003549004571200000553FF8
S3150102447008887128E0001D293D00312904017529AA
S31501024480063F553F088C513F088C553F0888513FDE
S3150102449008887009A8017F8000207D2000267529E1
S315010244A0E0077D2801207A01001071200001353FC5
S315010244B001047800000C513F0888353F0104712838
S315010244C0E0001D293D0031290041752A063F313F91
S315010244D001041929C0017529063F7D29087075292C
S315010244E0063F7D494B78752A063F7128E0001D2952
S315010244F03D003549004171200000553F0890712861
S31501024500E0001D293D00312904037529063F553F67
S315010245100894513F0894553F0890513F08907009FD
S31501024520A8017F8000207D2000267529E0077D28CD
S3150102453001207A01001071200001353F0105780042
S31501024540000C513F0890353F01057128E0001D29F5
S315010245503D0031290041752A063F313F01051929DE
S31501024560C0017529063F7D2910707529063F7D49CF
S315010245704B78752A063F7128E0001D293D00354911
S3150102458000417120000071400000553F0108555F4E
S31501024590010C7128E0001D293D00514902DC512917
S315010245A002D8553F0898555F089C507F0898509F3E
S315010245B0089C4805480679FDD583023170099800A1
S315010245C07F8000207D2000267529E0077D280120B5
S315010245D07A100080507F0898509F089C7800342DED
S315010245E002420231507F0898509F089C0315032608
S315010245F079FDCF77024202310313032470A7E7E064
S31501024600480679FDD5A30231700998007F80002002
S315010246107D2000267529E0077D2801207A000018F1
S31501024620507F0898509F089C780033E1024202317C
S3150102463078000014507F0898509F089C780031A793
S3150102464002420231553F0108555F010C7800007C98
S31501024650507F0898509F089C780033B1024202317C
S31501024660507F0898509F089C0315032679FDCEFBBF
S31501024670024202310313032470A7E7E0480679FDDB
S31501024680D5930231700998007F8000207D20002693
S315010246907529E0077D2801207A110018507F0898B4
S315010246A0509F089C7800336502420231780000145B
S315010246B0507F0898509F089C7800312B02420231A4
S315010246C0553F0108555F010C507F0108509F010CAF
S315010246D070A7E7F0480679FDD3F702317009980011
S315010246E07F8000207D2000267529E0077D28012094
S315010246F07A01001071200001353F01107800004C4B
S31501024700507F0108509F010C4805480679FDD4994E
S315010247100231700998007F8000207D2000267529CC
S31501024720E0077D2801207A00001071200000353F44
S31501024730011078000016507F0108509F010C79FD87
S31501024740CA0B0231353F01107128E0001D293D00D7
S3150102475031290041752A063F313F01101929C0014D
S315010247607529063F7D2918707529063F7D494B78C3
S31501024770752A063F7128E0001D293D003549004191
S3150102478071200000553F08A07128E0001D293D0057
S31501024790312904067529063F553F08A4513F08A44D
S315010247A0553F08A0513F08A07009A8017F8000204B
S315010247B07D2000267529E0077D2801207A01001057
S315010247C071200001353F01117800000C513F08A00C
S315010247D0353F01117128E0001D293D0031290041B3
S315010247E07529063F7D2A0774313F01117D29077418
S315010247F01929C0017D2907747D494B787D290774E2
S31501024800752A063F7128E0001D293D003549004100
S3150102481071200000353F08A8313F08A87529063FD7
S315010248207148E0001D4A3D007D2A4A1431290040A3
S31501024830752A063F7128E0001D293D003549037B93
S31501024840313F08A87529063F19298001353F08A875
S31501024850313F08A87529063F7148E0001D4A3D000F
S315010248607D2A4A1431290040752A063F7128E00043
S315010248701D293D003549037C313F08A87529063FAC
S3150102488019298001353F08A8313F08A87529063F35
S315010248907148E0001D4A3D007D2A4A143129004033
S315010248A0752A063F7128E0001D293D003549037D21
S315010248B0313F08A87529063F19298001353F08A805
S315010248C0313F08A87529063F7148E0001D4A3D009F
S315010248D07D2A4A1431290040752A063F7128E000D3
S315010248E01D293D003549037E313F08A87529063F3A
S315010248F019298001353F08A8313F08A87529063FC5
S315010249007148E0001D4A3D007D2A4A1431290040C2
S31501024910752A063F7128E0001D293D003549037FAE
S31501024920313F08A87529063F19298001353F08A894
S31501024930313F08A87529063F7148E0001D4A3D002E
S315010249407D2A4A1431290040752A063F7128E00062
S315010249501D293D0035490380313F08A87529063FC7
S3150102496019298001353F08A8313F08A87529063F54
S315010249707148E0001D4A3D007D2A4A143129004052
S31501024980752A063F7128E0001D293D00354903813C
S31501024990313F08A87529063F19298001353F08A824
S315010249A0313F08A87529063F7148E0001D4A3D00BE
S315010249B07D2A4A1431290040752A063F7128E000F2
S315010249C01D293D0035490382313F08A87529063F55
S315010249D019298001353F08A871200000353F08A931
S315010249E0313F08A97529063F7148E0001D4A3D007D
S315010249F0314A037B754A063F191F80087D284A14EE
S31501024A0035490998313F08A97529063F19298001B7
S31501024A10353F08A9313F08A97529063F7148E000CB
S31501024A201D4A3D00314A037C754A063F191F80081B
S31501024A307D284A1435490998313F08A97529063F47
S31501024A4019298001353F08A9313F08A97529063F71
S31501024A507148E0001D4A3D00314A037D754A063F11
S31501024A60191F80087D284A1435490998313F08A93A
S31501024A707529063F19298001353F08A9313F08A941
S31501024A807529063F7148E0001D4A3D00314A037E01
S31501024A90754A063F191F80087D284A143549099827
S31501024AA0313F08A97529063F19298001353F08A911
S31501024AB0313F08A97529063F7148E0001D4A3D00AC
S31501024AC0314A037F754A063F191F80087D284A1419
S31501024AD035490998313F08A97529063F19298001E7
S31501024AE0353F08A9313F08A97529063F7148E000FB
S31501024AF01D4A3D00314A0380754A063F191F800847
S31501024B007D284A1435490998313F08A97529063F76
S31501024B1019298001353F08A9313F08A97529063FA0
S31501024B207148E0001D4A3D00314A0381754A063F3C
S31501024B30191F80087D284A1435490998313F08A969
S31501024B407529063F19298001353F08A9313F08A970
S31501024B507529063F7148E0001D4A3D00314A03822C
S31501024B60754A063F191F80087D284A143549099856
S31501024B70313F08A97529063F19298001353F08A940
S31501024B801D3F09A048134884480570C00182488721
S31501024B907D284B7879FE36410231752A063F712806
S31501024BA0E0001D293D00354903837128E0001D29D6
S31501024BB03D00312904047529063F700998007F805A
S31501024BC000207D2000267529E0077D2801207A1222
S31501024BD000387128E0001D093D007138E035714049
S31501024BE00000552801685548016C7128E0001D092D
S31501024BF03D007128E0357140000055280170554885
S31501024C000174780000347128E0001D093D0071200D
S31501024C10000071400000552801685548016C712851
S31501024C20E0001D093D007120000071400000552879
S31501024C300170554801747128E0001D293D0071403B
S31501024C4001835549001C7128E0001D293D00714070
S31501024C500008354900197128E0001D293D007140FF
S31501024C600000354900187128E0001D293D007140F8
S31501024C7000003549001A7128E0001D293D007140E6
S31501024C800000354900287128E0001D293D007140C8
S31501024C900000354900297128E0001D293D007140B7
S31501024CA000003549002A7128E0001D293D007140A6
S31501024CB000003549002B7128E0001D293D00714095
S31501024CC000003549002C7128E0001D293D00714084
S31501024CD000003549002D7128E0001D293D00714073
S31501024CE000003549002E7128E0001D293D00714062
S31501024CF000003549002F71200000553F011471282B
S31501024D00E00051291238553F08AC515F08AC7128B1
S31501024D10E2CC7122C4E6112A4AC8553F08AC515F5A
S31501024D2008AC71200000138A4ACC130A4ACE7FBD11
S31501024D30CB827D2000267529E0077D2801207A0194
S31501024D4000A6507F08AC79FDC45B014E013D507F40
S31501024D5008AC79FDC44F02420231031303247800E1
S31501024D602CAB0242023101D301E40315032679FD7C
S31501024D70C7F9024202310313032470A7E7E048068A
S31501024D8079FDCE250231700998007F8000207D20B1
S31501024D9000267529E0077D2801207A000020507F30
S31501024DA008AC79FDC3FF02420231031303247800E2
S31501024DB02C5B024202317800001C507F08AC79FD5F
S31501024DC0C3E3024202310313032478002A19024281
S31501024DD002310313032479FDD0350231553F011403
S31501024DE0780000A2507F08AC79FDC3B9014E013D9E
S31501024DF0507F08AC79FDC3AD02420231031303248D
S31501024E0078002C090242023101D301E4031503267B
S31501024E1079FDC757024202310313032470A7E7E063
S31501024E20480679FDCDEF0231700998007F80002096
S31501024E307D2000267529E0077D2801207A110020B0
S31501024E40507F08AC79FDC35D02420231031303248C
S31501024E5078002BB9024202317800001C507F08AC5F
S31501024E6079FDC341024202310313032478002977F3
S31501024E70024202310313032479FDCF930231553FD6
S31501024E800114507F011479FDC31B0242023103133F
S31501024E90032470A8E1DF70BFC7FF70DFE7C079FDA9
S31501024EA0CC2F0231700998007F8000207D200026D8
S31501024EB07529E0077D2801207A010014712FE7FF89
S31501024EC0713FC7FF553F011878000038515F011441
S31501024ED07139E700138A4ACD7D2000267529E0073C
S31501024EE07D2801207A0100107130E000553F01183A
S31501024EF078000010513F011411204ADA553F01187A
S31501024F00513F011871E99FFF7F8000207D20002615
S31501024F107529E0077D2801207A010010712F07FF0C
S31501024F205D3F09A878000038515F01187130780099
S31501024F307F8A48007D2000267529E0077D28012009
S31501024F407A000010713078005D3F09A878000010E0
S31501024F50513F01187D2907345D3F09A81D3F09A864
S31501024F60553F08B0513F08B0592900005D3F08B4CA
S31501024F707128E0001D293D003129002A752A063FC4
S31501024F80593F08B47529063F7D494B78752A063F74
S31501024F907128E0001D293D003549002A7128E000EB
S31501024FA01D293D003129002B752A063F593F08B4B8
S31501024FB07529043F7D2944707529043F7529063FE9
S31501024FC07D494B78752A063F7128E0001D293D006F
S31501024FD03549002B7120000071400000553F012028
S31501024FE0555F01247128E0001D293D005149016CDC
S31501024FF051290168553F08B8555F08BC507F08B86A
S31501025000509F08BC70A8E05970B0C29C70D7E414D6
S3150102501070DCC5E179FDC5B902420231553F08B8D6
S31501025020555F08BC507F08B8509F08BC4805480622
S3150102503079FDCB090231700998007F8000207D201D
S3150102504000267529E0077D2801207A100080507F0D
S3150102505008B8509F08BC780029B302420231507F3A
S3150102506008B8509F08BC0315032679FDC4FD024208
S3150102507002310313032470A7E7E0480679FDCB2921
S315010250800231700998007F8000207D200026752953
S31501025090E0077D2801207A000018507F08B8509F4A
S315010250A008BC780029670242023178000014507F59
S315010250B008B8509F08BC7800272D02420231553F9D
S315010250C00120555F01247800007C507F08B8509F6B
S315010250D008BC7800293702420231507F08B8509F36
S315010250E008BC0315032679FDC4810242023103136A
S315010250F0032470A7E7E0480679FDCB19023170094E
S3150102510098007F8000207D2000267529E0077D28F2
S3150102511001207A110018507F08B8509F08BC780008
S3150102512028EB0242023178000014507F08B8509FE2
S3150102513008BC780026B102420231553F0120555F73
S315010251400124507F0120509F012470A8E1DF70BF26
S31501025150C7FF70DFE7C079FDC97702317009980090
S315010251607F8000207D2000267529E0077D28012009
S315010251707A010014712FE7FF713FC7FF553F0128DE
S315010251807800004E507F0120509F012470B8E1E063
S31501025190480679FDCA130231700998007F80002002
S315010251A07D2000267529E0077D2801207A0000105E
S315010251B07130E000553F012878000016507F01202A
S315010251C0509F012479FDCB5B0231553F0128513FA6
S315010251D0012871E99FFF7F8000207D200026752925
S315010251E0E0077D2801207A010010712F07FF5D3F3C
S315010251F009AA78000038515F0128713078007F8A48
S3150102520048007D2000267529E0077D2801207A00C5
S315010252100010713078005D3F09AA78000010513FF5
S3150102522001287D2907345D3F09AA1D3F09AA553F79
S3150102523008C0513F08C0592900005D3F08C47128C2
S31501025240E0001D293D003129002E752A063F593FEE
S3150102525008C47529063F7D494B78752A063F712890
S31501025260E0001D293D003549002E7128E0001D2967
S315010252703D003129002F752A063F593F08C4752979
S31501025280043F7D2944707529043F7529063F7D49EE
S315010252904B78752A063F7128E0001D293D003549E4
S315010252A0002F7120000071400000553F0130555F0B
S315010252B001347128E0001D293D005149017451292B
S315010252C00170553F08C8555F08CC507F08C8509FEA
S315010252D008CC70A8E05970B0C29C70D7E41470DC97
S315010252E0C5E179FDC2EB02420231553F08C8555F5D
S315010252F008CC507F08C8509F08CC4805480679FD5E
S31501025300C83B0231700998007F8000207D2000266B
S315010253107529E0077D2801207A100080507F08C890
S31501025320509F08CC780026E502420231507F08C818
S31501025330509F08CC0315032679FDC22F0242023182
S315010253400313032470A7E7E0480679FDC85B02311F
S31501025350700998007F8000207D2000267529E007CC
S315010253607D2801207A000018507F08C8509F08CC7A
S31501025370780026990242023178000014507F08C84B
S31501025380509F08CC7800245F02420231553F01301A
S31501025390555F01347800007C507F08C8509F08CCC5
S315010253A07800266902420231507F08C8509F08CC14
S315010253B00315032679FDC1B3024202310313032405
S315010253C070A7E7E0480679FDC84B023170099800DB
S315010253D07F8000207D2000267529E0077D28012097
S315010253E07A110018507F08C8509F08CC7800261DF4
S315010253F00242023178000014507F08C8509F08CC3F
S31501025400780023E302420231553F0130555F0134F0
S31501025410507F0130509F013470A8E1DF70BFC7FF92
S3150102542070DFE7C079FDC6A90231700998007F8055
S3150102543000207D2000267529E0077D2801207A01BA
S315010254400014712FE7FF713FC7FF553F01387800FE
S31501025450004E507F0130509F013470B8E1E048069A
S3150102546079FDC7450231700998007F8000207D20B1
S3150102547000267529E0077D2801207A000010713087
S31501025480E000553F013878000016507F0130509FE9
S31501025490013479FDC88D0231553F0138513F01383A
S315010254A071E99FFF7F8000207D2000267529E00794
S315010254B07D2801207A010010712F07FF5D3F09AC9B
S315010254C078000038515F0138713078007F8A4800D0
S315010254D07D2000267529E0077D2801207A0000102B
S315010254E0713078005D3F09AC78000010513F0138F8
S315010254F07D2907345D3F09AC1D3F09AC553F08D0F4
S31501025500513F08D0592900005D3F08D47128E000B7
S315010255101D293D003129002C752A063F593F08D421
S315010255207529063F7D494B78752A063F7128E000A9
S315010255301D293D003549002C7128E0001D293D0039
S315010255403129002D752A063F593F08D47529043F92
S315010255507D2944707529043F7529063F7D494B789B
S31501025560752A063F7128E0001D293D003549002DA7
S3150102557071200000553F08D87128E0001D293D0021
S31501025580312904017529063F553F08DC513F08DCE4
S31501025590553F08D8513F08D87009A8017F800020DD
S315010255A07D2000267529E0077D2801207A01001059
S315010255B071200001353F013C7800000C513F08D8AB
S315010255C0353F013C7128E0001D293D0031290029A2
S315010255D0752A063F313F013C1929C0017529063F4B
S315010255E07D2908707529063F7D494B78752A063F44
S315010255F07128E0001D293D0035490029712000006E
S31501025600553F08E07128E0001D293D0031290403B8
S315010256107529063F553F08E4513F08E4553F08E026
S31501025620513F08E07009A8017F8000207D200026F5
S315010256307529E0077D2801207A01001071200001F9
S31501025640353F013D7800000C513F08E0353F013DF1
S315010256507128E0001D293D0031290029752A063FDE
S31501025660313F013D1929C0017529063F7D29107077
S315010256707529063F7D494B78752A063F7128E00058
S315010256801D293D00354900297120000071400000A5
S31501025690553F0140555F01447128E0001D293D0037
S315010256A0514902DC512902D8553F08E8555F08ECF9
S315010256B0507F08E8509F08EC4805480679FDC47DED
S315010256C00231700998007F8000207D20002675290D
S315010256D0E0077D2801207A100080507F08E8509F5C
S315010256E008EC7800232702420231507F08E8509FD6
S315010256F008EC0315032679FDBE710242023103133A
S31501025700032470A7E7E0480679FDC49D02317009BA
S3150102571098007F8000207D2000267529E0077D28DC
S3150102572001207A000018507F08E8509F08EC7800A3
S3150102573022DB0242023178000014507F08E8509FB2
S3150102574008EC780020A102420231553F0140555F23
S3150102575001447800007C507F08E8509F08EC7800ED
S3150102576022AB02420231507F08E8509F08EC031532
S31501025770032679FDBDF5024202310313032470A704
S31501025780E7E0480679FDC48D0231700998007F80F1
S3150102579000207D2000267529E0077D2801207A1147
S315010257A00018507F08E8509F08EC7800225F0242F9
S315010257B0023178000014507F08E8509F08EC780007
S315010257C0202502420231553F0140555F0144507F77
S315010257D00140509F014470A7E7F0480679FDC2F1E6
S315010257E00231700998007F8000207D2000267529EC
S315010257F0E0077D2801207A01001071200001353F62
S3150102580001487800004C507F0140509F01444805F1
S31501025810480679FDC3930231700998007F80002002
S315010258207D2000267529E0077D2801207A000010D7
S3150102583071200000353F014878000016507F014073
S31501025840509F014479FDB9050231353F014871285E
S31501025850E0001D293D0031290029752A063F313F05
S3150102586001481929C0017529063F7D291870752934
S31501025870063F7D494B78752A063F7128E0001D29AE
S315010258803D003549002971200000553F08F0712875
S31501025890E0001D293D00312904067529063F553FC1
S315010258A008F4513F08F4553F08F0513F08F07009DA
S315010258B0A8017F8000207D2000267529E0077D282A
S315010258C001207A01001071200001353F014978005B
S315010258D0000C513F08F0353F01497128E0001D29AE
S315010258E03D00312900297529063F7D2A0774313F7A
S315010258F001497D2907741929C0017D2907747D494A
S315010259004B787D290774752A063F7128E0001D2907
S315010259103D003549002971200000353F08F8313F25
S3150102592008F87529063F7148E0001D4A3D007D2AA7
S315010259304A1431290028752A063F7128E0001D29DB
S315010259403D0035490372313F08F87529063F192989
S315010259508001353F08F8313F08F87529063F71483D
S31501025960E0001D4A3D007D2A4A1431290028752A84
S31501025970063F7128E0001D293D0035490373313F79
S3150102598008F87529063F19298001353F08F8313F84
S3150102599008F87529063F7148E0001D4A3D007D2A37
S315010259A04A1431290028752A063F7128E0001D296B
S315010259B03D0035490374313F08F87529063F192917
S315010259C08001353F08F8313F08F87529063F7148CD
S315010259D0E0001D4A3D007D2A4A1431290028752A14
S315010259E0063F7128E0001D293D0035490375313F07
S315010259F008F87529063F19298001353F08F8313F14
S31501025A0008F87529063F7148E0001D4A3D007D2AC6
S31501025A104A1431290028752A063F7128E0001D29FA
S31501025A203D0035490376313F08F87529063F1929A4
S31501025A308001353F08F8313F08F87529063F71485C
S31501025A40E0001D4A3D007D2A4A1431290028752AA3
S31501025A50063F7128E0001D293D0035490377313F94
S31501025A6008F87529063F19298001353F08F8313FA3
S31501025A7008F87529063F7148E0001D4A3D007D2A56
S31501025A804A1431290028752A063F7128E0001D298A
S31501025A903D0035490378313F08F87529063F192932
S31501025AA08001353F08F8313F08F87529063F7148EC
S31501025AB0E0001D4A3D007D2A4A1431290028752A33
S31501025AC0063F7128E0001D293D0035490379313F22
S31501025AD008F87529063F19298001353F08F8712012
S31501025AE00000353F08F9313F08F97529063F71482B
S31501025AF0E0001D4A3D00314A0372754A063F191FED
S31501025B0080087D284A14354909A8313F08F97529C3
S31501025B10063F19298001353F08F9313F08F97529F0
S31501025B20063F7148E0001D4A3D00314A0373754A3A
S31501025B30063F191F80087D284A14354909A8313FB5
S31501025B4008F97529063F19298001353F08F9313FC0
S31501025B5008F97529063F7148E0001D4A3D00314AA0
S31501025B600374754A063F191F80087D284A14354970
S31501025B7009A8313F08F97529063F19298001353FE0
S31501025B8008F9313F08F97529063F7148E0001D4AB7
S31501025B903D00314A0375754A063F191F80087D2863
S31501025BA04A14354909A8313F08F97529063F1929C9
S31501025BB08001353F08F9313F08F97529063F7148D9
S31501025BC0E0001D4A3D00314A0376754A063F191F18
S31501025BD080087D284A14354909A8313F08F97529F3
S31501025BE0063F19298001353F08F9313F08F9752920
S31501025BF0063F7148E0001D4A3D00314A0377754A66
S31501025C00063F191F80087D284A14354909A8313FE4
S31501025C1008F97529063F19298001353F08F9313FEF
S31501025C2008F97529063F7148E0001D4A3D00314ACF
S31501025C300378754A063F191F80087D284A1435499B
S31501025C4009A8313F08F97529063F19298001353F0F
S31501025C5008F9313F08F97529063F7148E0001D4AE6
S31501025C603D00314A0379754A063F191F80087D288E
S31501025C704A14354909A8313F08F97529063F1929F8
S31501025C808001353F08F91D3F09B04813489448057C
S31501025C9070C0018348877D284B7879FE253B023106
S31501025CA0752A063F7128E0001D293D003549037A10
S31501025CB07128E000312912B67529063F700998004C
S31501025CC07F8000207D2000267529E0077D2801209E
S31501025CD07A1200387128E0001D0913207120000094
S31501025CE07140000055280000554800047128E00063
S31501025CF01D0912E8712000007140000055280000BC
S31501025D0055480004780000347128E0001D0913206B
S31501025D107128E00071400000552800005548000432
S31501025D207128E0001D0912E87128E00071400000A7
S31501025D3055280000554800047128E0001D2913204A
S31501025D4051490004512900000313032479FDC0BF00
S31501025D5002327128E0001D293D0055490340712890
S31501025D60E0001D2912E851490004512900000313DC
S31501025D70032479FDC09902327128E0001D293D00F4
S31501025D80554903447128E000512912F8031378009A
S31501025D901DD7023111404ADA7128E0001D293D0062
S31501025DA05549034C7128E0001D293D007141E0C1AE
S31501025DB0715DC721554900047128E0001D293D0086
S31501025DC071400008354900017128E0001D293D0096
S31501025DD071400001354900007128E0001D293D008E
S31501025DE071400000354900027128E0001D293D007D
S31501025DF071400000354900107128E0001D293D005F
S31501025E0071400000354900117128E0001D293D004D
S31501025E1071400000354900127128E0001D293D003C
S31501025E2071400000354900137128E0001D293D002B
S31501025E3071400000354900147128E0001D293D001A
S31501025E4071400000354900157128E0001D293D0009
S31501025E5071400000354900167128E0001D293D00F8
S31501025E60714000003549001771200000553F014C71
S31501025E707128E0001D293D0051290340553F08FCC8
S31501025E80515F08FC71200000138A4ACC130A4ACEDC
S31501025E907FBDCB827D2000267529E0077D28012062
S31501025EA07A0100A6507F08FC79FDB2F9014E013D47
S31501025EB0507F08FC79FDB2ED02420231031303243D
S31501025EC078001B490242023101D301E4031503267C
S31501025ED079FDB697024202310313032470A7E7E064
S31501025EE0480679FDBCC30231700998007F80002003
S31501025EF07D2000267529E0077D2801207A000020F1
S31501025F00507F08FC79FDB29D02420231031303243C
S31501025F1078001AF9024202317800001C507F08FC0F
S31501025F2079FDB2810242023103130324780018B7C4
S31501025F30024202310313032479FDBED30231553FD6
S31501025F40014C780000A2507F08FC79FDB257014E40
S31501025F50013D507F08FC79FDB24B02420231031327
S31501025F60032478001AA70242023101D301E4031580
S31501025F70032679FDB5F5024202310313032470A704
S31501025F80E7E0480679FDBC8D0231700998007F80F1
S31501025F9000207D2000267529E0077D2801207A113F
S31501025FA00020507F08FC79FDB1FB02420231031346
S31501025FB0032478001A57024202317800001C507FEE
S31501025FC008FC79FDB1DF0242023103130324780092
S31501025FD01815024202310313032479FDBE3102313F
S31501025FE0553F014C515F014C7128E37F138A4ACC1C
S31501025FF07D2000267529E0077D2801207A010010FF
S31501026000713F7FFF353F015078000038515F014CE7
S3150102601071200000138A4ACD7D2000267529E007EA
S315010260207D2801207A01001071200000353F0150C0
S3150102603078000010513F014C11204AD8353F0150DA
S315010260407128E0001D293D0031290014752A063FF9
S31501026050313F01507D494B78752A063F7128E00090
S315010260601D293D003549001471200000553F015498
S315010260707128E0001D293D0051290344553F0900BD
S31501026080515F090071200000138A4ACC130A4ACED5
S315010260907FBDCB827D2000267529E0077D28012060
S315010260A07A0100A6507F090079FDB0F9014E013D42
S315010260B0507F090079FDB0ED024202310313032438
S315010260C0780019490242023101D301E4031503267C
S315010260D079FDB497024202310313032470A7E7E064
S315010260E0480679FDBAC30231700998007F80002003
S315010260F07D2000267529E0077D2801207A000020EF
S31501026100507F090079FDB09D024202310313032437
S31501026110780018F9024202317800001C507F09000A
S3150102612079FDB0810242023103130324780016B7C6
S31501026130024202310313032479FDBCD30231553FD6
S315010261400154780000A2507F090079FDB057014E33
S31501026150013D507F090079FDB04B02420231031322
S315010261600324780018A70242023101D301E4031580
S31501026170032679FDB3F5024202310313032470A704
S31501026180E7E0480679FDBA8D0231700998007F80F1
S3150102619000207D2000267529E0077D2801207A113D
S315010261A00020507F090079FDAFFB02420231031341
S315010261B0032478001857024202317800001C507FEE
S315010261C0090079FDAFDF024202310313032478008D
S315010261D01615024202310313032479FDBC31023141
S315010261E0553F0154515F01547128E040138A4ACC4C
S315010261F07D2000267529E0077D2801207A010010FD
S3150102620071200003353F015878000038515F01546F
S3150102621071200000138A4ACD7D2000267529E007E8
S315010262207D2801207A01001071200000353F0158B6
S3150102623078000010513F015411204AD8353F0158C8
S315010262407128E0001D293D00312900157529063FF7
S315010262507D2A0774313F01587D2907741929C00324
S315010262607D2907747D494B787D290774752A063F76
S315010262707128E0001D293D003549001571200000F5
S31501026280553F015C7128E0001D293D005129034853
S31501026290553F0904515F09047128E61C1929D140A9
S315010262A0112A4AC011294AC0553F0904515F0904FE
S315010262B071200000138A4ACC130A4ACE7FBDCB82D3
S315010262C07D2000267529E0077D2801207A0100A696
S315010262D0507F090479FDAECD014E013D507F09047F
S315010262E079FDAEC102420231031303247800171D60
S315010262F00242023101D301E40315032679FDB26B91
S31501026300024202310313032470A7E7E0480679FD2E
S31501026310B8970231700998007F8000207D200026FF
S315010263207529E0077D2801207A000020507F0904A3
S3150102633079FDAE710242023103130324780016CDB0
S31501026340024202317800001C507F090479FDAE55E4
S3150102635002420231031303247800148B02420231F2
S315010263600313032479FDBAA70231553F015C780074
S3150102637000A2507F090479FDAE2B014E013D507FEB
S31501026380090479FDAE1F0242023103130324780088
S31501026390167B0242023101D301E40315032679FD7C
S315010263A0B1C9024202310313032470A7E7E048068A
S315010263B079FDB8610231700998007F8000207D2045
S315010263C000267529E0077D2801207A110020507FD9
S315010263D0090479FDADCF0242023103130324780089
S315010263E0162B024202317800001C507F090479FD06
S315010263F0ADB30242023103130324780013E90242C8
S3150102640002310313032479FDBA050231553F015CBA
S31501026410515F015C7128E77F1929D1FF138A4ACCA2
S315010264207D2000267529E0077D2801207A010010CA
S31501026430713F7FFF5D3F016078000038515F015C6B
S3150102644071200000138A4ACD7D2000267529E007B6
S315010264507D2801207A010010712000005D3F016054
S3150102646078000010513F015C11204AD85D3F01605E
S315010264707128E0001D293D0031290010752A063FC9
S31501026480593F01607529063F7D494B78752A063FBA
S315010264907128E0001D293D00354900107128E000F0
S315010264A01D293D0031290011752A063F593F016018
S315010264B07529043F7D2944707529043F7529063FD4
S315010264C07D494B78752A063F7128E0001D293D005A
S315010264D03549001171200000553F01647128E00021
S315010264E01D293D005129034C553F0908513F090811
S315010264F0553F0164513F0164700998007F80002075
S315010265007D2000267529E0077D2801207A00000CEE
S3150102651071200000553F0164515F01647120000042
S31501026520713FC7FF7F8A48007D2000267529E00753
S315010265307D2801207A010010713F7FFF5D3F0168CE
S3150102654078000034513F0164700998007F80002071
S315010265507D2000267529E0077D2801207A0000109A
S31501026560712000005D3F01687800000C513F016413
S315010265705D3F01687128E0001D293D0031290012A5
S31501026580752A063F593F01687529063F7D494B78B1
S31501026590752A063F7128E0001D293D003549001282
S315010265A07128E0001D293D0031290013752A063F95
S315010265B0593F01687529043F7D2944707529043FB5
S315010265C07529063F7D494B78752A063F7128E000F9
S315010265D01D293D003549001371200000353F090C84
S315010265E0313F090C7529063F7148E0001D4A3D00FD
S315010265F07D2A4A1431290010752A063F7128E000C6
S315010266001D293D0035490369313F090C7529063FAC
S3150102661019298001353F090C313F090C7529063FBD
S315010266207148E0001D4A3D007D2A4A1431290010B5
S31501026630752A063F7128E0001D293D003549036A86
S31501026640313F090C7529063F19298001353F090C8D
S31501026650313F090C7529063F7148E0001D4A3D008C
S315010266607D2A4A1431290010752A063F7128E00055
S315010266701D293D003549036B313F090C7529063F3A
S3150102668019298001353F090C313F090C7529063F4D
S315010266907148E0001D4A3D007D2A4A143129001045
S315010266A0752A063F7128E0001D293D003549036C14
S315010266B0313F090C7529063F19298001353F090C1D
S315010266C0313F090C7529063F7148E0001D4A3D001C
S315010266D07D2A4A1431290010752A063F7128E000E5
S315010266E01D293D003549036D313F090C7529063FC8
S315010266F019298001353F090C313F090C7529063FDD
S315010267007148E0001D4A3D007D2A4A1431290010D4
S31501026710752A063F7128E0001D293D003549036EA1
S31501026720313F090C7529063F19298001353F090CAC
S31501026730313F090C7529063F7148E0001D4A3D00AB
S315010267407D2A4A1431290010752A063F7128E00074
S315010267501D293D003549036F313F090C7529063F55
S3150102676019298001353F090C313F090C7529063F6C
S315010267707148E0001D4A3D007D2A4A143129001064
S31501026780752A063F7128E0001D293D00354903702F
S31501026790313F090C7529063F19298001353F090C3C
S315010267A071200000353F090D313F090D7529063F5C
S315010267B07148E0001D4A3D00314A0369754A063FA8
S315010267C0191F80087D284A14354909B0313F090D40
S315010267D07529063F19298001353F090D313F090DFA
S315010267E07529063F7148E0001D4A3D00314A036A98
S315010267F0754A063F191F80087D284A14354909B092
S31501026800313F090D7529063F19298001353F090DC9
S31501026810313F090D7529063F7148E0001D4A3D00C9
S31501026820314A036B754A063F191F80087D284A14AF
S31501026830354909B0313F090D7529063F19298001EC
S31501026840353F090D313F090D7529063F7148E000B3
S315010268501D4A3D00314A036C754A063F191F8008DD
S315010268607D284A14354909B0313F090D7529063F7C
S3150102687019298001353F090D313F090D7529063F59
S315010268807148E0001D4A3D00314A036D754A063FD3
S31501026890191F80087D284A14354909B0313F090D6F
S315010268A07529063F19298001353F090D313F090D29
S315010268B07529063F7148E0001D4A3D00314A036EC3
S315010268C0754A063F191F80087D284A14354909B0C1
S315010268D0313F090D7529063F19298001353F090DF9
S315010268E0313F090D7529063F7148E0001D4A3D00F9
S315010268F0314A036F754A063F191F80087D284A14DB
S31501026900354909B0313F090D7529063F192980011B
S31501026910353F090D313F090D7529063F7148E000E2
S315010269201D4A3D00314A0370754A063F191F800808
S315010269307D284A14354909B0313F090D7529063FAB
S3150102694019298001353F090D1D5F09B8480348849D
S3150102695048157121E0C1031670DDC72148877D48BC
S31501026960537879FE18730231752A063F7128E000C1
S315010269701D293D0035490371513F084011204AD86E
S31501026980752A043F7128E0001D293D005D49035027
S315010269907128E0001D293D00312904087529063FA9
S315010269A04D33031479FDDA657128E0001D293D0096
S315010269B0312904077529063F4B73031479FDDA4D14
S315010269C07128E0001D293D00592903507529043F0C
S315010269D04863708003E8031579FDCC19481379FDE4
S315010269E0EDB57128E0001D293CE851490000194A1C
S315010269F08001554900001D7F09E0500B00040090FB
S31501026A00536BFFEC538BFFF053ABFFF453CBFFF801
S31501026A1053EBFFFC03310004182106F00080D50177
S31501026A20D3F1011F482379FDED6D197F8010500BBB
S31501026A300004009053EBFFFC033100041821069871
S31501026A4000805401006C57E10064011F71200000AF
S31501026A5071400000553F0010555F0014712000007F
S31501026A60353F000A7128E0001D293D0071400116DB
S31501026A705549030C7128E0001D293D0071400008AB
S31501026A8035490367193F801048234814031579FED7
S31501026A9012990231752A063F7128E0001D293D002F
S31501026AA03549035E313F000A7529063F195F8008A1
S31501026AB07D2A4A1431290008752A063F7128E00009
S31501026AC01D293D003549035F313F000A7529063FFD
S31501026AD019298001353F000A313F000A7529063F0F
S31501026AE0195F80087D2A4A1431290008752A063F52
S31501026AF07128E0001D293D0035490360313F000A36
S31501026B007529063F19298001353F000A313F000ADE
S31501026B107529063F195F80087D2A4A143129000822
S31501026B20752A063F7128E0001D293D00354903619A
S31501026B30313F000A7529063F19298001353F000AAE
S31501026B40313F000A7529063F195F80087D2A4A14DA
S31501026B5031290008752A063F7128E0001D293D00EA
S31501026B6035490362313F000A7529063F1929800119
S31501026B70353F000A313F000A7529063F195F800831
S31501026B807D2A4A1431290008752A063F7128E00038
S31501026B901D293D0035490363313F000A7529063F28
S31501026BA019298001353F000A313F000A7529063F3E
S31501026BB0195F80087D2A4A1431290008752A063F81
S31501026BC07128E0001D293D0035490364313F000A61
S31501026BD07529063F19298001353F000A313F000A0E
S31501026BE07529063F195F80087D2A4A143129000852
S31501026BF0752A063F7128E0001D293D0035490365C6
S31501026C00313F000A7529063F19298001353F000ADD
S31501026C10313F000A7529063F195F80087D2A4A1409
S31501026C2031290008752A063F7128E0001D293D0019
S31501026C3035490366313F000A7529063F1929800144
S31501026C40353F000A7128E0001D293D003129035E06
S31501026C507529063F700998007F8000207D20002655
S31501026C607529E0077D2801207A12026A7128E0005F
S31501026C701D293D003129035F7529063F7009A85375
S31501026C807F8000207D2000267529FFFF7529063F9A
S31501026C90353F000B7128E0001D293D0031290364AF
S31501026CA07529063F7009A8547F8000207D200026A1
S31501026CB07529FFFF7529063F353F000C315F000B31
S31501026CC0313F000C7D2A4A14353F000B313F000B40
S31501026CD07529063F700998027F8000207D200026D3
S31501026CE07529FFFF7529063F353F000C313F000C20
S31501026CF07529063F700998007F8000207D200026B5
S31501026D007529E0077D2801207A12017071200000A1
S31501026D105D3F000871200080553F00187120000078
S31501026D20553F001C7120E1031D2990C8553F0050B3
S31501026D307120000B353F00207120000C353F0021E8
S31501026D407120000C353F00227120000D353F0023D2
S31501026D5071200000353F000D7120000071400000D6
S31501026D60553F0024555F002871200001353F00245C
S31501026D707C000146712060007140000135491316FD
S31501026D80513F0018515F001C553F0058555F005C8A
S31501026D90195F80587128E0001C690B784804480580
S31501026DA0480648077D48537879FDD96B191F802417
S31501026DB0195F80307128E0001C690B784804712044
S31501026DC0E11F031570BFC7F0488603077D48537854
S31501026DD079FDDA07712003E85D3F00084400593F57
S31501026DE000087529043F194984FF5D5F000870098F
S31501026DF098007F8000207D2000267529E0077D28E6
S31501026E0001207A02FFDC193F802048234894480575
S31501026E1070C0025148477D284B7879FE13BB712415
S31501026E2007105D3F00084400593F00087529043FD9
S31501026E30194984FF5D5F0008700998007F80002070
S31501026E407D2000267529E0077D2801207A02FFDCD4
S31501026E50712058001929D180714B02F0554900045D
S31501026E60712058001929D180714000007154C50F53
S31501026E70554900047800005E71200000353F000E7E
S31501026E80313F000E7529063F195F80087D2A4A1493
S31501026E907140000135490024313F000E7529063F34
S31501026EA019298001353F000E193F802C4823489449
S31501026EB0480570C0025148177D284B7879FE13198F
S31501026EC00231752A063F7128E0001D293D00354928
S31501026ED00368483379FDE8BF197F8068500B0004C7
S31501026EE0009053EBFFFC03310004182106F00080E9
S31501026EF0D501D3F1011F484379FDE89B197F801023
S31501026F00500B0004009053EBFFFC033100041821DF
S31501026F1006E80080D701D5F1011FD23F513F000893
S31501026F207009A8067F8000207D2000267529E007CA
S31501026F307D2801207A110066513F00087D2A1070D2
S31501026F407120E1031D29A5387D2A4A145149000001
S31501026F507120E1031D29A5387D2A4A147D2903A63C
S31501026F60000679FE5EF37800003679FE5F0D780041
S31501026F70002E79FE5F2B7800002679FE5F477800A6
S31501026F80001E79FFFA977800001679FFFAB37800A6
S31501026F90000E79FFFF59780000064400197F801818
S31501026FA0500B0004009053EBFFFC0331000418213F
S31501026FB006F00080D501D3F1011F488379FDC06334
S31501026FC04803481448157121E4FF031670D8C7EF28
S31501026FD079FE0A594803480448157121E4FF03164C
S31501026FE070D8C6EF79FE0A4548034B24480570C09E
S31501026FF006A279FE0A3748034A04480570C0014AC7
S3150102700079FE0A2948134814480570C0028079FEA0
S315010270100A1B48134824480570C0028279FE0A0DEC
S3150102702048134834480570C0028479FE09FF4813A3
S315010270304844480570C0028179FE09F14813485453
S31501027040480570C0028379FE09E3481348044805DE
S3150102705070C0028579FE09D5480349B4480570C056
S31501027060020179FE09C74803483448157123E060D5
S31501027070031670C8C0F379FE09B34813488448055C
S3150102708070C0018279FE09A548134894480570C06B
S31501027090018379FE09974803488448157121E0C1A5
S315010270A0031670DDC72179FE0983712060007140E4
S315010270B0E200194AD003554902E848234894480593
S315010270C070C0025179FE096548234814480570C00B
S315010270D0011679FE095779FDFA2148234804480524
S315010270E0637679FE09474823480479FE0B6B713FA3
S315010270F0E404594904A8194AC4E0194AD00C5D4965
S3150102710004A87120E1011D49A2F27128E0001D299E
S315010271100000554908907128E0001D293938714748
S31501027120E423715AC70A554901447128E0001D2911
S315010271303938715F7FFF554901DC7128E0001D294D
S315010271403938714000013549028B7128E0001D2949
S315010271503CE8514900007128E0001D29393855499A
S3150102716001F47128E0001D293938714000013549C1
S31501027170028A7128E0001D293CE851490000712864
S31501027180E0001D293938554901F87128E0001D2909
S315010271903CE8514900007128E0001D29393855495A
S315010271A001E87128E0001D2939387140000135498D
S315010271B0028C197F8010500B0004009053EBFFFCE8
S315010271C003310004182106F0D3F1011F02317D3F7C
S315010271D00BA6197F801053EBFFFC03310004182123
S315010271E006E0D7F1011F713FE404714000005549E1
S315010271F00000713FE40451290020553F0008713F08
S31501027200E4047148E0001D4A000055490020197F37
S31501027210802053EBFFFC03310004182106F0D3F161
S31501027220011F713FE40471400000554900107C00C2
S315010272308146197F801053EBFFFC033100041821AC
S3150102724006F00080D501D3F1011F7120E1001D294D
S315010272501000031379FFFF7179FFFF8779FFFFBFE3
S31501027260197F8010500B0004009053EBFFFC033191
S315010272700004182106E800801B810908D701014F85
S31501027280013E016D015C79FDA8B31823A8007A04B9
S31501027290003001E301F401C501D679FDA90B1823DA
S315010272A0A8007A04000C01DF01CE7800001401E384
S315010272B001F47800013B1823A8017A16FFEC01E3D9
S315010272C001F41961801879FDAC98182106F0008045
S315010272D0138322CC108322CED5011BC109087CBDA2
S315010272E02B827A150024014E013F108322CD7A05A5
S315010272F0000A01E378000012780000B31823A801FE
S315010273007A16FFF201F31961801079FDAC5C18213E
S3150102731006E800801B810908D701014F013E016D74
S31501027320015C79FDA8171823A8007A14000C01DF65
S3150102733001CE7800002801E301F401C501D679FDE9
S31501027340A8671823A8007A14001401E301F478004F
S31501027350009F1823A8017A16FFD801E301F41961E7
S31501027360801879FDABFC182106F000801BC10908C3
S31501027370138322CC108322CED501013F014E7CBD5F
S315010273802B827A05000A01E37800001A108322CDC6
S315010273907A150010780000171823A8017A16FFEA59
S315010273A001F31961801079FDABC0013770EFEF80EF
S315010273B07A12002270CFE7800C677A02002E74637C
S315010273C0027F712000011823A80071400002780093
S315010273D000147463027F712000051823A80071400E
S315010273E000037C6A499E000448430004013770EF9A
S315010273F0EFF07A12002870CFE7F00C677A02003AB2
S315010274007469033F48131829A8007A06002E182426
S31501027410A800712000027800001A7469033F4853DC
S315010274201829A8007A0600141824A800712000035E
S315010274307C69199E000448430004182106D800807D
S315010274401B0109081867C77F70C8E40FDB0170DFEB
S31501027450C7FF013E014F013C0D677A01005070CF13
S31501027460E7F00D677A1100120C677A02001C1824E4
S31501027470A8007A16001401E301F401E501F679FD8B
S31501027480A08F780002FA183CA8007157E7F9710734
S31501027490E7F97144C1FB7104C1FB708AE4447D289A
S315010274A0515E7085C5187800033270C7E7DB70DF5D
S315010274B0C7FF0D677A11004070C7E61F70DFC7FF6D
S315010274C00D677A11012070AFE63770D1E00070BC0A
S315010274D0C43C70CEC59C79FDA03770A7E7F048067B
S315010274E079FDA5ED02E101F41823A8007A1502EC53
S315010274F0780000F270C7E7F2600E70DFC7FF0D6712
S315010275007A11007E70C7E7E501E370DFC7FF0D67F9
S315010275107A11003C01E501F6480D79FD9FF370A74A
S31501027520E7F0480679FDA0436215014B013A01F4E1
S3150102753001E3480679FD9FD90146013501B401A34C
S3150102754079FDA309013E014F7800009C70A7E7F07F
S315010275504806481D79FDA01370A7E7F0014B013AD1
S3150102756001F401E3480679FD9FA70146013501B4FD
S3150102757001A379FDA2D7013E014F7800006A70C8C6
S31501027580E00370CFC7FF0D677A11004201E370A7CE
S31501027590E7F84806482D79FD9FD170A7E7F8014B18
S315010275A0013A01F401E3480679FDA02570A7E7F047
S315010275B0480679FD9F5B0146013501B401A379FDB8
S315010275C0A28B013E014F7800001E01E501F670779C
S315010275D0E7F04804483D79FDA273013E014F780068
S315010275E000062C0D01E501F601E301F479FD9FE1A7
S315010275F0013801490185014679FD9FD570A7E790BA
S31501027600014B013A70B5C53A70DCE32270DBC21157
S3150102761079FD9FBD70A7E7A970C4E47670AFC34B2D
S3150102762070C1C5EB79FD9EE90146013501B401A39D
S3150102763079FD9F9D70A7E7B170D4E0D070A1C566B0
S3150102764070C7C55179FD9EC90146013501B401A331
S3150102765079FD9F7D70A7E7B770D8E54C70A8C5CDB7
S3150102766070C4C06E79FD9EA90146013501B401A31C
S3150102767079FD9F5D70A7E7C270D2E20070A9C124AD
S3150102768070D0C3FF79FD9E890146013501B401A37C
S3150102769079FD9F3D70A7E7D570CAE55570AAC55514
S315010276A070CAC50D79FD9E690146013501940183B2
S315010276B079FD9F1D70B7E7A2014970B6C44401382E
S315010276C001B401A370C5E46A70CDC42F79FD9F018F
S315010276D070A7E7AD70CAE2DE70BBC62D70DFC59A30
S315010276E079FD9E870146013501B401A379FD9EE12B
S315010276F070A7E7B370D5E77470B6C0F270D3C26DE6
S3150102770079FD9E670146013501B401A379FD9EC14A
S3150102771070A7E7BC70DFE62370AEC1C670C2C67140
S3150102772079FD9E470146013501B401A379FD9EA16A
S3150102773070A7E7C970D3E19870B3C19970DDC3C46C
S3150102774079FD9E270146013501B401A379FD9E818A
S31501027750183DACFF014601357A06002A01830194E0
S3150102776079FD9DAD0146013501F401E379FD9E6185
S315010277700146013501F401E379FD9DEF02317800FD
S31501027780005A6C3D7360E10301831F7BA578019466
S3150102779004DB79FD9D7B0146013501F401E379FDA7
S315010277A09E2F7120E1031D29A5587FA9EA14C05D08
S315010277B0C16D79FD9DB501E501F679FD9DAD0146E6
S315010277C00135C14BC03B79FD9DA1183CA800023190
S315010277D0194983807D2A491E03131961802879FD7F
S315010277E0A770182106E000801B810910D231D3410E
S315010277F0C2F1D90177FC657FC3E11FBCFC01183DCB
S31501027800A8137A15009A183DA8007A04004270AFAF
S31501027810E63770D1E00070BCC43C70CEC59C79FDE0
S315010278209CEF4805480679FDA2A71823A8007A0508
S315010278300102183FA8007A1400F67FC9FB79712765
S31501027840E7F0480E7FE0489E780000E82D4C40DCC8
S315010278507F89F8387D2AF3797A1200DC70AFE63730
S3150102786070D1E00070BCC43C70CEC59C79FD9CA170
S315010278704805480679FDA2591823A8007A0500B4DD
S31501027880183FA8007A0500107120E0107D29EE301C
S315010278907FFF4A1445CF480E78000098183DA83359
S315010278A07A050018183DA9047A06008C01460135AD
S315010278B079FD9C5D78000084713F7FFF1F9CFBED83
S315010278C07D3CE4307F89F0397A12006C70AFE6377D
S315010278D070D1E00070BCC43C70CEC59C79FD9C3170
S315010278E04805480679FDA1E91823A8007A0500444E
S315010278F0183FA8007A050032183DA8147A06000A34
S31501027900200F780000241BBDB034712000017D29AF
S31501027910E8307D29F2147D5E48107D4A5110031E1E
S315010279207D4AF850032F45CE78000008480E620FB3
S31501027930D2F1D3E1C231C3411961802079FDA62278
S31501027940182106E80080013770C7E749600770C150
S31501027950C7D8D7010D677A11000E48047800083995
S31501027960780000A070CFE77F70DFC7FF0D677A014D
S31501027970000C10631AC17800008A18818008780009
S3150102798002992E3318A3A8017A1600507A14001C04
S3150102799018A3A8027A06005A506100085081000C09
S315010279A0780007F578000042506100085081000C0A
S315010279B0780007E5013770C6E37F600770DFC7FF0E
S315010279C00D677A11003E11201ADA1829A8007A06E3
S315010279D0003248037800002C506100085081000CE7
S315010279E0481578000F73106302C679FFFFCA50610A
S315010279F000085081000C481578000F5D79FFFFB829
S31501027A00C701009021710004182106D800801B616C
S31501027A100914D231D341C2F1DB0177FC657FC3E19F
S31501027A201FBCFC01183DA8137A15009E183DA8003B
S31501027A307A04004670AFE63770D1E00070BCC43CF0
S31501027A4070CEC59C79FD9AC94805480679FDA08183
S31501027A501823A8007A050100183FA8007A0400F449
S31501027A601BE9C77F7D2AF3797137E7F0480E7FFF5D
S31501027A70489E780000E22D4C41DC7F89F8387D2A48
S31501027A80F3797A1200D670AFE63770D1E00070BC96
S31501027A90C43C70CEC59C79FD9A774805480679FDA6
S31501027AA0A02F1823A8007A0500AE183FA8007A0471
S31501027AB000107120E0107D29EE307FFF4A1445CF78
S31501027AC0480E78000092183DA8337A050018183D31
S31501027AD0A9047A0600860146013579FD9A337800B2
S31501027AE0007E713F7FFF1F7CFBED7D3BDC307F69B2
S31501027AF0F0397A12006670AFE63770D1E00070BCD9
S31501027B00C43C70CEC59C79FD9A074805480679FDA5
S31501027B109FBF1823A8007A05003E183FA8007A04E1
S31501027B20002C183DA8147A06000A200F7800001EC0
S31501027B307140043348177F9C505042C77CFE3A1469
S31501027B400DE77A000006200F017E45BE7800000887
S31501027B50480E480FD2F1D3E1C231C34119618028DF
S31501027B6079FDA3FA746A4E3F0231194A8481182AB1
S31501027B70A8167A150086182AA8007A04003C714EC6
S31501027B80E149715EC2CA106352C07140000010839E
S31501027B9052CC7A0500781829A8007A04006C1929B2
S31501027BA0C77F7077E7801829A8007110E0007D2849
S31501027BB0199E780000582D777CE756307CE81839F3
S31501027BC07A12004C710EE149711EC2CA106342C09B
S31501027BD071000000108342CC7A0500321829A800F0
S31501027BE07A0400107100E0807D0A56307D29521414
S31501027BF07D29387878000016182AA8807A06000EA0
S31501027C0010631AC0000471200000031300047800F7
S31501027C1002CA780004A8182106E000801BC10918CF
S31501027C201866C77F70E7E749D90170E1C7D8014FE6
S31501027C30013E0C767A110014712000005464000092
S31501027C4055240004780001EE70E8E01670F9C3E3EA
S31501027C500C767A1100A07127E7C970E7E7C91823E4
S31501027C60A8007121C780747E007770E1C7D07A05BA
S31501027C7000447146E73511234AC17148C4430C7E5B
S31501027C807A0200187066E7357145E6851863D144B4
S31501027C907154C30811291AC1106952C111291AC195
S31501027CA0547F0000112952C14813553F0004780040
S31501027CB002227146E73511234AC07148C4430C7E3C
S31501027CC07A0200187066E7357145E6851863D14474
S31501027CD07154C30811291AC0106952C011291AC157
S31501027CE0547F0000112952C02C03553F000478002D
S31501027CF001E270E8E34970E1C7800C767A11011C52
S31501027D00114302C47127E7007067E72270E6E7357F
S31501027D10707FC18470E8C443106A1AC810634AC0EE
S31501027D207127E7C910601ADA7121C78010801AD14A
S31501027D301823A81F11244AC811043AC8112A4AC194
S31501027D40114942C17A15002077C7006F18A384FF33
S31501027D507160E1036C251D6BA5987CAB282E0C572F
S31501027D607A0200887CC5BE7075474E3F07571827B1
S31501027D70A8087A05007670E6E73518E7D14410E4DB
S31501027D803AC810C93AC1112932C111293AC170E55D
S31501027D90E68570F4C30810E43AC811074AC110E631
S31501027DA042C174EA4E3F7CAA28501825A8197A15B1
S31501027DB0000E54FF00000261780000347105E68569
S31501027DC07144E48D1908D1A37146C132110442C826
S31501027DD0114452C8112642C110C64AC110C642C137
S31501027DE0110A32C1114942C1555F0000515F0000BB
S31501027DF0183EA800112952C1110942C1551F00049A
S31501027E007A0400D0114A02C6110802C6555F000063
S31501027E10551F0004780000BA70EFE77F70FFC7FFB5
S31501027E200C767A01001610631AC154640004546474
S31501027E30000048037800009C7108E3807CC5BE708F
S31501027E4018A5847A7CAAB8707D4A3050112052DA7C
S31501027E5011204AD1114A4AC155210008112A42C8A4
S31501027E6011404ADA114052D1112952C15541000C31
S31501027E70112942C87100000055210010108942CE15
S31501027E807A050012108A42CE7A0500104816780049
S31501027E90000C48367800000648261861800801F46D
S31501027EA048277100E1031D08A618780003DB183E76
S31501027EB0A8007A04001E513F0000112902C6553F4F
S31501027EC00000513F0004112902C6553F0004003348
S31501027ED01961802079FDA092182106E000801BC15C
S31501027EE00918D90173EFE7F07460005702400232B4
S31501027EF00136014502410CF07A02001C014E013F96
S31501027F000306013579FD96C901F501E679FD96016A
S31501027F10780001A21823A8007A150034186BC77FCE
S31501027F207D682B797A12018E7A1600247128E00077
S31501027F3071400021554913947128E0001D29110051
S31501027F4050690000508900047800016A7D4AA470D4
S31501027F50182AA8007A0600461826A8007A060014EE
S31501027F607D265C70194A84EB7D29A87079FFFFECA6
S31501027F707100000066B67A02000E6C1619088001BD
S31501027F8079FFFFF418E8B0017D4A3A1418E8B020E7
S31501027F907D273C307D29403044761CAAFC0174C6FB
S31501027FA0033F67F564B67A1200107D27FC706C16E2
S31501027FB07D29087004766C167D27FC707CAA0E70EA
S31501027FC07CE63A1449637D26087071000000480573
S31501027FD07120E02000B37C854A140C747A11000EDC
S31501027FE07CA44A1406477D084A147CC4FC706C17AB
S31501027FF06C1604477D290C707A20FFDE4A03712034
S31501028000000071600000620400B37C6B22140C75DF
S315010280107A10000E7A02003A0D637A1100347D63FA
S31501028020221401501823A8007A040010197FC38074
S31501028030181FB0007C05019406577D2922147CA3E2
S3150102804030107CA5291006360035065701057CC37A
S31501028050FC706C176C16043768147A20FFB07CE446
S3150102806033797A1200201829ACFF7A060010190812
S315010280708001712000007800000C1927C0017D27BC
S315010280804A147D050C707D290C701908C001192747
S31501028090D3801828A8007D4AA0707D29399E70EAEE
S315010280A097E05521000C7D4A2A1403145541000814
S315010280B003231961802079FD9EB07466005170AF69
S315010280C0E780023101370C567A02001A714000210B
S315010280D07128E0005549139411231AC810691AC070
S315010280E000041823A8007A15002A186AC77F700AA5
S315010280F098007A1200A07A16001A7140002171289E
S31501028100E00010631AC15549139410631AC9000499
S315010281107D29BC701829A8007A06001866877A029A
S31501028120000E6C171929800179FFFFF41929B00194
S315010281301929848174E7027F192AC0016487499645
S315010281407CE750307D290E706C177140E1004803BF
S315010281507100000000B67CC852140C767A11000E2A
S315010281607D06521406677C6352146C177D4A0C70A5
S315010281707A20FFE61827A8007A16000C186AC001B1
S315010281807C6352147D29B87068131929833F7C696F
S315010281901A1400040130182106E860007167E780AD
S315010281A018A0AF317A15001411001ADA7D695B78CD
S315010281B01828A8007A1600CA11031AC870F5E547ED
S315010281C070A6E10F70FAC74E70AEC4F610E83AC84F
S315010281D07147E70010E72AC0112322C810C83AC81E
S315010281E070A6E7D070E6E49370A1C50170FEC27C69
S315010281F010E63AC110E83AC810E72AC010C83AC8D0
S3150102820070E7E2B670E1C36110E63AC170C7E52ACA
S3150102821010E83AC870D5C2AB10E732C070C7E6990A
S3150102822010E83AC870D3C19910E83AC80D607A11BC
S315010282300018114852C811274AC1112A4AC1112BE5
S315010282404AC17800003C70C7E7480D607A01001008
S3150102825070C7E69054C100087800000A180083FF2F
S31501028260D20150610008114852C8116B1AC1110A94
S315010282701AC111474AC1114852C1112B52C10313E6
S3150102828021710004701F7E587D8000267C21016EBB
S315010282907120E10300801D29A940540101AC1D6131
S315010282A001A879FD9C3B7CF8107019E684FF7F4991
S315010282B0C02E1B6584FD014C7F691E707D290195C7
S315010282C002667F60481E027A7F69D8F87CCFD85051
S315010282D07D2918707CCA10705581015C023F7FE5C9
S315010282E04A147C8FD2147D48521448070C477A11DE
S315010282F0002C7C673214712000002A037CE5107081
S315010283007A10000C7D2A282E11204AD1186180A8E4
S3150102831020077D23292E79FFFFD648070CA77A115C
S3150102832000547CA77214189784FC6C2571400000D6
S3150102833048067C0678007A11002A1926A4FC1861DF
S3150102834080A87D292A1420067D234A141864020472
S315010283505129FFFC11234AC8114A4AC079FFFFD6A7
S315010283607CE610701921800820077D46492E79FF87
S31501028370FFAE1BA180F87F49107001A97D3D4A1409
S315010283801BC1800855210148187FA80072C7E70062
S31501028390720000007F311070195980011839A80046
S315010283A048177EBE8A147C7E882E48057D27511E7B
S315010283B0192984FF700998007A12004270E7E38056
S315010283C07CA4107011433AC870E8E380114052DA76
S315010283D0114052D110CA3AC8106332C118C5A4FC61
S315010283E010601ADA7CD532147C7D212E2005506666
S315010283F0FFFC106A1AC079FFFFBA5501015001F458
S315010284007800060B70A7E600023C10632AC879FFC2
S31501028410F75770E8E1005101015010633AC811346F
S315010284201AC112804ADA1140A2D1114952C17A0DFA
S315010284300036187FB00818B984FF6C257CBE2A1451
S31501028440508500F07C891E307E944A147D291830AD
S315010284507D292050552500F018BFB0077D332E30F7
S31501028460780000387A0E001C193984FF7D291070B4
S315010284707D3E4A14512900F07D3346707800001C76
S31501028480138AB2CC108AB2CE7CBD2B827A15001821
S3150102849072600000780000D81833A8007A15000C23
S315010284A0780000CC7260000218B980011839A80060
S315010284B0712000011A9480014803716000007CA9B1
S315010284C0291E18A584FF2A057A1200327C9D182ED0
S315010284D0182BA8007A0600141824A8007A16001888
S315010284E01884B101780000081884B0FF7C9D192E0A
S315010284F071600001203379FFFFCC7A0D0040183FED
S31501028500A8017A160022183FA8027A06003018B985
S3150102851084FF6C257CBE2A14508500F01884C03F66
S315010285207800001618B984FF6C257CBE2A14508582
S3150102853000F01884C07F548500F01833A8027A0629
S31501028540002E7067E780182BA800114352C17A16D4
S31501028550001E550101505541014C01F4780004AF4A
S315010285605141014C51010150114A1AC1108A82CE60
S315010285707A0500DA187984FF7CFD8A144805714070
S31501028580000020057C85C8500CA47A1000141885B9
S31501028590A4FC7C87202E7D4A237879FFFFE8182ADE
S315010285A0A8007A06039048171927A4FC50A101488E
S315010285B07D25482E1829A8007A06000A200779FF88
S315010285C0FFEA192180A87CB9DA147D59721418D9E7
S315010285D080017D4A10706C257D8952147C193A14EA
S315010285E0712000000C067A11005E7CE92A147C696E
S315010285F052147CE83A14197784FCC177480410E0D6
S315010286003AD17CEC492E18E180A87C671A144807F6
S315010286107C0778007A11001E1B27A4FC1A8B020420
S315010286207F23C82E20071334CAC81084CAC079FF13
S31501028630FFE27CF54A1420065487000419298004B6
S3150102864079FFFFA4010979FFFD4E03237C9F00D028
S31501028650780003BB7108E380138342CC108342CEB8
S315010286607CBD2B827A0500407147E3807CFE8A1429
S31501028670114352C82009114052DA207F114052D1CA
S31501028680110A42C8114052DA106342C17F281070A2
S3150102869010601ADA7D1E4214546700F0554800F044
S315010286A0780000107CFE8A1410601ADA546700F012
S315010286B001F47067E780481F780003537F24107026
S315010286C0191980021839ACFE044D7D5E2214480543
S315010286D07167E3807D08F95E190884FF70089800C6
S315010286E07A1200207CFD282E10E03AD110E33AC816
S315010286F010635AC87CEA292E18A584FC79FFFFDC8F
S315010287007060E10348071C63A94C7D07C8517A10C2
S31501028710004A7D081070714000007D1E4214480512
S315010287200CA57A1100240C757A11001E7CBF1070FB
S3150102873020057FBF182E7D68F82E117D5AC8114A71
S315010287405AC079FFFFDE7CE51070191E80502007A2
S315010287507D45412E79FFFFB618B2A8037A1501C2EB
S315010287607100E1031D08A9307D48C02E7D0A42141D
S315010287707D0903A60006191980021839ACFE4814B0
S315010287800195714000007D08215E7800006E19197D
S3150102879080021839ACFE481548077D48295E7800E3
S315010287A00020195E8050191980017D4A2214183958
S315010287B0A800481303257D03411E780000AC194A1F
S315010287C084FF700A98007A12001C7F251070191E08
S315010287D080501B3984FF7D05402E10E742C079FF88
S315010287E0FFE002721833A8007A160008114702C682
S315010287F0555C00007800012A190884FF7008980068
S315010288007A12001C7CA4107018FE805018A584FFF1
S315010288107CE4382E114A3AC079FFFFE07D4853784D
S315010288201833A8007A160008110A02C6551C000060
S31501028830481751010058114852C10C977A11001A72
S315010288407CE91070191E805020077D29402E114A9D
S315010288504AC079FFFFE87A160008114A02C6555C3A
S315010288600004780000BC190884FF700898007A1287
S3150102887000245065000050E5FFFC10871AC010E77E
S3150102888022C110E33AC054E50000188506FC79FFBF
S31501028890FFD848170C977CF9381E00B77A300024A6
S315010288A050AA0000510AFFFC10E82AC011083AC179
S315010288B0110542C0550A000018EA06FC79FFFFE0DD
S315010288C04817714000000C977CF9381E00B77A30C0
S315010288D0001C7F271070191E80501B3984FF7D07EB
S315010288E0402E114A42C079FFFFE81833A80050E131
S315010288F000585101005C7A06001054FC0000551C18
S3150102890000047800001810E702C6110802C654FCDA
S315010289100000551C0004114A02C6555C000851812B
S31501028920015C1A83C0071D6101A87D81012079FDC1
S3150102893095F81BFF84F801397F2A10707D5D502E50
S31501028940182AA8007A06FD6C1B3984FF1BFF84F8DE
S3150102895079FFFFE80137600718A7AF317A150012D0
S3150102896010E01ADA02311827A8007A16009C114380
S315010289701AC870E5E72E7126E2D770F9C1D37125BF
S31501028980C73410EA3AC870C6E63810E74AC170DD44
S31501028990C71B10EA3AC87127E15010E732C07121AC
S315010289A0C50110EA3AC87107E40810E74AC1711114
S315010289B0C08910EA3AC8116A1AC8112742C0182595
S315010289C0A8007107E62A7115C2AB7A060018114A88
S315010289D04AC8112A42C1112B4AC811234AC078003A
S315010289E00028112B4AC870E7E70010E43AC810E7DD
S315010289F04AC1112B42C8114A3AC8108A22C111240E
S31501028A004AC011234AC103130004746A4E3F02315C
S31501028A10182AA8007A06003A186AC77F182AA800F7
S31501028A207A06000600047069E40070E77CB01069FA
S31501028A301AC80C747121E5A27128C2607A1000C6A7
S31501028A40746A4E3F0231194A84E778000012182AE5
S31501028A50A8FF7A06000A10631AC000047D4A22148E
S31501028A60182AA8FE7A05001C714EE1491823A800AE
S31501028A70715EC2CA7D4953787A0400707800004457
S31501028A80182AA8007A0500127D4AB8707529024192
S31501028A907D434B780004182AACE87A04005470F836
S31501028AA003501869C3800C747A010024714EE1499E
S31501028AB01829A800715EC2CA7D4953787A16002C1C
S31501028AC0715EE149715EC2CA780000207141E5A278
S31501028AD01829A8007148C2607D4953787A16000C9C
S31501028AE07151E5A27148C260106A4AC80004194A66
S31501028AF08019752902417D43B8707C694B7870668D
S31501028B00E30010691AC8000400000000000000001A
S31501028B10000000000000000000000000000000004C
S31501028B200000000000000000FFFD9EE0FFFD9F2403
S31501028B30FFFD9F68FFFD9FACFFFD9FF0FFFDA03487
S31501028B40182106C000801AC1091854010044480FB1
S31501028B50300300342A00E655C0E373BEE0001BBDB4
S31501028B60D1E0C00E44D0D00EC0E3CE03C2EE660001
S31501028B70E62AC0D377D70F3D77CCF73D77CBDF3DDA
S31501028B8077D8C73D77D9AF3D52DD000077DA973DF9
S31501028B9077DB7F3D77DC673D77C04F3D1AD6D2033F
S31501028BA077DE36BD56DD000056E300085583000C1C
S31501028BB055630010D583D693D7A3D8B3D9C3DA03A5
S31501028BC0DBE3E81F77C00F3D77DCF77DD203D3C322
S31501028BD077C0E73DD40377DCCF3DD5C377C0B77DF8
S31501028BE0D60377DCA73DD7C377C08F3DD80377DCA1
S31501028BF0777DD9C377C0673D77DE4EBDDA03DBE306
S31501028C003003003C2A00E60701F31800D0000000F9
S31501028C101800D00001F3500100441AC1081800904F
S31501028C201821804000044D504335354649313130D3
S31501028C30182106D000801B010910DD01480FC0E38F
S31501028C407480063F67E0C0CEE603CCD3E802C1D307
S31501028C5067BCE20667DCE6071B80C803E604484FE9
S31501028C6078000198CE036600E611C00E73837F7FFA
S31501028C7073637FFB46C0D00EC00E46B0D00EC00E47
S31501028C801800D203740004DFD00E749CDFBF2A0CD5
S31501028C90E605C0B3C30B44C0D30BC00E65D0740046
S31501028CA004DFD00EC00E67D0E204482F780001140B
S31501028CB07480063F67E0E264C2932C005163000CA4
S31501028CC0C4B3C5A3C6837F395A1404B95163001CC0
S31501028CD01999B020C8B3C993048ACA837F5A5A1410
S31501028CE05163002C1B5AB020049B7C1AD4307C1988
S31501028CF0643004B87F3B2838188BA8201B38B02073
S31501028D007C0CCC307F4030387D8C3838E51051638D
S31501028D10002C480A532800002C08574800041B4B14
S31501028D20B02040A8468957280000E80E2C0853288F
S31501028D30000457080000CBA325FA1B5AB02040A80D
S31501028D40468957280004532800007D9ADB78530888
S31501028D500004440A449A7F5AC379E633C0A36D0BD1
S31501028D6044B0DE0AC0B3559B003C50080000C0B3B4
S31501028D70541B004050080004C0B3541B00447480C5
S31501028D80063F67F0E60BC00E6580740004DFD00E65
S31501028D90C00E6780E203636FE8142C00D00DC00E8B
S31501028DA065F0740004DFD00ECE036600E626C00E1F
S31501028DB066E0E603624FE805C00E66F0E61E623F14
S31501028DC0C00E73637FFE73437F7F73A37FFB46B03F
S31501028DD0D00EC00E46A0D00EC00E46D0D00ECE0387
S31501028DE06600E60BC00E1800D203740004DFD00E33
S31501028DF0C0E3C30E45C0D30E3003003C2A00E6078A
S31501028E0001F31800D00000001800D00001F3CD01D3
S31501028E101B01081000901821803000044D50433583
S31501028E203546453100313000182106D000801B41FC
S31501028E300918DD01480F300300342A00E623748045
S31501028E40063F6790E60BC063500600B053C600B4F6
S31501028E50538600B853A600BCE8187480063F6780A3
S31501028E60E60BC063500600A053C600A4538600A8B1
S31501028E7053A600ACE80AC063C406C5E6C6C6C7D691
S31501028E80E804C063CA06CBE6748606BF2A36E5093C
S31501028E90E6312A06E60B2A16E6162A26E61FE857C1
S31501028EA02A46E63C2A56E64FE852C2D32C0BC3C3E6
S31501028EB0490AC4E304CD04DE1BDEB02040EB777E13
S31501028EC0801FE847C5D32C0EC6C3480AC7B304CDD3
S31501028ED004BD1BBDB02040DEE83CC8D301E0C9C3D6
S31501028EE02C0ECAB3480A04CD04BD1BBDB02040DE18
S31501028EF0E830300300342A00E608CBE301C0480A11
S31501028F0023FEE4052C0EE825637FE826CBE32C0D30
S31501028F101BDEB0207FBEF430E81C300300342A0089
S31501028F20E60ECBE301D0480A23FEE10BCBE32C0D7F
S31501028F3025FE1BDEB0207FBEF430E80B637FE80C12
S31501028F40480EE80749FA73D0E000E803638FE804A4
S31501028F5046E040A0D0053003003C2A00E60701F3B3
S31501028F601800D00000001800D00001F3CD011B410A
S31501028F70081800901821803000044D5043353547BA
S31501028F804C313130182106D000801B410918DD0110
S31501028F90490E480F30C3003449402A067D66F09EC9
S31501028FA07C06009E4A8E4AC67FDE589E7C06009E3D
S31501028FB07486063F2A36E509E6312A06E60B2A16A3
S31501028FC0E6162A26E61FE8562A46E63C2A56E64EC3
S31501028FD0E851C2D32C0BC3C3490AC40304CD04D03E
S31501028FE01800B020400B7760801FE846C5D32C00DD
S31501028FF0C6C3480AC7B304CD04BD1BBDB02040D0C9
S31501029000E83BC8D3010EC9C32C00CAB3480A04CD32
S3150102901004BD1BBDB02040D0E82F300300342A0026
S31501029020E608CB03498E480A23F0E4052C00E8241E
S31501029030637FE834CB032C0C1800B0207F80043008
S31501029040E81B300300342A00E60DCB0349CE480A59
S3150102905023F0E10ACBD32C0025FD1BBDB02040D065
S31501029060E80B637FE81B4800E80749FA7010E00045
S31501029070E803638FE813C0D37CBCD030460C62DBB5
S315010290807D7EE86E7D600078D00EC00E44C0D00EA3
S31501029090C00E46C00D0C7FFFD89E3003003C2A004D
S315010290A0E60701F31800D00000001800D00001F312
S315010290B0CD011B41081800901821803000044D5043
S315010290C0433535534C313130182106C000801A819F
S315010290D0091054010044014E015D016C017B030A32
S315010290E030030034480FCE932A007739013FE20A52
S315010290F07480063F1800C8812A00E604637F78005F
S3150102910002047480063F716000084A0867807C0B7E
S31501029110C09E7F05039605807C002851E2067CE00D
S3150102912033781800C803E604481F780001D83003D3
S3150102913000342A00E603C083E803C083203851784D
S3150102914000001960C810E6051960C8092A00E2057F
S315010291507560077D2A40E204484F780001A82A0675
S31501029160E2064800540800047800019ACE0366001C
S31501029170E61DC0081800CA03E619C00872E37F7F1C
S3150102918072C37FBF71837FEF7C00B838D008C008F5
S315010291907C00B038D008C0087C006038D008C0080E
S315010291A01800D203740004DFD0087496DFBF1816C4
S315010291B0A800E60951830000500C000C7C00B3782C
S315010291C0540C000CC00865B0740004DFD008C00856
S315010291D067B0E204482F780000E87480063F678092
S315010291E0E606C0086590740004DFD0087480063F65
S315010291F067F0E60BC0086580740004DFD008C0087A
S315010292006780E203636FE85C74D7F0BF772CF0BF27
S315010292100D967480063F7EECB85E67807EAC389E02
S3150102922063307D6B289E7D99009E48097C19B84062
S31501029230E01C529B000077C0063F243C6780569D86
S315010292400000203B203DE6081BA0C81FE2051FBD0A
S3150102925003E01F7B03E07C1D63967C0061D67C00E4
S31501029260E851E6032009E8E3C00877D9063F65F02D
S31501029270740004DFD008D0DAD1CAD2BAD99ACE03A1
S315010292806600E60BC00866E0E603624FE819C0080D
S3150102929066F0E603623FE81400CE678EE633196B89
S315010292A080201AB58020557A00001960C90456BA81
S315010292B00008E628C0EA1BDE810CD0EAE823C008D2
S315010292C073837FFE73637F7F73A37FBF73C37FEF56
S315010292D046C0D008C00846B0D008C00846D0D0085B
S315010292E0C00846E0D008CE036600E60CC0081800A6
S315010292F0D203740004DFD008C0E3C30E7C00B37846
S31501029300D30E3003003C2A00E60701F31800D00011
S3150102931000001800D00001F3500100441A81081020
S3150102932000901821804000044D5043353546503196
S3150102933000313000182106D000801806ACFF1B212F
S315010293400914DD01013F015E62FC016D4800D00591
S31501029350E602C8B67486063F2256E518E9016C266E
S3150102936000871CC6000E047600B6000678000024AB
S315010293707800010078000176780001A6780001CE16
S31501029380780001F4780002EAE804630C78000340ED
S31501029390300300342A00E603C033E803C033203326
S315010293A0C0A367BA7A120328675AE66067CAE60853
S315010293B0775AF7FF775C083D213C78000312676A0A
S315010293C0E63467FAE62BC00373437FFE46A0D00359
S315010293D0C10D2A00E612C05D00BBC16D01F3C27D5B
S315010293E002D0309D002762EC0007D03E2A037A1292
S315010293F002DE62FC780002D8C00373A37F7F736327
S315010294007FBF73C37FEF46D0D003C00346B0D003FC
S31501029410C00346E0D003780002B6775AF7FF775CBD
S31501029420083D210C780002A867FAE61948807363A1
S315010294307FFED00573437F7F73A37FBF73C37FEF25
S31501029440C00346B0D003C00346A0D003C00346D032
S31501029450D003C00346E0D00378000274775AF7FFBF
S31501029460775C083D210C7800026662EC78000260A6
S31501029470300300342A00E603C033E803C033203345
S31501029480C0A367DA7A120248675AE62D67EAE6044A
S31501029490495C7800023A676AE60C67FAE607C00396
S315010294A073C37FFE46E0D003E80F492C7800022001
S315010294B0490E67FAD0E5E607C00373C37FFE46E0AD
S315010294C0D003E80262FC2B2C7A120204C00373C396
S315010294D07F7F73A37FFB46E0D003C00346D0D00350
S315010294E0780001EC62EC780001E6C10D2A007A12DD
S315010294F001DEC04D00BBC15D02D2C26D62ECC37D0D
S31501029500511D0010513D00140007D03E2A03E20509
S31501029510C10D2A007A0201B862FC780001B2C10DBE
S315010295202A007A1201AAC04D00BBC15D02D0C36DE9
S3150102953062ECC47D0007D03E2A03E205C10D2A0072
S315010295407A02018C62FC78000186C10D2A007A1228
S31501029550017EC04D00BBC15D01D72C0662EC00073E
S31501029560D03E2A03E205C10D2A007A02016262FC9B
S315010295707800015C300300342A00E204637C78003F
S31501029580014EC03351630054186380541960C802F6
S315010295907A1200DE1960C8017A1200D41960C84035
S315010295A0E603497CE865C0AFC79D501A0058C0A9B9
S315010295B00DA0E240C0AFC79D501A005CC1A90DA023
S315010295C0E239C0AFC79D501A0060C2A90DA0E232AE
S315010295D0C0AFC79D501A0064C3A90DA0E22BC0AF4C
S315010295E0C79D501A0068C4A90DA0E224C0AFC79D49
S315010295F0501A006CC5A90DA0E21DC0AFC79D501A35
S315010296000070C6A90DA0E216C0AFC79D501A00741C
S31501029610C7A90DA0E20FC0AFC79D501A0078C8A90D
S315010296200DA0E208C0AFC79D501A007CC9A90DA0C2
S31501029630E6046350D005E8034800D0051960C90263
S31501029640E60BC03F4B0AC00367207C1CD09E4B131E
S315010296507F83009EE80DC0031800CCDBD003C00354
S3150102966061E0D003C0036000D003E80262ECC03FB0
S31501029670534300F0186380F067BAE629679AE62633
S3150102968067AAE61BC00361F0D003C00361B0D00331
S31501029690C00367D0E2FEC10D2A00E619C05D00BB18
S315010296A0C16D01F3C27D02D0C34D62EC0007D03E0B
S315010296B02A03E60D62FCE80B4880D005C00361F07F
S315010296C0D003C00361B0D003E80262EC301F003C54
S315010296D02A00E60701C31800D00000001800D000D6
S315010296E001C3CD011B21081400901821803000040A
S315010296F04D5043353543533100313000FFFDD1F82A
S31501029700FFFDD1F8FFFDC928FFFDC9B4FFFDCAEC73
S31501029710FFFDD1F8FFFDCDECFFFDC7D4FFFDCF6AFA
S31501029720FFFDD1F8FFFDD1F8FFFDD1F8FFFDD1F81C
S31501029730FFFDD1F8FFFDD014FFFDCB10FFFDD1F8DF
S31501029740FFFDD1F8FFFDD1F8FFFDD1F8FFFDCB6694
S31501029750FFFDCBD4FFFDCCE6FFFDC850FFFDD1F8DE
S31501029760FFFDD0E0FFFDD1F8FFFDD0BCFFFDD1F832
S31501029770FFFDD1F8FFFDD1F8FFFDD1F8FFFDD1F8CC
S31501029780FFFDD1F8FFFDD1F8FFFDCA580000000028
S315010297903FF0000000000000000000000000000091
S315010297A0406CBB3333333333406CBB3333333333E4
S315010297B0406CBB3333333333406CBB3333333333D4
S315010297C0406CBB3333333333406CBB3333333333C4
S315010297D0406CBB3333333333406CBB3333333333B4
S315010297E0406CBB3333333333406CBB3333333333A4
S315010297F0406CBB3333333333406CBB333333333394
S31501029800406B8C4EA4A8C15540699492A305532678
S315010298104067E000000000004066620000000000B0
S31501029820406510F0D844D0144063E5559B3D07C806
S315010298304062D943958106254061E8000000000097
S3150102984040610DB71758E219406047460AA64C30E7
S31501029850405F242C3C9EECC0405DD8000000000015
S31501029860405CA66666666666405B8C4EA4A8C155D8
S31501029870405A871C432CA57A40690000000000006B
S3150102988040790000000000004082C0000000000094
S315010298904089000000000000408F400000000000E7
S315010298A04092C000000000004095E0000000000068
S315010298B04099000000000000409C200000000000CA
S315010298C0409F40000000000040A13000000000005F
S315010298D040A2C0000000000040A4500000000000A9
S315010298E040A5E0000000000040A770000000000053
S315010298F040A900000000000040AA900000000000FC
S3150102990040AC20000000000040ADB00000000000A5
S3150102991040AF40000000000040B0680000000000B7
S3150102992040B130000000000040B1F8000000000024
S3150102993040B2C0000000000040B3880000000000F1
S3150102994040B450000000000040B5180000000000BD
S31501029950406CBB3333333333406CBB333333333332
S31501029960406CBB3333333333406CBB333333333322
S31501029970406CBB3333333333406CBB333333333312
S31501029980406CBB3333333333406CBB333333333302
S31501029990406CBB3333333333406CBB3333333333F2
S315010299A0406CBB3333333333406CBB3333333333E2
S315010299B0406CAEB851EB851F406CA51EB851EB85C4
S315010299C0406C9B851EB851EC406BFA7FCB923A2ACA
S315010299D0406A552D77318FC54068DEAA64C2F838D0
S315010299E040678F93DD97F62B406662000000000008
S315010299F04065512474538EF34064591758E2196530
S31501029A004063769BA5E353F84062A70068DB8BAC03
S31501029A104061E80000000000406137B15B573EAB90
S31501029A2040609471DE69AD434035000000000000DC
S31501029A304035000000000000403500000000000033
S31501029A404035000000000000403500000000000023
S31501029A504035000000000000403500000000000013
S31501029A604035000000000000403500000000000003
S31501029A7040350000000000004035000000000000F3
S31501029A8040350000000000004035000000000000E3
S31501029A9040350000000000004034000000000000D4
S31501029AA04031800000000000402E0000000000004E
S31501029AB040290000000000004020000000000000D4
S31501029AC0000000000000000000000000000000008D
S31501029AD0408F400000000000409F4000000000004F
S31501029AE040A770000000000040AF400000000000E7
S31501029AF040B388000000000040B77000000000007B
S31501029B0040BB58000000000040BF400000000000BA
S31501029B1040C194000000000040C38800000000001C
S31501029B2040C57C000000000040C770000000000034
S31501029B3040C964000000000040CB5800000000004C
S31501029B4040CD4C000000000040CF40000000000064
S31501029B5040D09A000000000040D1940000000000AD
S31501029B6040D28E0000000000406CBB3333333333E6
S31501029B70406CBB3333333333406CBB333333333310
S31501029B80406CBB3333333333406CBB333333333300
S31501029B90406CBB3333333333406CBB3333333333F0
S31501029BA0406CBB3333333333406CBB3333333333E0
S31501029BB0406CBB3333333333406CBB3333333333D0
S31501029BC0406CBB3333333333406CAEB851EB851F34
S31501029BD0406CA51EB851EB85406C9B851EB851ECB5
S31501029BE0406C9B851EB851EC406C9B851EB851ECAE
S31501029BF0406C9B851EB851EC406C9B851EB851EC9E
S31501029C00406C7B851EB851EC406C7B851EB851ECCD
S31501029C10406C5BD70A3D70A4406C3B851EB851EC83
S31501029C20406C1B851EB851EC406B9B851EB851ECEE
S31501029C30406B5BD70A3D70A4406AFBD70A3D70A40C
S31501029C404035000000000000403500000000000021
S31501029C504035000000000000403500000000000011
S31501029C604035000000000000403500000000000001
S31501029C704033E5532617C1BE40310DB8BAC710CBE2
S31501029C80402DD80346DC5D64402A871DE69AD42C12
S31501029C904027E000000000004025B460AA64C2F833
S31501029CA04023E5532617C1BE40225D8ADAB9F55A29
S31501029CB040210DB8BAC710CB401FD54C985F06F7A5
S31501029CC0401DD7F62B6AE7D5401C16A161E4F7665B
S31501029CD0401A8710CB295E9E00000000000000009A
S31501029CE0000000000000000000000000000000006B
S31501029CF03FC999999999999A3FD999999999999A0D
S31501029D003FE33333333333333FE999999999999A37
S31501029D103FF00000000000003FF0000000000000DC
S31501029D2040418000000000004044000000000000A5
S31501029D30404500000000000040460000000000000F
S31501029D4040470000000000004048000000000000FB
S31501029D504049000000000000404B80000000000066
S31501029D60404680000000000040490000000000005B
S31501029D70404B800000000000404E00000000000041
S31501029D8040504000000000004051800000000000E9
S31501029D904052C000000000004054000000000000D4
S31501029DA000000000000000000000000000000000AA
S31501029DB040340000000000004044000000000000A2
S31501029DC040518000000000004059000000000000E0
S31501029DD040590000000000000000000000000000E1
S31501029DE04039000000000000403E00000000000073
S31501029DF04041800000000000404280000000000057
S31501029E00404400000000000040490000000000003C
S31501029E10447A0000000000004409800044BB80002F
S31501029E200000000041A00000420C00004248000070
S31501029E30429E000042C8000042F0000042FA0000C1
S31501029E404302000043020000432A00000000000012
S31501029E5041A00000420C000042480000429E000060
S31501029E6042C8000042F0000042FA0000432000000E
S31501029E7043200000432A00000000000041A0000028
S31501029E80420C000042480000429E000042C8000007
S31501029E9042F0000042FA0000432000004320000085
S31501029EA0433400000000000041A00000420C000003
S31501029EB042480000429E000042D2000042F00000E9
S31501029EC04302000043200000432000004334000007
S31501029ED00000000041A00000420C000042480000C0
S31501029EE042AA000042D2000042FA000043070000E3
S31501029EF0432000004320000043340000000000001C
S31501029F0041A00000420C00004248000042AA0000A3
S31501029F1042D2000042FA0000430C0000432A00002C
S31501029F20432A0000435200000000000041A0000045
S31501029F3041F000004248000042AA000042DC000053
S31501029F4042FA0000431100004320000043200000B2
S31501029F5043480000000000004190000041F000006B
S31501029F604248000042B4000042DC00004307000000
S31501029F70431B000043200000432000004348000029
S31501029F80000000004190000041C800004248000064
S31501029F9042BE000042DC000043070000431B0000F2
S31501029FA04320000043200000434800000000000057
S31501029FB04190000041C800004220000042C8000052
S31501029FC042DC000043070000431B0000432000005F
S31501029FD043200000434800000000000041880000C1
S31501029FE041C800004220000042DC000042E60000B7
S31501029FF043070000431B00004320000043200000EA
S3150102A00043480000000000004188000041C80000EA
S3150102A0104220000042DC000042E600004307000045
S3150102A020431B000043200000432000004348000078
S3150102A030000000004180000041A000004220000013
S3150102A04042DC000042FA000043070000431B000005
S3150102A0504320000043200000433E000000000000B0
S3150102A0604180000041A000004220000042C80000D9
S3150102A07042FA000043020000431B00004320000095
S3150102A080432000004334000000000000417000003C
S3150102A09041A000004220000042B4000042F000004C
S3150102A0A043020000431B000043200000432000003E
S3150102A0B043340000000000004170000041A000008E
S3150102A0C04220000042B4000042DC000042F00000DF
S3150102A0D043070000430E0000430E00004318000030
S3150102A0E0000000004170000041A000004220000073
S3150102A0F042A0000042B4000042C8000042DC000057
S3150102A10042F0000042F0000043050000000000009A
S3150102A1104160000041A00000422000004290000080
S3150102A12042A0000042B4000042C8000042D2000030
S3150102A13042D2000042EC0000000000004160000033
S3150102A14041A0000042180000428C00004298000023
S3150102A15042A4000042B0000042BC000042BE000020
S3150102A16042D400000000000041600000419000005E
S3150102A170420C000042820000428C00004294000020
S3150102A18042A4000042B0000042B6000042C80000EC
S3150102A190000000004160000041900000420C0000F6
S3150102A1A042820000428C00004294000042A4000058
S3150102A1B042B0000042B6000042C8000000000000A2
S3150102A1C04120000041A0000041F0000042200000B1
S3150102A1D04248000042700000428C000042A000008A
S3150102A1E042B4000042C8000040ACCCCD412CCCCDDB
S3150102A1F04181999A41ACCCCD41D800004201999A4C
S3150102A20042173333422CCCCD424266664258000095
S3150102A210426D999A4281999A428C66664297333384
S3150102A22042A2000042ACCCCD42B7999A42C26666BE
S3150102A23042CD333342D8000042E400000000000060
S3150102A2400000000000000000000000000000000005
S3150102A250000000003E99999A3ECCCCCD3F0CCCCD64
S3150102A2603F19999A000000003EE666663F0CCCCD86
S3150102A2703F3333333F4CCCCD000000003F0000009A
S3150102A2803F0F5C293F3851EC3F51EB85000000003E
S3150102A2903F07AE143F147AE13F47AE143F5C28F6FE
S3150102A2A0000000003F0CCCCD3F1EB8523F4F5C2947
S3150102A2B03F63D70A000000003F147AE13F26666633
S3150102A2C03F547AE13F6666660000000040A0000046
S3150102A2D041A0000041C8000041F00000000000005A
S3150102A2E040A00000410000004120000041A0000002
S3150102A2F042200000427000003E99999A3E99999A2D
S3150102A3004020000040200000000000004040000004
S3150102A31041C8000041F000003ECCCCCD3ECCCCCDB4
S3150102A3203F99999A3F99999A41A00000000000002D
S3150102A3304409800044D4800043FA0000458CA00001
S3150102A3400000000042C800004521D000452C200033
S3150102A350451A700045252000C1D0955BC1BCFAD7CC
S3150102A360C1A6AD32C1900503C1732A9DC149EC78DC
S3150102A370C12218C6C1023C19C0C9867DC0935C427E
S3150102A380C045B838BFBED0FDBD98EFDB3FB432231E
S3150102A390403D93C8409713E140D1AAED410BCAFB58
S3150102A3A0412F1B37415BE3EB418A003F41A300DEAC
S3150102A3B041C0907541DC0B70C2EFFC6AC2DBFE77CD
S3150102A3C0C2C80000C2B401BEC2A0036EC28BFC9217
S3150102A3D0C26FFC85C2480000C220037BC1F00DB9E1
S3150102A3E0C19FF247C11FF23D00000000411FF23D2D
S3150102A3F0419FF24741F00DB94220037B42480000DA
S3150102A400426FFC85428BFC9242A0036E42B401BEAE
S3150102A41042C8000042DBFE77C1D687B1C1BC32E435
S3150102A420C19ECEF2C18242BBC1568217C1250963C2
S3150102A430C0F4F616C0AB603BC05D1CF0BFC090C84D
S3150102A4403CCC44923FB80DBD4037859B408871D9BB
S3150102A45040B851EC40EB635E41119EF14130BD665D
S3150102A460414F0F7C4175B7414191F40641A77F5295
S3150102A47041BD0A7841D273B4C2EFFD71C2DBFC6AF7
S3150102A480C2C7FBB3C2B4036EC2A0028FC28C01BEA5
S3150102A490C27001BEC2480000C21FFE42C1EFF909E5
S3150102A4A0C19FF5C3C11FE47A3C09B429411FE47A6D
S3150102A4B0419FF5C341EFF909421FFE42424800009E
S3150102A4C0427001BE428C01BE42A0028F42B4036EAB
S3150102A4D042C8041942DBFC6A0000000A00000014AB
S3150102A4E00000000400000006FFFE1CE6FFFE132624
S3150102A4F0FFFE1642FFFE16A6FFFE16C6FFFE16E673
S3150102A500FFFE17CCFFFE1A7CFFFE1BEEFFFE29366D
S3150102A510FFFE1D44FFFE2936FFFE1E10FFFE20260A
S3150102A520FFFE21A8FFFE2200FFFE2382FFFE23DAA1
S3150102A530FFFE255CFFFE27CAFFFFCA2AFFFFCA32BA
S3150102A540FFFFCA3AFFFFCA42FFFFCA4AFFFFCA52CA
S3150102A550FFFFCA5A000000003C7A2B7F222F65E2D8
S3150102A5603C81A62633145C073C7007887AF0CBBD82
S3150102A5703C91A62633145C073FDDAC670561BB4FF0
S3150102A5803FE921FB54442D183FEF730BD281F69B11
S3150102A5903FF921FB54442D183FC90F0040490F00D2
S3150102A5A04096CB0040C90F0040FB53004116CB0039
S3150102A5B0412FED0041490F0041623100417B5300B9
S3150102A5C0418A3A004196CB0041A35C0041AFED00BE
S3150102A5D041BC7E0041C90F0041D5A00041E23100D4
S3150102A5E041EEC20041FB53004203F200420A3A0025
S3150102A5F0421083004216CB00421D140042235C0026
S3150102A6004229A500422FED0042363600423C7E0029
S3150102A6104242C70042490F00000000A2000000F9B1
S3150102A620000000830000006E0000004E000000449E
S3150102A6300000001500000029000000FC00000027B0
S3150102A64000000057000000D1000000F500000034B0
S3150102A650000000DD000000C0000000DB0000006217
S3150102A66000000095000000990000003C0000004334
S3150102A6700000009000000041000000FE00000051B1
S3150102A68000000063000000AB000000DE000000BB1A
S3150102A690000000C500000061000000B700000024B0
S3150102A6A00000006E0000003A000000420000004D6A
S3150102A6B0000000D2000000E0000000060000004990
S3150102A6C00000002E000000EA00000009000000D18F
S3150102A6D0000000920000001C000000FE0000001DA8
S3150102A6E0000000EB0000001C000000B10000002980
S3150102A6F0000000A70000003E000000E80000008202
S3150102A70000000035000000F50000002E000000BB2D
S3150102A7100000004400000084000000E90000009CE3
S3150102A7200000007000000026000000B40000005F77
S3150102A7300000007E00000041000000390000009187
S3150102A740000000D60000003900000083000000531B
S3150102A75000000039000000F40000009C00000084A3
S3150102A7600000005F0000008B000000BD000000F940
S3150102A770000000280000003B0000001F000000F856
S3150102A78000000097000000FF000000DE0000000547
S3150102A790000000980000000F000000EF0000002FEB
S3150102A7A0000000110000008B0000005A0000000AA0
S3150102A7B00000006D0000001F0000006D0000003661
S3150102A7C00000007E000000CF00000027000000CB41
S3150102A7D000000009000000B70000004F000000461B
S3150102A7E00000003F000000660000009E0000005FBE
S3150102A7F0000000EA0000002D00000075000000279D
S3150102A800000000BA000000C7000000EB000000E5EE
S3150102A810000000F10000007B0000003D000000077F
S3150102A82000000039000000F70000008A0000005213
S3150102A83000000092000000EA0000006B000000FB2D
S3150102A8400000005F000000B10000001F0000008D43
S3150102A8500000005D00000008000000560000000331
S3150102A8600000003000000046000000FC0000007BF2
S3150102A8700000006B000000AB000000F0000000CFFA
S3150102A880000000BC000000200000009A000000F455
S3150102A890000000360000001D000000A9000000E3D0
S3150102A8A000000091000000610000005E000000E669
S3150102A8B00000001B0000000800000065000000996E
S3150102A8C0000000850000005F00000014000000A0E7
S3150102A8D000000068000000400000008D000000FF3B
S3150102A8E0000000D8000000800000004D0000007347
S3150102A8F000000027000000310000000600000006EB
S3150102A9000000001500000056000000CA0000007396
S3150102A910000000A8000000C900000060000000E27B
S3150102A9200000007B000000C00000008C0000006BEC
S3150102A930FFFFDE5EFFFFDE46FFFFDE46FFFFDE7242
S3150102A9400000000400000007000000093FC90000E2
S3150102A95039F0000037DA000033A200002E8400002D
S3150102A9602B50000027C2000022D000001FC40000A5
S30D0102A9701BC60000174400009A
S3150102A978FFFE000000800000000000000000000049
S3150102A98800000000000000000000000000000000B6
S3150102A99800000000000000000000000000000000A6
S3150102A9A800400000010000000000008000000000D5
S3150102A9B8000011892312329B462457AD653674BFAE
S3150102A9C88C489DC1AF5ABED3CA6CDBE5E97EF8F75E
S3150102A9D8108101083393221A56A5472C75B7643E8E
S3150102A9E89CC98D40BFDBAE52DAEDCB64F9FFE8763E
S3150102A9F82102308B02101399672676AF443455BD6E
S3150102AA08AD4ABCC38E589FD1EB6EFAE7C87CD9F51D
S3150102AA183183200A1291031877A7662E54B5453C4D
S3150102AA28BDCBAC429ED98F50FBEFEA66D8FDC974FD
S3150102AA384204538D6116709F042015A9273236BB2D
S3150102AA48CE4CDFC5ED5EFCD7886899E1AB7ABAF3DD
S3150102AA585285430C7197601E14A1052837B3263A0D
S3150102AA68DECDCF44FDDFEC5698E98960BBFBAA72BD
S3150102AA786306728F4014519D252234AB063017B9ED
S3150102AA88EF4EFEC7CC5CDDD5A96AB8E38A789BF19D
S3150102AA987387620E5095411C35A3242A16B10738CD
S3150102AAA8FFCFEE46DCDDCD54B9EBA8629AF98B707D
S3150102AAB884089581A71AB693C22CD3A5E13EF0B7AD
S3150102AAC8084019C92B523ADB4E645FED6D767CFF5D
S3150102AAD894898500B79BA612D2ADC324F1BFE0368D
S3150102AAE818C109483BD32A5A5EE54F6C7DF76C7E3D
S3150102AAF8A50AB48386189791E32EF2A7C03CD1B56D
S3150102AB08294238CB0A501BD96F667EEF4C745DFD1C
S3150102AB18B58BA40296998710F3AFE226D0BDC1344C
S3150102AB2839C3284A1AD10B587FE76E6E5CF54D7CFC
S3150102AB38C60CD785E51EF497802891A1A33AB2B32C
S3150102AB484A445BCD695678DF0C601DE92F723EFBDC
S3150102AB58D68DC704F59FE41690A98120B3BBA2320C
S3150102AB685AC54B4C79D7685E1CE10D683FF32E7ABC
S3150102AB78E70EF687C41CD595A12AB0A3823893B1EC
S3150102AB886B467ACF485459DD2D623CEB0E701FF99C
S3150102AB98F78FE606D49DC514B1ABA02292B98330CC
S3150102ABA87BC76A4E58D5495C3DE32C6A1EF10F787C
S3150102ABB804600000046000000460000004600000F4
S3150102ABC804600000046000000460000004600000E4
S3150102ABD80800000008000000080000000800000044
S3150102ABE808000000080000000460000008000000D8
S3150102ABF804600000046000000460000004600000B4
S3150102AC0804600000046000000460000004600000A3
S3150102AC180460000004600000046000000460000093
S3150102AC280460000004600000046000000460000083
S3150102AC380460000004600000046000000460000073
S3150102AC480460000004600000046000000460000063
S3150102AC580460000004600000046000000460000053
S3150102AC680460000004600000046000000460000043
S3150102AC780460000004600000046000000460000033
S3150102AC880460000004600000046000000460000023
S3150102AC980800000008000000080000000800000083
S3150102ACA80800000008000000080000000800000073
S3150102ACB80400000004000000040000000400000073
S3150102ACC80400000004000000040000000400000063
S3150102ACD80800000008000000080000000800000043
S3150102ACE80800000008000000040000000800000037
S3150102ACF80400000004000000040000000400000033
S3150102AD080400000004000000040000000400000022
S3150102AD180400000004000000040000000400000012
S3150102AD280400000004000000040000000400000002
S3150102AD3804000000040000000400000004000000F2
S3150102AD4804000000040000000400000004000000E2
S3150102AD5804000000040000000400000004000000D2
S3150102AD6804000000040000000400000004000000C2
S3150102AD7804000000040000000400000004000000B2
S3150102AD8804000000040000000400000004000000A2
S3150102AD980800000008000000080000000800000082
S3150102ADA80800000008000000080000000800000072
S3150102ADB80400000004000000040000000400000072
S3150102ADC80400000004000000040000000400000062
S3150102ADD80800000008000000080000000800000042
S3150102ADE80800000008000000040000000800000036
S3150102ADF80400000004000000040000000400000032
S3150102AE080400000004000000040000000400000021
S3150102AE180400000004000000040000000400000011
S3150102AE280400000004000000040000000400000001
S3150102AE3804000000040000000400000004000000F1
S3150102AE4804000000040000000400000004000000E1
S3150102AE5804000000040000000400000004000000D1
S3150102AE6804000000040000000400000004000000C1
S3150102AE7804000000040000000400000004000000B1
S3150102AE8804000000040000000400000004000000A1
S3150102AE980800000008000000080000000800000081
S3150102AEA80800000008000000080000000800000071
S3150102AEB81718212246424744450000191A1B1C004D
S3150102AEC81D1E1F204B404C494A0000191A1B1C0023
S3150102AED89596970046000000000000000000000059
S3150102AEE89596974B404C494A000000000000000025
S3150102AEF856312E30000000007FFFFFFFFFFFFFFFE4
S31540000000010043C8010043C8010043C8010043C87A
S31540000010010043C8010043C8010043C8010043C86A
S31540000020010043C8010043C8010043C8010043C85A
S31540000030010043C8010043C8010043C8010043C84A
S31540000040010043C8010043C8010043C8010043C83A
S31540000050010043C8010043C8010043C8010043C82A
S31540000060010043C8010043C8010043C8010043C81A
S31540000070010043C8010043C8010043C8010043C80A
S31540000080010043C8010043C8010043C8010043C8FA
S31540000090010043C8010043C8010043C8010043C8EA
S315400000A0010043C8010043C8010043C8010043C8DA
S315400000B0010043C8010043C8010043C8010043C8CA
S315400000C0010043C8010043C8010043C8010043C8BA
S315400000D0010043C8010043C8010043C8010043C8AA
S315400000E0010043C8010043C8010043C8010043C89A
S315400000F0010043C8010043C8010043C8010043C88A
S31540000100010043C8010043C8010043C8010043C879
S31540000110010043C8010043C8010043C8010043C869
S31540000120010043C8010043C8010043C8010043C859
S31540000130010043C8010043C8010043C8010043C849
S31540000140010043C8010043C8010043C8010043C839
S31540000150010043C8010043C8010043C8010043C829
S31540000160010043C8010043C8010043C8010043C819
S31540000170010043C8010043C8010043C8010043C809
S31540000180010043C8010043C8010043C8010043C8F9
S31540000190010043C8010043C8010043C8010043C8E9
S315400001A0010043C8010043C8010043C8010043C8D9
S315400001B0010043C8010043C8010043C8010043C8C9
S315400001C0010043C8010043C8010043C8010043C8B9
S315400001D0010043C8010043C8010043C8010043C8A9
S315400001E0010043C8010043C8010043C8010043C899
S315400001F0010043C8010043C8010043C8010043C889
S31540000200010043C8010043C8010043C8010043C878
S31540000210010043C8010043C8010043C8010043C868
S31540000220010043C8010043C8010043C8010043C858
S31540000230010043C8010043C8010043C8010043C848
S31540000240010043C8010043C8010043C8010043C838
S31540000250010043C8010043C8010043C8010043C828
S31540000260010043C8010043C8010043C8010043C818
S31540000270010043C8010043C8010043C8010043C808
S31540000280010043C8010043C8010043C8010043C8F8
S31540000290010043C8010043C8010043C8010043C8E8
S315400002A0010043C8010043C8010043C8010043C8D8
S315400002B0010043C8010043C8010043C8010043C8C8
S315400002C0010043C8010043C8010043C8010043C8B8
S315400002D0010043C8010043C8010043C8010043C8A8
S315400002E0010043C8010043C8010043C8010043C898
S315400002F0010043C8010043C8010043C8010043C888
S31540000300010043C8010043C8010043C8010043C877
S31540000310010043C8010043C8010043C8010043C867
S31540000320010043C8010043C8010043C8010043C857
S31540000330010043C8010043C8010043C8010043C847
S31540000340010043C8010043C8010043C8010043C837
S31540000350010043C8010043C8010043C8010043C827
S31540000360010043C8010043C8010043C8010043C817
S31540000370010043C8010043C8010043C8010043C807
S31540000380010043C8010043C8010043C8010043C8F7
S31540000390010043C8010043C8010043C8010043C8E7
S315400003A0010043C8010043C8010043C8010043C8D7
S315400003B0010043C8010043C8010043C8010043C8C7
S315400003C0010043C8010043C8010043C8010043C8B7
S315400003D0010043C8010043C8010043C8010043C8A7
S315400003E0010043C8010043C8010043C8010043C897
S315400003F0010043C8010043C8010043C8010043C887
S31540000400010043C8010043C8010043C8010043C876
S31540000410010043C8010043C8010043C8010043C866
S31540000420010043C8010043C8010043C8010043C856
S31540000430010043C8010043C8010043C8010043C846
S31540000440010043C8010043C8010043C8010043C836
S31540000450010043C8010043C8010043C8010043C826
S31540000460010043C8010043C8010043C8010043C816
S31540000470010043C8010043C8010043C8010043C806
S31540000480010043C8010043C8010043C8010043C8F6
S31540000490010043C8010043C8010043C8010043C8E6
S315400004A0010043C8010043C8010043C8010043C8D6
S315400004B0010043C8010043C8010043C8010043C8C6
S315400004C0010043C8010043C8010043C8010043C8B6
S315400004D0010043C8010043C8010043C8010043C8A6
S315400004E0010043C8010043C8010043C8010043C896
S315400004F0010043C8010043C8010043C8010043C886
S31540000500010043C8010043C8010043C8010043C875
S31540000510010043C8010043C8010043C8010043C865
S31540000520010043C8010043C8010043C8010043C855
S31540000530010043C8010043C8010043C8010043C845
S31540000540010043C8010043C8010043C8010043C835
S31540000550010043C8010043C8010043C8010043C825
S31540000560010043C8010043C8010043C8010043C815
S31540000570010043C8010043C8010043C8010043C805
S31540000580010043C8010043C8010043C8010043C8F5
S31540000590010043C8010043C8010043C8010043C8E5
S315400005A0010043C8010043C8010043C8010043C8D5
S315400005B0010043C8010043C8010043C8010043C8C5
S315400005C0010043C8010043C8010043C8010043C8B5
S315400005D0010043C8010043C8010043C8010043C8A5
S315400005E0010043C8010043C8010043C8010043C895
S315400005F0010043C8010043C8010043C8010043C885
S31540000600010043C8010043C8010043C8010043C874
S31540000610010043C8010043C8010043C8010043C864
S31540000620010043C8010043C8010043C8010043C854
S31540000630010043C8010043C8010043C8010043C844
S31540000640010043C8010043C8010043C8010043C834
S31540000650010043C8010043C8010043C8010043C824
S31540000660010043C8010043C8010043C8010043C814
S31540000670010043C8010043C8010043C8010043C804
S31540000680010043C8010043C8010043C8010043C8F4
S31540000690010043C8010043C8010043C8010043C8E4
S315400006A0010043C8010043C8010043C8010043C8D4
S315400006B0010043C8010043C8010043C8010043C8C4
S315400006C0010043C8010043C8010043C8010043C8B4
S315400006D0010043C8010043C8010043C8010043C8A4
S315400006E0010043C8010043C8010043C8010043C894
S315400006F0010043C8010043C8010043C8010043C884
S31540000700010043C8010043C8010043C8010043C873
S31540000710010043C8010043C8010043C8010043C863
S31540000720010043C8010043C8010043C8010043C853
S31540000730010043C8010043C8010043C8010043C843
S31540000740010043C8010043C8010043C8010043C833
S31540000750010043C8010043C8010043C8010043C823
S31540000760010043C8010043C8010043C8010043C813
S31540000770010043C8010043C8010043C8010043C803
S31540000780010043C8010043C8010043C8010043C8F3
S31540000790010043C8010043C8010043C8010043C8E3
S315400007A0010043C8010043C8010043C8010043C8D3
S315400007B0010043C8010043C8010043C8010043C8C3
S315400007C0010043C8010043C8010043C8010043C8B3
S315400007D0010043C8010043C8010043C8010043C8A3
S315400007E0010043C8010043C8010043C8010043C893
S315400007F0010043C8010043C8010043C8010043C883
S31540000800010043C8010043C8010043C8010043C872
S31540000810010043C8010043C8010043C8010043C862
S31540000820010043C8010043C8010043C8010043C852
S31540000830010043C8010043C8010043C8010043C842
S31540000840010043C8010043C8010043C8010043C832
S31540000850010043C8010043C8010043C8010043C822
S31540000860010043C8010043C8010043C8010043C812
S31540000870010043C8010043C8010043C8010043C802
S31540000880010043C8010043C8010043C8010043C8F2
S31540000890010043C8010043C8010043C8010043C8E2
S315400008A0010043C8010043C8010043C8010043C8D2
S315400008B0010043C8010043C8010043C8010043C8C2
S315400008C0010043C8010043C8010043C8010043C8B2
S315400008D0010043C8010043C8010043C8010043C8A2
S315400008E0010043C8010043C8010043C8010043C892
S315400008F0010043C8010043C8010043C8010043C882
S31540000900010043C8010043C8010043C8010043C871
S31540000910010043C8010043C8010043C8010043C861
S31540000920010043C8010043C8010043C8010043C851
S31540000930010043C8010043C8010043C8010043C841
S31540000940010043C8010043C8010043C8010043C831
S31540000950010043C8010043C8010043C8010043C821
S31540000960010043C8010043C8010043C8010043C811
S31540000970010043C8010043C8010043C8010043C801
S31540000980010043C8010043C8010043C8010043C8F1
S31540000990010043C8010043C8010043C8010043C8E1
S315400009A0010043C8010043C8010043C8010043C8D1
S315400009B0010043C8010043C8010043C8010043C8C1
S315400009C0010043C8010043C8010043C8010043C8B1
S315400009D0010043C8010043C8010043C8010043C8A1
S315400009E0010043C8010043C8010043C8010043C891
S315400009F0010043C8010043C8010043C8010043C881
S31540000A00010043C8010043C8010043C8010043C870
S31540000A10010043C8010043C8010043C8010043C860
S31540000A20010043C8010043C8010043C8010043C850
S31540000A30010043C8010043C8010043C8010043C840
S31540000A40010043C8010043C8010043C8010043C830
S31540000A50010043C8010043C8010043C8010043C820
S31540000A60010043C8010043C8010043C8010043C810
S31540000A70010043C8010043C8010043C8010043C800
S31540000A80010043C8010043C8010043C8010043C8F0
S31540000A90010043C8010043C8010043C8010043C8E0
S31540000AA0010043C8010043C8010043C8010043C8D0
S31540000AB0010043C8010043C8010043C8010043C8C0
S31540000AC0010043C8010043C8010043C8010043C8B0
S31540000AD0010043C8010043C8010043C8010043C8A0
S31540000AE0010043C8010043C8010043C8010043C890
S31540000AF0010043C8010043C8010043C8010043C880
S31540000B00010043C8010043C8010043C8010043C86F
S31540000B10010043C8010043C8010043C8010043C85F
S31540000B20010043C8010043C8010043C8010043C84F
S31540000B30010043C8010043C8010043C8010043C83F
S31540000B40010043C8010043C8010043C8010043C82F
S31540000B50010043C8010043C8010043C8010043C81F
S31540000B60010043C8010043C8010043C8010043C80F
S30D40000B70010043C8010043C81F
S70501000000F9
