S02B00005665684374726C4D64656C3234303932365F32303138625F616D6B7370646C696D69742E73726563FE
S30900FA0000015A0000A1
S30900FA000401000000F7
S31501000000709FE4057080C00070780520546400106C
S31501000010707B012854640010706FE7007060C10A9C
S3150100002054640000706002017C75FBA6000170003B
S3150100003000007020000070400000706000007080B9
S31501000040000070A0000070C0000070E000007100A8
S315010000500000712000007140000071600000718095
S31501000060000071A0000071C0000071E00000720084
S315010000700000722000007240000072600000728071
S31501000080000072A0000072C0000072E00000730060
S31501000090000073200000734000007360000073804D
S315010000A0000073A0000073C0000073E000007C2113
S315010000B003A67C2FF1207C2903A67C3043A67C3144
S315010000C043A67C3243A67C3343A67C3A0BA67C3BF3
S315010000D00BA67C3A8BA67C3B8BA67C3D0BA67C3F74
S315010000E00BA67C2043A67C3E0BA67FE803A670A048
S315010000F0E00670A0C0007CA53C707CA903A670A890
S31501000100E00070A0C0001805090018A580807A20BB
S31501000110FFF870A0E00170A0C0007CA53C707CA92E
S3150100012003A670AAE08070A0C0001805090018A5F2
S3150100013080807A20FFF87120E0007120C580700967
S3150100014098007A12002C7D2903A67140E1027153B1
S31501000150C368194A84FF70A8E00070A1C37818A586
S3150100016084FF188A0001188504017A20FFF871209E
S31501000170E0007120C010700998007A12002C7D29C8
S3150100018003A67140E1027154C0E8194A84FF70A8C0
S31501000190E00070A2C0F818A584FF188A000118852E
S315010001A004017A20FFF87CC000A670C2C0007CC0A2
S315010001B0012470A000027CB3FBA670E0000471006C
S315010001C00002717FE7FF717FC7FB7D33FAA67CEAE8
S315010001D048397A1200107D6A48397D53FBA679FFAA
S315010001E0FFD47D0A48397A02FFE47CB3FAA618A542
S315010001F0D00100017C0004AC7CB3FBA670A0000218
S315010002007CB2FBA670E0000471000002717FE7FF7B
S31501000210717FC7FB7D32FAA67CEA48397A12001053
S315010002207D6A48397D52FBA679FFFF8A7D0A4839E6
S315010002307A02FFE47CB2FAA618A5D00100017C007F
S3150100024004AC7CB2FBA67120E0007125C7C0700921
S3150100025098007A1200207D2903A670A8E00070A2FA
S31501000260C10818A584FF7080E000188504017A2072
S31501000270FFFC7028E000702CC0D071A8E00071B2BC
S31501000280C0F87048E0007052C0F8180106C0780046
S30701000290376FBF
S3150100100078000000440044004400440044004400C9
S3150100101078000000440044004400440044004400B9
S3150100102078000000440044004400440044004400A9
S315010010307800000044004400440044004400440099
S31501001040780000C0440044004400440044004400C9
S315010010507800000044004400440044004400440079
S315010010607800000044004400440044004400440069
S315010010707800000044004400440044004400440059
S315010010807800000044004400440044004400440049
S315010010907800000044004400440044004400440039
S315010010A07800000044004400440044004400440029
S315010010B07800000044004400440044004400440019
S315010010C07800000044004400440044004400440009
S315010010D078000000440044004400440044004400F9
S315010010E078000000440044004400440044004400E9
S309010010F0780000007D
S31501001100182106B01881110CD231707FE4045063A6
S3150100111000207C008146C033182111140093180168
S31501001120112400051821101418011024707FE404FD
S315010011307C0006AC7C00014654630030C231188144
S31501001140100C1C2100500008182106F000801BC15C
S315010011500908D501014F013E70A8E1E04806780073
S3150100116009DB1823A8007A04001801E301F47800CA
S315010011700BB1C50100901BC1080820F1000470A83D
S31501001180E1E0480601E301F4780003DF78000B9300
S31501001190C50100901BC108081863838020F1000473
S315010011A0182106D800800211DB0118818008186910
S315010011B00618031378000DC551010014C231C3414D
S315010011C0C4517D0714707D08F07078000C1BCB01AB
S315010011D00090182180280004182106E851430000D8
S315010011E01BA1090C18AAA8017A05010A51240000BD
S315010011F018A9A8017A05010618AAA8047A160222D6
S3150100120018A9A8047A1600F618A9A8027A1601B632
S3150100121018AAA8027A1600E6C203C2D4C4E37CFD6A
S315010012200050C5F31827A8007D4700D051040010CF
S315010012307CCA391E512400141826A83F7A0500C815
S315010012400CD07A1101D001D0480E480FC173C16488
S315010012500C677A1201167D69F8107D48F11018277E
S31501001260A8007A16000C7D7F48107D5E4110182A71
S31501001270A8007A1401CA71200000D2055525000480
S315010012805545001055650014192B94FF7D0A01D4AC
S3150100129018A8AF0F7A1500E81828AF0F7A16023E84
S315010012A051250008192984FF7800000C1826AF0F74
S315010012B07A1601567D66FC707D4708707D68087058
S315010012C003147CCA3B787D0B4378192984FF18EBFC
S315010012D094FF7CCA01D418A6AF0F7A05FFD27120FC
S315010012E000035545001055650014D24555250000EB
S315010012F001531BA1080C217100041BA1080C014319
S31501001300217100041827A8007A05015218E684E025
S315010013102A077A1001AC7D1D3C30718000007140B6
S3150100132000001827A8007A14018E48167160000083
S315010013307CCA3830196B94FF7D4A01D4C1647D475C
S3150100134040387D6A48387D8863787CE753787D47E5
S3150100135000D01827A8007CE7511E69F77CE9EB78D5
S31501001360C1730C677A02FEF27D69F8147D48F114A7
S31501001370D175D2055545001055650014712000033D
S3150100138018AAAF1F552500007A050030510500083F
S315010013907D46F8701967C0017D690C707D4A0C7035
S315010013A07CC94B78190880017CE94B7855450010BA
S315010013B055250014550500081BA1080C0153217180
S315010013C0000418AAA8027A06FF2CC173512300084B
S315010013D05103000CD1755545000055250008C1740F
S315010013E0512300045505000C7CE9483851030010CF
S315010013F051430014550500105545001455250004A8
S31501001400015379FFFEF018A7ACFE7A05FEAA79FF13
S31501001410FED0710000007120000079FFFE3218A98C
S31501001420A8047A06FED0C173C1640C677A12FEC69F
S315010014307060E1021C637D1079FFFEBA196BB00082
S315010014407D4A019071200001D205552500045545BC
S3150100145000105565001479FFFE327A16FDF218E682
S3150100146084E004602A077A10008A7FDD3C307180AF
S315010014700000714000001827A8007A14006C481675
S31501001480716000007CCA383018EB94FF7CCA01D425
S315010014907CEAF83846E6034E7CCA53787CEA00D0EB
S315010014A0182AA8007D4A391E7D4AFC707D5FEB78BB
S315010014B079FFFD9C48177CEB303079FFFE7A7D0A77
S315010014C008701966B01F7D3D34307D4A58307D0C59
S315010014D034307D5DEB7879FFFE4818A9ACFE7A05BC
S315010014E0FDC279FFFE9A48177CEB303079FFFF9CED
S315010014F07FCA08701966B01F7FFD34307D4A5830A7
S315010015007FCC34307D5DEB7879FFFF6A1821069038
S31501001510008054C100545401007454A1005057E195
S31501001520006C546100581BE180385481005C1861DD
S31501001530805801F478000D2D1881802018618050A3
S3150100154078000D211881802018A1800801F379FF08
S31501001550FC8B78000AF750010074009053E1006C8F
S3150100156018218070000418210690008054C100548F
S315010015705401007454A1005057E1006C54610058A5
S315010015801BE180385481005C1861805801F47800B1
S315010015900CD3188180201861805078000CC7512126
S315010015A00024188180201929E00118A180085521FD
S315010015B0002401F379FFFC2578000A91500100749B
S315010015C0009053E1006C18218070000418210688F0
S315010015D00080546100585401007C5481005C54A180
S315010015E0005054C1005418618058188180381B81FD
S315010015F0096878000C6F1861805018818020780086
S315010016000C635121003818A9A8017A15003C5141F3
S31501001610003C51210024186180387D494A787CE9D3
S3150100162000D01829A8007D29391E7D29FC70552175
S31501001630003C78000A175001007C00901B81086865
S315010016401821807800045141002018AAA8017A15B2
S31501001650003C512100245141003C186180207D4904
S315010016604A787C8900D01829A8007D29211E7D2968
S31501001670FC7055210024780009D35001007C0090AC
S315010016801B81086818218078000418A9A8047A0625
S31501001690001818AAA8027A06FF787060E1021C6396
S315010016A07D1079FFFF9018AAA8047A06001018A9E0
S315010016B0A8027A16FFE879FFFF9C18A9A8027A16F4
S315010016C0FF5018AAA8027A16FF8C51410034512105
S315010016D000485061004C510100307CCA48167C8399
S315010016E040167CEA49D67CA341D67FC350167FE3D8
S315010016F051D67CE728147CC621147D4848167D689E
S3150100170049D60D647A1100C67A02000A0D757A115E
S3150100171000BC480C480D01740261480571000000C7
S31501001720CA717D6B48147D4A4114512100407D6B7D
S31501001730E8147D4AE1147CE93A147D25F8147D0408
S31501001740F11418C78004CF41C951D4617C852A7828
S315010017501825A8007C8500D07CA5211E18AAAF1FDC
S3150100176069F5D3517A0500961967C0012006182735
S31501001770A8007A1600187D05F8707D270C707D0487
S315010017800C707CA93B781888D3807D45F8707D4420
S315010017900C707D670C7002427CAB3B7818A4AF1FBE
S315010017A07A15FFC8D4611967C0FF18A7A8807A16F1
S315010017B0002471200003554100185561001C552174
S315010017C000081861800879FFFE6C481C480D79FFF6
S315010017D0FF481967C1011827A8007A06FFD87D04BA
S315010017E04B797A12FFD0192B90807D0A01947D0ADC
S315010017F04378192BC40079FFFFBC202718AAAF0F25
S315010018007A15FFA67D64FC707D6608707D450870BB
S3150100181001731828A8007C8A2B7802637A040008D1
S3150100182018CBD0017D24FC707D2608707D050870DB
S3150100183018E784FF18AAAF0F7C882B7802617A0516
S31501001840FFC6D43179FFFF62182106B000805461CA
S3150100185000405401005454810044DE51DF61186197
S315010018608040188180201BC10948780009F718615A
S31501001870803818818008780009EBC87118A7A8017B
S315010018807A15001C18618020780007C150010054A8
S3150100189000901BC10848182180500004C2611861DC
S315010018A0800818A6A8017A05FFE25101002419272C
S315010018B084FE5141000C1925CCFD7D0A5278554113
S315010018C000247A0200160D677A02FFBC7060E102FD
S315010018D01C637D1079FFFFB418A6A8047A1600C60A
S315010018E018A6A8027A1600DA51210028CC615141C6
S315010018F00010C6E17D2A4850CD71C7F15521002857
S315010019000D6E7A11000E7A0200240D7F7A01001EF7
S315010019107CE5FC707CEA08707CC80870192984FF94
S315010019207CA643785521002803274BD57102E00098
S315010019307120000048007160000000B50D6E7A113B
S31501001940001E7A02000A0D7F7A1100147CFF3810FE
S315010019507CDE31107D0003787D2B5B787D0AF87083
S315010019607CE3FC707CE508707D290C707CC40870F2
S315010019707D494B787D080C707C66237801577A2067
S31501001980FFBE196AC0FF02007D695B7818AAA880AC
S315010019907A16003EDC01556100341861802079FF1A
S315010019A0FEEA71400000716000007120000055419F
S315010019B00030556100345521002879FFFECA712097
S315010019C00004186180205521002079FFFEBE196AA6
S315010019D0C101182AA8007A06FFBE7CCA2B797A12A1
S315010019E0FFB6192990807D0801940300192BC400C4
S315010019F079FFFFA4182106B8008054610040540104
S31501001A00004C54810044DE51DF6118618040188129
S31501001A1080207800084F1861803818818008780086
S31501001A2008435121002018A9A8017A05002851214F
S31501001A30000818A9A8017A05001C186180201881E0
S31501001A4080087800090B5001004C0090182180484D
S31501001A5000045001004C00904813182180480004EE
S31501001A60182106B80080546100405401004C54818D
S31501001A700044DE51DF6118618040188180207800C2
S31501001A8007E31861803818818008780007D751214B
S31501001A90002018A9A8017A0500285121000818A9D3
S31501001AA0A8017A05001C1861802018818008780039
S31501001AB0089F5001004C00901821804800045001F5
S31501001AC0004C00904813182180480004182106B8DC
S31501001AD00080546100405401004C54810044DE51A1
S31501001AE0DF611861804018818020780007771861CE
S31501001AF08038188180087800076B5121002018A9C9
S31501001B00A8017A0500285121000818A9A8017A051B
S31501001B10001C186180201881800878000833500164
S31501001B20004C00901821804800045001004C0090A0
S31501001B302C03182180480004182106B8008054613E
S31501001B4000405401004C54810044DE51DF611861AC
S31501001B508040188180207800070B18618038188131
S31501001B608008780006FF5121002018A9A8017A05EE
S31501001B7000285121000818A9A8017A05001C18613E
S31501001B80802018818008780007C75001004C00901A
S31501001B901821804800045001004C00902C031821A4
S31501001BA080480004182106B80080546100405401A1
S31501001BB0004C54810044DE51DF6118618040188178
S31501001BC080207800069F1861803818818008780087
S31501001BD006935121002018A9A8017A050028512150
S31501001BE0000818A9A8017A05001C1861802018812F
S31501001BF080087800075B5001004C0090182180484E
S31501001C0000045001004C009048131821804800043C
S31501001C10182106B80080546100405401004C5481DB
S31501001C200044DE51DF611861804018818020780010
S31501001C3006331861803818818008780006275121FB
S31501001C40002018A9A8017A0500285121000818A921
S31501001C50A8017A05001C1861802018818008780087
S31501001C6006EF5001004C00901821804800045001F5
S31501001C70004C00904813182180480004182106D80A
S31501001C8000807C69FC7071400003DB01554100084E
S31501001C905521000C1823A8007A06001E71200002A7
S31501001CA05521000818618008780003A1CB01009036
S31501001CB01821802800041829A8007A0600327C69B8
S31501001CC00034194984FD1909801D700A98007A109B
S31501001CD0002C7C63503071400000D6315541001C08
S31501001CE01929B01F5521001079FFFFBC1823AB80BD
S31501001CF07A160024003379FFFFC87C6A0C7018E855
S31501001D00B01F7C6340307D4A3C30D73155410018C5
S31501001D1079FFFFD07078E1E0480479FFFF9218213E
S31501001D2006D80080D831D941DB011861802018819D
S31501001D3080087800052F5121000818A9A8027A0504
S31501001D40007A18A9A8047A1600185121001018293A
S31501001D50A8007A1400661829A81E7A05001E5121CA
S31501001D60000C62031829A8007A0600062DF3CB01A0
S31501001D700090182180280004C3311909B03C1823AA
S31501001D80A8007D2300D07C63491E192884E07C6766
S31501001D90FC70700998007C6700D07A10002A5141C6
S31501001DA000187D494C30CB0100907C694A787C69EA
S31501001DB03A14182180280004CB0100904803182109
S31501001DC0802800041948B01F512100187D29087088
S31501001DD07D2650305141001C7D4944307CC94B78E9
S31501001DE079FFFFC6182106D80080D231DB01D34125
S31501001DF0D451D6715501001C186180087800024D36
S31501001E00CB010090182180280004182106D80080F3
S31501001E10D831D941DB01186180201881800878000A
S31501001E2004435121001CC6617D2AF4706C261929D0
S31501001E30C73F7CC653781829A8007A16000665F6AE
S31501001E40C231C341C451780001E3CB01009018218E
S31501001E5080280004182106D8008071400000DB01AB
S31501001E602A035541000C7A1200447C690034710042
S31501001E70000318E9801D55010008190984FD700841
S31501001E8098007A1000427C6340305541001CD631DF
S31501001E901929B01F1861800855210010780001AD7D
S31501001EA0CB010090182180280004712000021861DE
S31501001EB080085521000878000193CB010090182174
S31501001EC0802800047C6A0C701907B01F42737D4A92
S31501001ED04430D7315541001879FFFFB855CBFFB8CB
S31501001EE055EBFFBC560BFFC0562BFFC4564BFFC824
S31501001EF0566BFFCC568BFFD056ABFFD456CBFFD8D3
S31501001F0056EBFFDC570BFFE0572BFFE4574BFFE87F
S31501001F10576BFFEC578BFFF057ABFFF457CBFFF82E
S31501001F2057EBFFFC000451CBFFB851EBFFBC520B42
S31501001F30FFC0522BFFC4524BFFC8526BFFCC528BD2
S31501001F40FFD052ABFFD452CBFFD852EBFFDC530B81
S31501001F50FFE0532BFFE4534BFFE8536BFFEC538B2E
S31501001F60FFF053ABFFF453CBFFF8500B000453EBD8
S31501001F70FFFC0090033100045143000075484E3FB9
S31501001F807D47FC707549027FD1741828A8007A062E
S31501001F9000361829A8007A160054714000037D29DD
S31501001FA0387055440000715F7F827D290870194A97
S31501001FB084FF18A9AF3F7A05FFF45544000855245C
S31501001FC0000C00041828A8FF7A16002C1908848131
S31501001FD07D293870714000031929D3405504000842
S31501001FE0554400005524000C0004712000025524BC
S31501001FF0000000041829A8007A16001E1949CA40D3
S315010020007A1200207120000155240000754A38F12A
S315010020105544000C000471200004552400000004FE
S315010020205524000079FFFFE8182106E80080D23127
S31501002030D701D341D451D56118618008780003F5E1
S31501002040C701009021710004512300005143001083
S3150100205051630014C17318A9A8017A0500BC18A917
S31501002060A8047A16009C18A9A8027A1600627D486F
S315010020705B797A12005A5123000873E99C027A109F
S3150100208000D670099BFF7A1100781968C0FF18A85D
S31501002090A8807A1600AA196B907F7D4A019418AA26
S315010020A0AF1F7A1500421D2903FF7D6844707D46E6
S315010020B0C0707D29A0707CC643786DF7754AC33F11
S315010020C001647D4A4B787D433B7800047120000012
S315010020D07140000048067D4A4B786DF701647D43E7
S315010020E03B7800047D46F8707D680C707D450C7068
S315010020F01929810402527CCB437879FFFFB0712FF5
S31501002100E7F048066DF77140000001647D4A4B789F
S315010021107D433B7800047D6944707D46C0706DF750
S315010021207CC64B78754AC37F712FE7F0194AD208EE
S3150100213001647D4A4B787D433B7800041968C101EF
S315010021401828A8007A16FF5A196B90807D4A0194C7
S3150100215079FFFF4E711F7C027D2940501829A8384E
S315010021607A15FF6C190984E0700898007A1000DC72
S315010021707D464430480348041828A8007A1400C054
S315010021807120000148057D244030192594FF7D0406
S3150100219001D401347D0A50387D2958387D494B7860
S315010021A01829A8007D4900D07D29511E7D29FC7082
S315010021B07D25337818A9C0FF18A9A8807A060030B2
S315010021C018A9C1011829A8007A06004C7C66C070BE
S315010021D07CA8447018A3AF0F746AC33F7CC64378CA
S315010021E07D2000267529D2D779FFFEEE1965907FED
S315010021F07D4401947D46C0707D69447018AAAF0F75
S315010022007CC64B78754AC33F7D2000267529D2D7F7
S3150100221079FFFEC6196590807D4401947D46C070A4
S3150100222018AAAF0F7D684470754AC33F7CC64378D0
S315010022307D2000267529D2D779FFFE9E7100000107
S315010022407D05483079FFFF467D4508701889B01F26
S315010022507D664C3042457D434C30445679FFFF1A2A
S3150100226051030000514300047507657F7D06FC702C
S315010022707509033FD1641827A8007A0600507D2707
S3150100228053797A12007C7D48C4707D2940707D4A5D
S3150100229040707D094B7870FF7C0271000003550484
S315010022A000007D48FC707D2908707D4A08707D0913
S315010022B04B7818E784FF18A9AF0F7A05FFE8D274A7
S315010022C05524001055440014000470079FFF7A122C
S315010022D0003A7D48C4701CE7FC017D2940707D4AA7
S315010022E040707D094B78D2741929D310710000030F
S315010022F055240010550400005544001400047120B3
S3150100230000025524000000047D2753797A12002E1D
S315010023101909CA087A1200307120000155240000FB
S315010023207D49C4707508416F7D4A40707D084B78C0
S31501002330554400145504001000047120000455246E
S31501002340000000045524000079FFFFD85123000046
S3150100235018A9A8017A0500765144000018AAA80117
S315010023607A05006A18A9A8047A16003218AAA804E0
S315010023707A16004C18A9A8027A16003C18AAA802D7
S315010023807A160022C173C1640C677A12004448139D
S315010023901827A8007A06001C000418AAA8047A16B1
S315010023A000585123000448131829A8007A16FFEC97
S315010023B02C03000418AAA8027A16003AC13418633D
S315010023C094FF7C63191065F3000448130004C2638B
S315010023D0C2540C567A11FFBA7A00002A186794FF84
S315010023E07C63191065F300047A02000A0D347A1130
S315010023F000344803000451240004C1337C6348506F
S315010024000004C453C464C533C5440D657A11FF8203
S315010024100D657A02000A0D437A11FF760D567A018F
S31501002420FFCA18E794FF7CE7391018E3D0010004CE
S3150100243051230000C3735103000418A9A8017A05AA
S31501002440008E18A9A8047A16007018A9A8027A168F
S3150100245000521827A8007A16004A5143000873EA69
S315010024609F827A1000A0700A987F7A11004C18E9B1
S31501002470C07F7009A8407A12007018E7803F1827BC
S31501002480A8007A140076194A807F74E9CA7F7D4ACA
S31501002490B8707D03F8707D2953787D231B7800047D
S315010024A071400000712000007D2953787D03F8708A
S315010024B07D231B780004714FE7807D03F87071203E
S315010024C000007D2953787D231B78000474E9CABF77
S315010024D0714FE7807D03F8701929D2407D29537821
S315010024E07D231B78000467877A12FF9A18E78040DC
S315010024F01827A80079FFFF8E6817194A808079FF8F
S31501002500FF8C194AB482182AA8197A15FF967CE914
S31501002510543048167CC65030240646671827A80052
S315010025207D4700D07CE7511E69F77CE74B7818E9B7
S31501002530C07F18A9A8407A06001E67877A02003074
S3150100254018A7AF3F74E9CA7F7D400026754AEA1194
S3150100255079FFFF581927803F18A9AF3F7529CA7F10
S315010025607D400026754AEA1179FFFF401927804010
S3150100257018A9AF3F7529CA7F7D400026754AEA1121
S3150100258079FFFF28182106D8D9F1011F0231D74F4B
S31501002590353F001871200000553F0008780000986B
S315010025A071200000553F000C78000064313F00188F
S315010025B07529063F7D2970707D2A4B78713FE7E7C3
S315010025C07D2952145129002C7D298C701929C001AD
S315010025D07529063F7009A8017F8000207D2000260D
S315010025E07529E0077D2801207A020018513F001C59
S315010025F019298001553F000871200015553F000C2F
S31501002600513F000C19298001553F000C513F000C28
S315010026107009A8137F8000207D2000267529E00718
S315010026207D2801207A01FF88513F00081929800180
S31501002630553F0008515F0008513F001C7F8A484002
S315010026407D2000267529E0077D2801207A10FF5498
S31501002650197F802853EBFFFC03310004182106F093
S31501002660D3F1011F715FE7E7512A000071000001F4
S315010026707509F800552A0000715FE7E7512A000045
S31501002680710000007509F042552A0000715FE7E705
S31501002690512A0000710000007509E086552A0000E4
S315010026A0713FE7E7715F7FFF35490001715FE7E73A
S315010026B0512A00007100000075097462552A000054
S315010026C0715FE7E7512A000071000001750907FEF5
S315010026D0552A0000715FE7E7512A000C71000000DE
S315010026E07509F800552A000C715FE7E7512A000CBD
S315010026F0710000077509D848552A000C715FE7E794
S31501002700512A000C710000017509B212552A000CFC
S31501002710715FE7E7512A000C710000047509642610
S31501002720552A000C715FE7E7512A000C710000047D
S315010027307509452E552A000C715FE7E7512A000CF1
S315010027407100000475092636552A000C715FE7E70A
S31501002750512A000C710000007509D14A552A000C56
S31501002760715FE7E7512A000C710000017509C98CF8
S31501002770552A000C715FE7E7512A000C7100000031
S315010027807509C1CE552A000C715FE7E7512A000C85
S31501002790710000007509839E552A000C715FE7E7F9
S315010027A0512A000C710000047509073E552A000CD8
S315010027B0715FE7E7512A000071000000750907FE05
S315010027C0552A0000197F801053EBFFFC03310004EA
S315010027D0182106F0D3F1011F713FE7E7192AD1400D
S315010027E0512A0000710000017509F800552A000000
S315010027F0713FE7E7192AD140512A00007100000014
S315010028007509F042552A0000713FE7E7192AD140C0
S31501002810512A0000710000007509E086552A000062
S31501002820713FE7E71929D140715F7FFF3549000103
S31501002830713FE7E7192AD140512A000071000000D3
S3150100284075097462552A0000713FE7E7192AD140DC
S31501002850512A000071000001750907FE552A000082
S31501002860713FE7E7192AD140512A000C7100000097
S315010028707509F800552A000C713FE7E7192AD1407E
S31501002880512A000C7100000F7509D848552A000C11
S31501002890713FE7E7192AD140512A000C7100000166
S315010028A07509B212552A000C713FE7E7192AD14082
S315010028B0512A000C7100000475096426552A000C82
S315010028C0713FE7E7192AD140512A000C7100000433
S315010028D07509452E552A000C713FE7E7192AD140A3
S315010028E0512A000C7100000475092636552A000C80
S315010028F0713FE7E7192AD140512A000C7100000007
S315010029007509D14A552A000C713FE7E7192AD140CA
S31501002910512A000C710000017509C98C552A000C59
S31501002920713FE7E7192AD140512A000C71000000D6
S315010029307509C1CE552A000C713FE7E7192AD14026
S31501002940512A000C710000007509839E552A000C5E
S31501002950713FE7E7192AD140512A000C71000003A3
S315010029607509073E552A000C713FE7E7192AD14040
S31501002970512A000071000000750907FE552A000062
S31501002980197F801053EBFFFC03310004182106D098
S315010029900080DD01DBF1011F023002420251D76FD7
S315010029A0D87F351F0018355F0019353F001A712091
S315010029B00000353F000871200000353F000878000F
S315010029C0025A313F00197529063F7009A8057F8013
S315010029D000207D400026754AE0077D4801207A11D6
S315010029E001BE7D2A10707120E1021D297D287D2AF4
S315010029F04A14514900007120E1021D297D287D2AD2
S31501002A004A147D2903A60006313F00187529063FA1
S31501002A107D2970707D2A4B78713FE7E77D29521435
S31501002A207D284B78313F00087529063F7D290870BE
S31501002A30515F001C7D2A4A14592900007529043F5B
S31501002A407121D0015528003478000154313F001816
S31501002A507529063F7D2970707D2A4B78713FE7E71E
S31501002A607D2952147D284B78313F00087529063F90
S31501002A707D290870515F001C7D2A4A1459290000DE
S31501002A807529043F7121D0025528003478000110C0
S31501002A90313F00187529063F7D2970707D2A4B78D4
S31501002AA0713FE7E77D2952147D284B78313F0008B5
S31501002AB07529063F7D290870515F001C7D2A4A143D
S31501002AC0592900007529043F7121D0045528003485
S31501002AD0780000CC313F00187529063F7D297070BA
S31501002AE07D2A4B78713FE7E77D2952147D284B7883
S31501002AF0313F00087529063F7D290870515F001C8A
S31501002B007D2A4A14592900007529043F7121D008EC
S31501002B105528003478000088313F00187529063F92
S31501002B207D2970707D2A4B78713FE7E77D29521424
S31501002B307D284B78313F00087529063F7D290870AD
S31501002B40515F001C7D2A4A14592900007529043F4A
S31501002B507121D0105528003478000044313F001807
S31501002B607529063F7D2970707D2A4B78713FE7E70D
S31501002B707D2952147D284B78313F00087529063F7F
S31501002B807D290870515F001C7D2A4A1459290000CD
S31501002B907529043F7121D02055280034313F001892
S31501002BA07529063F03134E4479FFF9DD313F0008CD
S31501002BB07529063F7D290870515F00207D2A4A1438
S31501002BC0315F0018754A063F7D4A70707D4853781B
S31501002BD0715FE7E77D4A4214514A0038754A043F5E
S31501002BE05D490000313F00187529063F7D29707047
S31501002BF07D2A4B78713FE7E77D2952147D2A4B7870
S31501002C007132E002552A002C313F00087529063F32
S31501002C1019298001353F0008313F0008752A063F12
S31501002C20313F001A7529063F7F8A48407D200026DC
S31501002C307529E0077D2801207A10FD8A197F8030E9
S31501002C40500B0004009053EBFFFC033100041821E4
S31501002C5006F0D3F1011F712060007146E281194A25
S31501002C60D00155490280712060007146E00855493E
S31501002C700284712060007140000255490AC071202A
S31501002C8060007146E281194AD001554902787120E6
S31501002C9060007146E0085549027C71206000714070
S31501002CA0000155490AC4712060007146E281194A42
S31501002CB0D002554903B8712060007146E0085549B4
S31501002CC003BC712060007140000155490AC871209A
S31501002CD060007146E281194AD00155490288712086
S31501002CE060007140E0085549028C71206000714016
S31501002CF0000155490CD4712060007146E380194AE0
S31501002D00D001554902D4712060007146E380194A09
S31501002D10D001554902D8712060007146E008554935
S31501002D2002DC712060007140000155490AE47120FE
S31501002D3060007146E380194AD001554902D07120DD
S31501002D4060007146E380194AD0015549037C712020
S31501002D5060007146E380194AD00155490318712074
S31501002D6060007146E281194AD00155490258712025
S31501002D7060007146E281194AD0015549025C712011
S31501002D8060007146E008554902607120600071409B
S31501002D90000155490AF0712060007146E281194A25
S31501002DA0D00155490254712060007146E281194AE9
S31501002DB0D001554903C8712060007146E281194A64
S31501002DC0D00155490320712060007140E008554942
S31501002DD00240712060007140000255490B2C7120A0
S31501002DE060007140E008554902447120600071405D
S31501002DF0000255490B30712060007140E0085549C9
S31501002E0002EC712060007140000455490B3C7120B1
S31501002E1060007140E008554902F071206000714080
S31501002E20000355490B40712060007140E008554987
S31501002E3003B0712060007140E008554903CC712050
S31501002E4060007140E008554902F47120600071404C
S31501002E50E00855490330712060007140E00855498A
S31501002E6004A0712060007140E008554903387120C3
S31501002E7060007140E008554902F871206000714018
S31501002E80E008554903D0712060007140E0085549BA
S31501002E9003D8712060007140E008554903B47120E0
S31501002EA060007140E008554903D47120600071400B
S31501002EB0E008554903DC712060007140E00855497E
S31501002EC00374712060007140E00855490378712050
S31501002ED060007140E008554902FC712060007140B4
S31501002EE0E00855490300712060007140E00855492A
S31501002EF00310712060007140E0085549030C7120F0
S31501002F0060007140E00855490380712060007140FE
S31501002F10E008554903EC712060007140E00855490D
S31501002F200304712060007140E3005549026C712071
S31501002F306000714000013549130B7120600071403A
S31501002F40E300554902707120600071400001354966
S31501002F50130C712060007140E200554902987120FE
S31501002F6060007140000135491316712060007140FF
S31501002F70E200554902747120600071400001354933
S31501002F80130D712060007140E2005549032871203C
S31501002F906000714000003549133A712060007140AC
S31501002FA0E20055490308712060007140000035496F
S31501002FB01332712060007140E200554902E8712028
S31501002FC06000714000003549132A7120600071408C
S31501002FD0E200554903247120600071400000354923
S31501002FE01339712060007140E2005549038C71204C
S31501002FF06000714000003549135371206000714033
S31501003000E2005549031C71206000714000003549FA
S315010030101337197F801053EBFFFC0331000418218D
S3150100302006E80080D701D5F1011FD23F780000855F
S31501003030024202317108E0001D08111855280000EE
S31501003040554800047800010B02327128E000554909
S3150100305011087800012B024202317108E0001D08B7
S3150100306011105528000055480004780001AD0232C0
S315010030707128E0005549110C780001C10242023164
S315010030807108E0001D08112055280000554800046C
S315010030907800024302327128E00055491128197F50
S315010030A08018500B0004009053EBFFFC0331000421
S315010030B0182106D00080DD01DBF1011F71200040DF
S315010030C0553F00107120000071400000553F000877
S315010030D0555F000C513F0010700998207F80002039
S315010030E07D2000267529E0077D2801207A0200202F
S315010030F07800005F0231031379FFE0A90242023131
S31501003100553F0008555F000C78000028712FE7FF36
S31501003110713FC7FF553F0018713F7FFF553F001CA8
S31501003120513F0018515F001C553F0008555F000CC8
S31501003130513F0008515F000C03130324197F8030AF
S31501003140500B0004009053EBFFFC033100041821DF
S3150100315006E0D7F1011F71200000553F0008712FCD
S31501003160E7FF713FC7FF553F0008513F00080313B2
S31501003170197F802053EBFFFC03310004182106D090
S315010031800080DD01DBF1011F71200040553F001079
S315010031907120000071400000553F0008555F000C8A
S315010031A0513F0010700998207F8000207D20002665
S315010031B07529E0077D2801207A0200207800005B4E
S315010031C00231031379FFDFDD02420231553F000868
S315010031D0555F000C78000024712FE7F0553F001869
S315010031E071200000553F001C513F0018515F001C23
S315010031F0553F0008555F000C513F0008515F000C18
S3150100320003130324197F8030500B0004009053EB05
S31501003210FFFC03310004182106E0D7F1011F712FCD
S31501003220E780553F0008513F00080313197F8020AE
S3150100323053EBFFFC03310004182106D00080DD01A9
S31501003240DBF1011F71200040553F00107120000085
S3150100325071400000553F0008555F000C513F0010BA
S31501003260700998207F8000207D2000267529E007BF
S315010032707D2801207A0200207800005B02310313C9
S3150100328079FFDF2102420231553F0008555F000CEC
S3150100329078000024713FE7F0553F001871200000C7
S315010032A0553F001C513F0018515F001C553F000857
S315010032B0555F000C513F0008515F000C03130324B6
S315010032C0197F8030500B0004009053EBFFFC033153
S315010032D00004182106E0D7F1011F713FE780553F31
S315010032E00008513F00080313197F802053EBFFFCB0
S315010032F003310004182106F0D3F1011F713FE3C029
S31501003300714107FF5D490140713FE3C07140000013
S315010033105D490142713FE3C0714000005D490144CE
S31501003320713FE3C0714000005D490146713FE3C052
S315010033305949014E194AD00F5D49014E713FE3C00B
S31501003340714000005D49014C713FE3C071400000CE
S315010033505D490150713FE3C059490148754A053F2E
S315010033605D490148713FE3C0714000005D49001CA1
S31501003370713FE3C0714000005D49006C713FE3C0DD
S31501003380714000005D4900BC713FE3C0714000001F
S315010033905D49010C713FE3C059490006194AC48FC2
S315010033A0194AD0405D490006713FE3C071440000EF
S315010033B05D490004713FE3C0714000005D4900248E
S315010033C0713FE3C0714000005D490026713FE3C0D3
S315010033D0714000005D490002713FE3C07140000089
S315010033E05D49000A713FE3C0714000005D49000C70
S315010033F0713FE3C0714000005D49000E713FE3C0BB
S31501003400714000005D490010713FE3C0714000004A
S315010034105D490012713FE3C0714000005D49002221
S31501003420713FE3C059490056194AC48F194AD04021
S315010034305D490056713FE3C0714400005D49005487
S31501003440713FE3C0714000005D490074713FE3C004
S31501003450714000005D490076713FE3C07140000094
S315010034605D490052713FE3C0714000005D49005A59
S31501003470713FE3C0714000005D49005C713FE3C0EC
S31501003480714000005D49005E713FE3C0714000007C
S315010034905D490060713FE3C0714000005D49006213
S315010034A0713FE3C0714000005D490072713FE3C0A6
S315010034B0594900A6194AC48F194AD0405D4900A648
S315010034C0713FE3C0714400005D4900A4713FE3C050
S315010034D0714000005D4900C4713FE3C071400000C6
S315010034E05D4900C6713FE3C0714000005D4900A21D
S315010034F0713FE3C0714000005D4900AA713FE3C01E
S31501003500714000005D4900AC713FE3C071400000AD
S315010035105D4900AE713FE3C0714000005D4900B0F6
S31501003520713FE3C0714000005D4900B2713FE3C0E5
S31501003530714000005D4900C2713FE3C0594900F680
S31501003540194AC48F194AD0405D4900F6713FE3C05C
S31501003550714400005D4900F4713FE3C07140000011
S315010035605D490114713FE3C0714000005D490116D8
S31501003570713FE3C0714000005D4900F2713FE3C055
S31501003580714000005D4900FA713FE3C071400000DF
S315010035905D4900FC713FE3C0714000005D4900FEDA
S315010035A0713FE3C0714000005D490100713FE3C016
S315010035B0714000005D490102713FE3C071400000A6
S315010035C05D490112713FE3C059490148194AD10FBA
S315010035D05D490148713FE3C059490148194AD00F75
S315010035E05D490148197F801053EBFFFC033100044C
S315010035F0182106D0DBF1011F0231D74FD85F353FC5
S315010036000018313F00181929C0077529063F7D2981
S315010036100C70353F0008313F00181929C001353FAC
S315010036200009711FE3C0313F00087527063F515F4E
S31501003630001C7D4953787D2910707D2952147D29FE
S315010036401470752A043F02717D2920707D27107040
S315010036507D293A147D284A145D49000A313F000943
S315010036607529063F700998007F8000207D2000267D
S315010036707529E0077D2801207A020066715FE3C0A3
S31501003680313F00087529063F7D2920707D2810707D
S315010036907D2942147D2A4A14714000005D49000CBF
S315010036A0711FE3C0313F00087527063F515F0020B7
S315010036B07D4953787D2910707D2952147D29147016
S315010036C0752A043F02717D2920707D2710707D299E
S315010036D03A147D284A145D49000E7800008A313F6C
S315010036E000097529063F700998017F8000207D2019
S315010036F000267529E0077D2801207A02006A715F9C
S31501003700E3C0313F00087529063F7D2920707D28D9
S3150100371010707D2942147D2A4A141929801071409E
S3150100372000005D490000711FE3C0313F00087527A5
S31501003730063F515F00207D4953787D2910707D2910
S3150100374052147D291470752A043F02717D29207057
S315010037507D2710707D293A147D284A141929801075
S315010037605D490002713FE3C0315F0008754A063FBB
S31501003770710000017D0A5030754A063F194AC00F93
S31501003780754A063F1947C00F59490148194AC4F0FD
S315010037907D48537802727D0A53785D490148197F45
S315010037A0803053EBFFFC03310004182106E8D5F104
S315010037B0011F0231D34F353F000871404000194ABD
S315010037C0D140512A00007100000175090FBC552A2C
S315010037D0000071404000194AD140313F0008752967
S315010037E0063F192980107D2920707D2A4A14515FD0
S315010037F0000C5549000071404000194AD140313F43
S3150100380000087529063F192980107D2920707D4AF7
S315010038104A14512A00087100000175090FBC552A86
S31501003820000871404000194AD140313F000875290E
S31501003830063F192980107D2920707D4A4A14512A94
S31501003840000871000001750907FE552A000871403C
S315010038504000194AD140512A000071000000750943
S315010038600FBC552A0000713FE4045949022A194A3E
S31501003870C4E0194AD00A5D49022A713FE4061929B2
S31501003880D1807147030155490000197F801853EB18
S31501003890FFFC03310004182106E00080D901D7F1AD
S315010038A0011F7128E0001D2913BC3129000075296B
S315010038B0063F194980017548063F7148E0001D4AD7
S315010038C013BC350A0000700998007F8000207D2016
S315010038D000267529E0077D2801207A120008780064
S315010038E0010C193F800C031378006C397128E00034
S315010038F01D2913BC312900007529063F192984FFAA
S31501003900752A063F7128E0001D2913BC35490000C0
S3150100391071200001553F0008780000B6195F800C40
S31501003920513F00087D2A4A14312900007529063FB6
S31501003930700998007F8000207D2000267529E00708
S315010039407D2801207A12007E7128E0001D4913BCF2
S31501003950513F00087D2A48AE7529063F1949800165
S315010039607547063F7148E0001D0A13BC515F000808
S315010039707CE851AE700998007F8000207D200026EA
S315010039807529E0077D2801207A1200087800005E7B
S31501003990C23F780227777128E0001D4913BC513FC9
S315010039A000087D2A48AE7529063F192984FF752826
S315010039B0063F7128E0001D4913BC513F00087D0AEE
S315010039C049AE513F000819298001553F0008513F72
S315010039D00008700998067F8000207D200026752941
S315010039E0E0077D2801207A01FF36197F8020500BE0
S315010039F00004009053EBFFFC03310004182106F08C
S31501003A000080D501D3F1011F78022A317C000146DD
S31501003A1078000F6D79FFF23B78004C217128E000A8
S31501003A201C690DB87800369F7128E0001C690EB834
S31501003A30780039657128E0001C690FB878003CA34D
S31501003A4079FFEC1D79FFED8D7800006F79FFF8A9FC
S31501003A507802275978000A0378000E0F4833708ED2
S31501003A60053079FFFD497120E1011D4991BE71289B
S31501003A70E0001D290000554903947C008146712808
S31501003A80E000312913987529063F700998007F8057
S31501003A9000207D2000267529E0077D2801207A1265
S31501003AA000147128E000714000003549139879FF30
S31501003AB0FDE979FFFFCC182106F00080D501D3F18D
S31501003AC0011F713FE3E81929D14071400081554931
S31501003AD000004400713FE3E81929D140512900084B
S31501003AE01929C1F07049A8007F8000207D20002699
S31501003AF07529E0077D2801207A02FFDC713FE3E8A2
S31501003B001929D1407140000655490024713FE3E867
S31501003B101929D1407140010455490028713FE3E854
S31501003B201929D1407140004055490030713FE3E801
S31501003B301929D1407140000055490018713FE3E849
S31501003B401929D140714100005549003078000027FC
S31501003B50713FE3E81929D1407140039055490000AE
S31501003B60197F8010500B0004009053EBFFFC0331CA
S31501003B700004182106F0D3F1011F713FE400192951
S31501003B80D1407140E300194AD02155490400713FE3
S31501003B90E400715FE400514A0000714ED777714E1F
S31501003BA0C77055490000713FE000715FE000514A5E
S31501003BB00000714ED777714EC77055490000715F8D
S31501003BC0E40A512A00007100000175092EB4552A34
S31501003BD00000713FE7F61929D1C0715F7F9435491D
S31501003BE00000713FE40A7148E0001D4A16CC5549B0
S31501003BF01000713FE40A714000015D491006713FF2
S31501003C00E40A59491004194AC5F85D491004713F7F
S31501003C10E40A715F7FF45549100C713FE40A715F44
S31501003C20E3E87148C03455491010713FE40A714008
S31501003C3000015D491016713FE40A59491004194AF9
S31501003C40C4075D491004713FE40A59491004194A31
S31501003C50C4F85D491004713FE40A715F7FF4554968
S31501003C601018713FE40A7140000155491008713F6F
S31501003C70E40A5949101E194AD0085D49101E713FC0
S31501003C80E40A5949101C754A047F5D49101C713FAD
S31501003C90E40A5949101C754A0021194AD00C5D499C
S31501003CA0101C713FE40A59491014754A047F5D4995
S31501003CB01014713FE40A59491014754A0021194A32
S31501003CC0D00C5D491014713FE40A5949101E194A76
S31501003CD0C4FB5D49101E713FE40A5949101E194A79
S31501003CE0C4FD5D49101E713FE40A5949101E194A67
S31501003CF0C4DF5D49101E713FE40A5949101E194A75
S31501003D00C4EF5D49101E713FE40A5949101E754AF8
S31501003D1004BF5D49101E713FE40A5949101E194A34
S31501003D20C47F5D49101E713FE40A5949101E194AA4
S31501003D30C4BF5D49101E713FE40A5949101E194A54
S31501003D40C4FE5D49101E713FE3E81929D140714057
S31501003D50000155490098715FE40A512A000071007B
S31501003D60000175091F38552A0000715FE40A512ABE
S31501003D700000710000017509177A552A0000715F6C
S31501003D80E40A512A00007100000075092EB4552A73
S31501003D900000197F801053EBFFFC0331000418214A
S31501003DA006D8D9F1011F0231353F0018313F0018FD
S31501003DB07529063F7009A8047F8000207D20002612
S31501003DC07529E0077D2801207A110010712000086D
S31501003DD0353F00087800000C7120000C353F0008C3
S31501003DE0713FE40A315F0008754A063F754A047F50
S31501003DF0754A043F7547047F59491014754A0021D5
S31501003E007D48537802727D0A53785D491014713FDB
S31501003E10E40A315F0008754A063F754A047F754A10
S31501003E20043F7547047F5949101C754A00217D4896
S31501003E30537802727D0A53785D49101C713FE40A7A
S31501003E407140000155491008713FE40A315F0008CD
S31501003E50754A063F7D4A00D05549100C713FE40A68
S31501003E60315F0008754A063F7D4A00D05549101852
S31501003E70713FE40A5949101E194AD0085D49101EBE
S31501003E80713FE40A5949101E194AC47F5D49101E43
S31501003E90713FE40A5949101E194AC4BF5D49101EF3
S31501003EA0713FE40A31490018194AC4E0354900183E
S31501003EB0713FE40A31490018194AC07F3549001893
S31501003EC0197F802853EBFFFC03310004182106F00B
S31501003ED0D3F1011F7128E0003129139A7529063F94
S31501003EE019298001752A063F7128E0003549139A80
S31501003EF07128E0003129139A7529063F7009A83FF8
S31501003F007F8000207D2000267529E0077D2801207D
S31501003F107A0100107128E000714000003549139ABA
S31501003F20197F801053EBFFFC03310004182106F0C2
S31501003F30D3F1011F713FE40A5129101C7D293C7000
S31501003F401929C0017529063F7009A8017F80002043
S31501003F507D2000267529E0077D2801207A020010C0
S31501003F607128E00071400000354913C37128E00053
S31501003F70312913C37529063F0313197F801053EBAB
S31501003F80FFFC03310004182106F00080D501D3F1AE
S31501003F90011F713FE3E81929D140512900087D2904
S31501003FA064701929C00F7529063F7009A8027F8020
S31501003FB000207D2000267529E0077D2801207A0250
S31501003FC0002A79FFFF6B0231700998007F8000207B
S31501003FD07D2000267529E0077D2801207A02000C44
S31501003FE07120000078000008712000010313197F79
S31501003FF08010500B0004009053EBFFFC03310004CA
S31501004000182106D80080DB01D9F1011F02300242D6
S31501004010D75F0261351F0018355F0019353F001A59
S3150100402079FFFF0D0231700998007F8000207D2005
S3150100403000267529E0077D2801207A02026271288F
S31501004040E00071400001354913C3313F00191929B8
S3150100405084FF7529063F1929C03F7528063F712837
S31501004060E0001D4916CC512A00007509542A552A2B
S3150100407000007128E0001D4916CC512A000071008C
S31501004080000175094DAC552A0000313F001A192966
S31501004090C0017528063F7128E0001D4916CC512A3A
S315010040A00000750945EE552A0000313F001819290F
S315010040B0C03F7528063F7128E0001D4916CC512ADC
S315010040C00000750906BE552A00007128E0001D2969
S315010040D016CC71400000554900047128E0001D29E5
S315010040E016CC7140000055490008313F0019752969
S315010040F0063F7009A8047F8000207D2000267529CF
S31501004100E0077D2801207A11009071200000353FDB
S3150100411000087800005C7128E0001D2916CC514981
S315010041200004313F00087529063F511F001C7D28F8
S315010041304A14312900007529063F7D284B78313F05
S3150100414000087529063F7D2918707D0948307D4A8A
S315010041504A147128E0001D2916CC55490004313F47
S3150100416000087529063F19298001353F0008313FAE
S315010041700008752A063F313F00197529063F7F8AD7
S3150100418048407D2000267529E0077D2801207A1008
S31501004190FF88780000FC71200000353F0008780098
S315010041A000CC313F00087529063F7009A8037F80BE
S315010041B000207D2000267529E0077D2801207A113F
S315010041C000507128E0001D2916CC51490004313FE9
S315010041D000087529063F511F001C7D284A14312904
S315010041E000007529063F7D284B78313F0008752967
S315010041F0063F7D2918707D0948307D4A4A14712889
S31501004200E0001D2916CC554900047800005071289C
S31501004210E0001D2916CC51490008313F00087529D7
S31501004220063F511F001C7D284A14312900007529BB
S31501004230063F7D284B78313F00087529063F19292D
S3150100424084FC7D2918707D0948307D4A4A147128FD
S31501004250E0001D2916CC55490008313F0008752993
S31501004260063F19298001353F0008313F0008752AAC
S31501004270063F313F00197529063F7F8A48407D2058
S3150100428000267529E0077D2801207A10FF18313FA5
S3150100429000197529063F031379FFFB07197F80284B
S315010042A0500B0004009053EBFFFC0331000418216E
S315010042B006E00080D901D7F1011F79FFFCCD02315B
S315010042C0700998007F8000207D2000267529E0076F
S315010042D07D2801207A0200C07128E0003129139956
S315010042E07529063F700998007F8000207D200026F1
S315010042F07529E0077D2801207A02009C7128E000DB
S315010043003129139A752A063F7128E0003129139B3A
S315010043107529063F7F8A48407D2000267529E007DA
S315010043207D2801207A1200707128E0003129139A44
S315010043307529063F7D2A4B787D4910707D2A4B7879
S315010043407D4910707D2A48507148E0001D4A13CC02
S315010043507D295214553F0008513F000831290000BC
S315010043607527063F513F0008312900027528063F8F
S31501004370513F000819498003513F00083129000BBC
S315010043807529063F017303040325031679FFFC759E
S3150100439079FFFB3D197F8020500B0004009053EB01
S315010043A0FFFC03310004182106F00080D501D3F18A
S315010043B0011F79FFFEFD197F8010500B000400904C
S315010043C053EBFFFC03310004182106F0D3F1011F62
S315010043D078000000182106E8D5F1011F0231353FAA
S315010043E0000871406000313F00087529063F7D2AAB
S315010043F04A14312915007529063F0313197F8018C0
S3150100440053EBFFFC03310004182106E8D5F1011F27
S3150100441002320241355F0008353F000971406000F4
S31501004420313F00087529063F7D2A4A14315F00098C
S3150100443035491300197F801853EBFFFC0331000443
S31501004440182106D8D9F1011FD63F513F0018553F13
S31501004450000878000000182106E00080D901D7F194
S31501004460011F71200000553F0008712000005D3FCB
S31501004470000C7120E1021D297D407148E0001C6A93
S315010044800B787D2903A60007D23F513F000870092A
S3150100449098007F8000207D2000267529E0077D2871
S315010044A001207A12000AC23F79FFFF997120E103C8
S315010044B01D298028191F80107148E0001C6A0B789D
S315010044C0485403057D2903A60007D23F513F000842
S315010044D0700998007F8000207D2000267529E0075D
S315010044E07D2801207A12000AC23F79FFFF57513F0A
S315010044F000101929C001700998007F8000207D20D5
S3150100450000267529E0077D2801207A0200427120E4
S31501004510E1031D2981847148E0001C6A0B78485427
S3150100452048157D2903A60007D23F513F00087009AF
S3150100453098007F8000207D2000267529E0077D28D0
S3150100454001207A12000AC23F79FFFEF97120E103C8
S315010045501D2981847148E0001C6A0B7848144805BE
S315010045607D2903A60007D23F513F00087009980034
S315010045707F8000207D2000267529E0077D28012007
S315010045807A12000AC23F79FFFEBB7120E1031D29A1
S3150100459081847148E0001C6A0B78482448057D290E
S315010045A003A60007D23F513F0008700998007F809B
S315010045B000207D2000267529E0077D2801207A123A
S315010045C0000AC23F79FFFE7D7120E1031D29818426
S315010045D07148E0001C6A0B78483448F57D2903A62A
S315010045E00007D23F513F0008700998007F800020E4
S315010045F07D2000267529E0077D2801207A12000A10
S31501004600C23F79FFFE3F7120E1031D298184714874
S31501004610E0001C6A0B78484448057D2903A600077B
S31501004620D23F513F0008700998007F8000207D200D
S3150100463000267529E0077D2801207A12000AC23F6B
S3150100464079FFFE01197F8020500B0004009053EB87
S31501004650FFFC03310004182106D00080DD01DBF1E7
S31501004660011FD63F0241D85F353F001C440071202F
S31501004670E1031D298534315F001C7548063F195F2A
S315010046808010C63F03040325C86F7D2903A60007D2
S31501004690D33F515F000C712010007F8A48007D20B6
S315010046A000267529E0077D2801207A12FFC4515F93
S315010046B0000C712008007F8A48007D20002675299C
S315010046C0E0077D2801207A02002C513F0010700975
S315010046D098007F8000207D2000267529E0077D282F
S315010046E001207A02001071200000553F0008780071
S315010046F0000C713F7FFF553F0008513F000803132F
S31501004700197F8030500B0004009053EBFFFC0331FE
S3150100471000041821069800805401006C1BC1096031
S31501004720011FDE3F54BF004054DF004454FF0048E0
S31501004730030E513E0000515E0004553F004C555F8B
S315010047400050349F003C7120E1021D697E30513FCB
S31501004750004C515F0050553F0058555F005C313F9A
S31501004760003C752A063F193F8058CE3F032450BFAF
S31501004770004050DF004450FF00487D284B787D699A
S3150100478003A60007D33F513F000C700998007F80B4
S3150100479000207D2000267529E0077D2801207A0268
S315010047A00018193F8010CE3F4814031579FFFEAB60
S315010047B0D23F7800000C713F7FFF553F0008513F03
S315010047C000080313197F8068500B000400901BCB6F
S315010047D008F803310004182106C80080DF01DDF165
S315010047E0011FD63F0241D85FD96FDA7F551F002CD2
S315010047F0353F001C7120E1031D2982C8315F001C71
S31501004800754A063FC63F0324C85FC96FCA7F511F59
S31501004810002C7D2903A60007D33F513F000C7009E8
S3150100482098007F8000207D2000267529E0077D28DD
S3150100483001207A020014C63F4804CB5F79FFFE1BB4
S31501004840D23F7800000C713F7FFF553F0008513F72
S3150100485000080313197F8038500B0004009053EBB6
S31501004860FFFC03310004182106F0D3F1011F713F4B
S31501004870E3F51929D1807155E3347153C0FE5549C9
S315010048800090713FE3F51929D180715F7FFF55498A
S3150100489000804400713FE3F51929D18051290000B8
S315010048A07D2934701929C0037529063F7009A803AB
S315010048B07F8000207D2000267529E0077D280120C4
S315010048C07A02FFD4713FE3F51929D1807155E3349A
S315010048D07153C0FE55490090713FE3F51929D18006
S315010048E0715F7FFF554900844400713FE3F5192943
S315010048F0D180512900007D2934701929C0037529F9
S31501004900063F7009A8037F8000207D2000267529B7
S31501004910E0077D2801207A02FFD4713FE3F51929CA
S31501004920D1807155E3347153C0FE55490090713FF2
S31501004930E3F51929D180715F7FFF5549008844004D
S31501004940713FE3F51929D180512900007D29347081
S315010049501929C0037529063F7009A8037F80002025
S315010049607D2000267529E0077D2801207A02FFD4E3
S31501004970197F801053EBFFFC03310004182106F068
S31501004980D3F1011F712058001929D180714005FF0B
S3150100499055490008712058001929D180714000FE3F
S315010049A05549008071405800194AD080512A0000AB
S315010049B0710000017509F042552A00007120580066
S315010049C01929D080715F7F803549000171405800F7
S315010049D0194AD180512A002C7100000175092EB4A3
S315010049E0552A002C71405000194AD104512A000859
S315010049F0710000017509F800552A00087140500040
S31501004A00194AD104512A00087100000075090FBC2A
S31501004A10552A000871405000194AD104512A00084C
S31501004A20710000007509F800552A00087120580028
S31501004A307140E20055490800712058007150E00F9D
S31501004A4055490810712058007150E0075549080C66
S31501004A50712058007150E005554908087120580029
S31501004A607140E1005549086071405800194AD10169
S31501004A70512A00087100000475096466552A000868
S31501004A8071405800194AD101512A000871000001EC
S31501004A907509D848552A000871405800194AD101AC
S31501004AA0512A00087100000C7509067E552A000876
S31501004AB071405800194AD101512A000871000001BC
S31501004AC07509829E552A0008712058007140E1003F
S31501004AD05549088071405800194AD101512A0028C8
S31501004AE0710000027509829E552A002871405800FE
S31501004AF0194AD101512A00287100000C7509067E58
S31501004B00552A002871405800194AD180512A002C93
S31501004B107100000175092EB4552A002C7140580008
S31501004B20194AD180512A002C71000001750936728B
S31501004B30552A002C71405800194AD180512A002C5F
S31501004B407100000175093E30552A002C714058004C
S31501004B50194AD180512A002C710000047509073EBB
S31501004B60552A002C712058001929D1807146E00080
S31501004B70714BC2F055490004712058001929D180A2
S31501004B807146E0007154C50F554900044400712077
S31501004B9058001929D180512900007D29DC70192975
S31501004BA0C0017529063F7009A8017F8000207D207C
S31501004BB000267529E0077D2801207A12FFD44400DA
S31501004BC0712058001929D180512900007D29E470EE
S31501004BD07529063F7009A8037F8000207D200026E5
S31501004BE07529E0077D2801207A02FFD8440071204B
S31501004BF058001929D180512900001929C00F75299A
S31501004C00063F7009A8047F8000207D2000267529B3
S31501004C10E0077D2801207A02FFD8197F801053EB27
S31501004C20FFFC03310004182106F00080D501D3F101
S31501004C30011F7128E0001D2917183129000975295E
S31501004C40063F1929C070700998007F8000207D20D9
S31501004C5000267529E0077D2801207A12002C71288B
S31501004C60E0001D291718312900097529063F192960
S31501004C70D001752A063F7128E0001D29171835490C
S31501004C800009780000347128E0001D291718312920
S31501004C9000097529063F1929D010752A063F712882
S31501004CA0E0001D291718354900097128E0001C6923
S31501004CB017187800218F197F8010500B000400907F
S31501004CC053EBFFFC03310004182106F0D3F1011F59
S31501004CD07128E0001D291718714000003549001898
S31501004CE07128E0001D291718714000003549001987
S31501004CF0197F801053EBFFFC03310004182106E8ED
S31501004D00D5F1011FD23F7128E0001D29171831295D
S31501004D1000187529063F7009A81F7F8000207D2095
S31501004D2000267529E0077D2801207A01000C7120F3
S31501004D300000780000807128E0001D29171831292C
S31501004D4000197529063F7D2A4B787128E0001D2937
S31501004D501718312900187529063F7D2A4A14192981
S31501004D60C01F7148E0001D4A1718192980027D29C4
S31501004D7018707D0A4A14513F00085149000451290F
S31501004D8000005528000A5548000E7128E0001D292B
S31501004D901718312900187529063F19298001752A26
S31501004DA0063F7128E0001D291718354900187120A2
S31501004DB000010313197F801853EBFFFC0331000434
S31501004DC0182106E80080D701D5F1011F0232024100
S31501004DD0D35F355F0008353F0009313F000875296B
S31501004DE0063F7148E0001D4A17187D2910707D2A7B
S31501004DF04A145149000C313F00097529063F032326
S31501004E0003147800223B0231700998007F8000204C
S31501004E107D2000267529E0077D2801207A020050B1
S31501004E20313F00087529063F315F0008754A063F84
S31501004E307108E0001D0817187D4A10707D4852144C
S31501004E40510A000C315F0009754A063F7D4852142C
S31501004E507108E0001D0817187D2910707D284A1475
S31501004E605549000C71200000780000A07800007000
S31501004E70313F00087529063F7148E0001D4A1718A1
S31501004E807D2910707D2A4A145129000C515F000CAE
S31501004E90314A0000754A063F35490000313F000896
S31501004EA07529063F7148E0001D0A17187D2A107002
S31501004EB07D485214514A000C194A80017108E000DC
S31501004EC01D0817187D2910707D284A145549000CB4
S31501004ED0513F000C19298001553F000C313F000953
S31501004EE07529063F194984FF355F00097009980045
S31501004EF07F8000207D2000267529E0077D2801207E
S31501004F007A02FF70712000010313197F8018500B7C
S31501004F100004009053EBFFFC03310004182106E85E
S31501004F20D5F1011F02320241D35F355F0008353FDB
S31501004F30000978000070313F00087529063F714865
S31501004F40E0001D4A17187D2910707D2A4A1451293F
S31501004F50000C31290000752A063F513F000C3549E6
S31501004F600000513F000C19298001553F000C313FCB
S31501004F7000087529063F7148E0001D0A17187D2AA9
S31501004F8010707D485214514A000C194A800171086B
S31501004F90E0001D0817187D2910707D284A1455490F
S31501004FA0000C313F00097529063F194984FF355F19
S31501004FB00009700998007F8000207D200026752950
S31501004FC0E0077D2801207A02FF70197F801853EBD4
S31501004FD0FFFC03310004182106D80080DB01D9F15A
S31501004FE0011F0231353F0018313F00187529063F70
S31501004FF07009A8047F8000207D2000267529E0071E
S315010050007D2801207A01000C7120000078000090B3
S31501005010313F00187529063F7009A6981D490120E0
S315010050207128E0001D2917187D2A4A14553F0008EA
S31501005030513F00081D290698553F000C78000018BD
S31501005040513F000819498001555F00087140000071
S3150100505035490000515F0008513F000C7F8A4840E6
S315010050607D2000267529E0077D2801207A10FFD4CE
S315010050707128E0001D291718312900087529063FF6
S315010050801929D002752A063F7128E0001D29171833
S315010050903549000879FFFC357120001E0313197F7D
S315010050A08028500B0004009053EBFFFC03310004F1
S315010050B0182106E8D5F1011F0137024002520261AB
S315010050C0987F351F0009355F000A5D3F000C313FAF
S315010050D000087529063F7009A8047F8000207D20FD
S315010050E000267529E0077D2801207A01000C712030
S315010050F00000780000E4313F00087529063F714839
S31501005100E0001D4A17187009A6987D2A4A141D2920
S3150100511007B0315F000A35490004593F000C752973
S31501005120043F700998007F8000207D2000267529A4
S31501005130E0077D2801207A02000C712000015D3F05
S31501005140000C313F00087529063F7148E0001D4AF1
S3150100515017187009A6987D2A4A141D2907B0595FA8
S31501005160000C5D490000313F00087529063F714872
S31501005170E0001D4A17187009A6987D2A4A141D29B0
S3150100518007B0714000015D490002313F00087529F1
S31501005190063F7148E0001D4A17187009A6987D2A36
S315010051A04A141D2907B0315F000935490005313F11
S315010051B000087529063F7148E0001D4A1718700955
S315010051C0A6987D2A4A141D2907B071400004354965
S315010051D00006712000010313197F801853EBFFFCB1
S315010051E003310004182106E8D5F1011F0231353FCC
S315010051F00008313F00087529063F7009A8047F8021
S3150100520000207D2000267529E0077D2801207A01EE
S31501005210000C7120000078000054313F0008752908
S31501005220063F7148E0001D4A17187009A6987D2AA5
S315010052304A141D2907B0714000013549000671283D
S31501005240E0001D291718312900087529063F713F0D
S31501005250D7FF713FC780752A063F7128E0001D29D7
S31501005260171835490008712000010313197F8018AA
S3150100527053EBFFFC03310004182106E0D7F1011FAF
S3150100528071200000353F000878000074313F0008A6
S315010052907529063F7148E0001D4A17187009A6983E
S315010052A07D2A4A141D2907B0312900067529063FB2
S315010052B07009A8047F8000207D2000267529E0075B
S315010052C07D2801207A020028313F00087529063F12
S315010052D07148E0001D4A17187009A6987D2A4A14DC
S315010052E01D2907B07140000135490006313F00080C
S315010052F07529063F19298001353F0008313F00080D
S315010053007529063F7009A8047F8000207D200026AC
S315010053107529E0077D2801207A01FF747128E000D4
S315010053201D291718312900087529063F713FD7FF36
S31501005330713FC780752A063F7128E0001D2917189D
S3150100534035490008197F802053EBFFFC0331000427
S31501005350182106D8D9F1011F0231353F0018313F16
S3150100536000187529063F7009A8047F8000207D205A
S3150100537000267529E0077D2801207A0100087800BA
S3150100538000CC313F00187529063F7148E0001D4ADF
S3150100539017187009A6987D2A4A141D2907B071406D
S315010053A000003549000671200000353F00087800ED
S315010053B00058313F00087529063F7148E0001D4A33
S315010053C017187009A6987D2A4A141D2907B0312994
S315010053D000067529063F1929C001700998007F80CA
S315010053E000207D2000267529E0077D2801207A12FC
S315010053F0000878000058313F00087529063F192931
S315010054008001353F0008313F00087529063F7009C4
S31501005410A8047F8000207D2000267529E0077D28CD
S3150100542001207A01FF907128E0001D291718312902
S3150100543000087529063F1929C07F752A063F71287C
S31501005440E0001D29171835490008197F802853EBFC
S31501005450FFFC03310004182106E0D7F1011F71207A
S315010054600000353F000878000038313F00087529F3
S31501005470063F7148E0001D4A17187009A6987D2A53
S315010054804A141D2907B07140000035490006313F15
S3150100549000087529063F19298001353F0008313F6B
S315010054A000087529063F7009A8047F8000207D2029
S315010054B000267529E0077D2801207A01FFB07128B1
S315010054C0E0001D291718312900087529063F1929F9
S315010054D0C07F752A063F7128E0001D291718354936
S315010054E00008197F802053EBFFFC033100041821CB
S315010054F006C80080DF01DDF1011F023002420251C0
S31501005500351F0028355F0029353F002A313F002825
S31501005510353F0020313F00297528063F313F002ADB
S315010055207529063F7D2A4B787D4918707D2A4B786F
S315010055307D4918707D2A485070E006987D4839D615
S315010055407D2952141D4901207128E0001D291718D3
S315010055507D2A4A14553F000C513F000C1929804001
S31501005560553F0010193F802019298001553F000839
S31501005570513F000819298007553F00147800012082
S31501005580513F000C51290000553F0018513F000CB6
S3150100559031290004353F001C313F001C7529063FA7
S315010055A0700998047F8000207CE0002674E7E007FC
S315010055B07CE801207A020064513F0018312900007D
S315010055C0752A063F513F000835490000513F000842
S315010055D019298001515F0018314A0001754A063FB9
S315010055E035490000513F000819298002515F001812
S315010055F0314A0002754A063F35490000513F00080D
S3150100560019298003515F0018314A0003754A063F84
S315010056103549000078000068313F001C7529063FB6
S31501005620700998027F8000207CE0002674E7E0077D
S315010056307CE801207A020034513F0018312900002C
S31501005640752A063F513F000835490000513F0008C1
S3150100565019298001515F0018314A0001754A063F38
S315010056603549000078000018513F00183129000023
S31501005670752A063F513F000835490000313F001C9D
S315010056807529063F515F00087D2A4A14553F0008D7
S31501005690513F000C19298008553F000C515F000845
S315010056A0513F00147F8A48407CE0002674E7E007FA
S315010056B07CE801207A000040515F000C513F001048
S315010056C07F8A48407CE0002674E7E0077CE80120F9
S315010056D07A000024513F000C5129000070099800FE
S315010056E07F8000207CE0002674E7E0077CE801204B
S315010056F07A02FE907128E0001D2917183129000948
S315010057007529063F1929C070700998007F8000200D
S315010057107CE0002674E7E0077CE801207A1200307D
S31501005720193F8020031379FFF5D7023170099800DC
S315010057307F8000207CE0002674E7E0077CE80120FA
S315010057407A02003A71200000780000367128E000E4
S315010057501D291718312900097529063F1929D02055
S31501005760752A063F7128E0001D29171835490009D9
S31501005770193F80200313780016CB71200001031313
S31501005780197F8038500B0004009053EBFFFC033166
S315010057900004182106D80080DB01D9F1011F02316E
S315010057A0353F00187128E0001D2917183129000816
S315010057B07529063F7D290774700998007F800020AE
S315010057C07CC0002674C6E0077CC801207A10000858
S315010057D07800022A71200000353F0009712000007F
S315010057E0353F0008780001F6313F00087529063F6C
S315010057F07148E0001D4A17187009A6987D2A4A14B7
S315010058001D2907B0312900067529063F1929C0014E
S31501005810700998007F8000207CC0002674C6E007CE
S315010058207CC801207A02000878000196313F000801
S315010058307529063F7148E0001D4A17187009A69898
S315010058407D2A4A141D2907B0312900047529063F0E
S31501005850315F0018754A063F7F8A48007CC00026E2
S3150100586074C6E0077CC801207A120008780001524C
S31501005870313F00087529063F7148E0001D0A1718D7
S3150100588070C006987D4931D67D4852141D4A07B02D
S31501005890594A0002754A043F194A84FF7548043F74
S315010058A07148E0001CEA171870C006987D4931D688
S315010058B07D4752141D4A07B05D0A00027148E00097
S315010058C01D4A17187009A6987D2A4A141D2907B082
S315010058D0592900027529043F700998007F8000202C
S315010058E07CC0002674C6E0077CC801207A12000835
S315010058F0780000CE313F00087529063F315F000868
S31501005900754A063F7108E0001D081718700AA69827
S315010059107D4852141D4A07B0594A0000754A043F92
S315010059207108E0001D0817187009A6987D284A1409
S315010059301D2907B05D49000271200000353F000AAC
S315010059407800003E315F0009313F000A7D2A4A1482
S315010059507528063F313F0008752A063F313F000A88
S315010059607529063F03030324031579FFFB85313FA0
S31501005970000A7529063F19298001353F000A313F82
S3150100598000087529063F7148E0001D4A171870097D
S31501005990A6987D2A4A141D2907B0312900057529C3
S315010059A0063F315F000A754A063F7F8A48407CC040
S315010059B0002674C6E0077CC801207A01FF8A313FC0
S315010059C000091929801E353F0009313F0008752954
S315010059D0063F19298001353F0008313F0008752926
S315010059E0063F7009A8047F8000207CC0002674C68B
S315010059F0E0077CC801207A01FDF2197F8028500B4F
S31501005A000004009053EBFFFC03310004182106F05B
S31501005A100080D5011BC10908011F7128E0001D295D
S31501005A201718312900097529063F1929C008700977
S31501005A3098007F8000207D2000267529E0077D28BB
S31501005A4001207A1200347128E0001D291718312926
S31501005A5000097529063F1929C4F7752A063F7128D9
S31501005A60E0001D291718354900097128E0001C6955
S31501005A70112C78000175780015057128E0001D29A3
S31501005A8017185129221C700998007F8000207D205B
S31501005A9000267529E0077D2801207A120134712834
S31501005AA0E0001D2917185129221C7009A8FF7F80C3
S31501005AB000207D2000267529E0077D2801207A1126
S31501005AC000287128E0001D2917185129221C753E4E
S31501005AD0063F7128E0001D2917187140000055493D
S31501005AE0221C78000022480E7128E0001D29171893
S31501005AF05129221C194984007128E0001D29171813
S31501005B005549221C7128E0001D49171C7128E00027
S31501005B101D291718312900057528063F7128E0004F
S31501005B201D2917185129001418C9800170E8E000D1
S31501005B301CE71718D567312900007529063F7D092D
S31501005B404A787529063F03177128E0001D090BB82D
S31501005B507CE908707D284A14592900007528043FFC
S31501005B607128E0001D291718312900047529063FFF
S31501005B707529043F7D094A787529043F5D2A00008D
S31501005B80193E84FF753E063F2A0E7F8000207D2048
S31501005B9000267529E0077D2801207A02FF6A71280F
S31501005BA0E0001D2917185129221C700998007F80D1
S31501005BB000207D2000267529E0077D2801207A1224
S31501005BC0000C712000017800000C79FFF05D712056
S31501005BD000000313197F8010500B000400901BCBAB
S31501005BE008F803310004182106C80080DF011BC133
S31501005BF00930011FDA3F513F00283129000075297C
S31501005C00063F7009A8017F8000207D2000267529A6
S31501005C10E0077D2801207A120028513F002831290A
S31501005C2000007529063F7009A8057F8000207D20A8
S31501005C3000267529E0077D2801207A0201E8513FF7
S31501005C40002819298002592900007529043F700985
S31501005C5098007F8000207D2000267529E0077D2899
S31501005C6001207A12002C513F002819298002592956
S31501005C7000007529043F700998007F8000207D206F
S31501005C8000267529E0077D2801207A02011C513F73
S31501005C900028312900007529063F7009A8017F8077
S31501005CA000207D2000267529E0077D2801207A0243
S31501005CB0008C7128E0001D29171831290008752963
S31501005CC0063F1929C010700998007F8000207D20A9
S31501005CD000267529E0077D2801207A02001879FF40
S31501005CE0F7797128E0001D29171871400000354920
S31501005CF000097128E0001D291718312900087529A6
S31501005D00063F1929D020752A063F7128E0001D2972
S31501005D101718354900087128E0001D29171831297F
S31501005D2000087529063F1929C4EF752A063F71280F
S31501005D30E0001D291718354900087128E0001D29C2
S31501005D401718715F7FFF354900007128E0001D2992
S31501005D5017187140000035490001513F00283129CB
S31501005D600001752A063F7128E0001D2917183549DB
S31501005D7000027128E0001D291718715F7FFE354961
S31501005D8000037128E0001D29171C714000005D49C0
S31501005D9000007128E0001D29171E714000005D49B1
S31501005DA0000078000B6C7128E0001D2917183129B5
S31501005DB000087529063F1929C020700998007F80BF
S31501005DC000207D2000267529E0077D2801207A1212
S31501005DD000507128E0001D2917183129000875297E
S31501005DE0063F1929C4DF752A063F7128E0001D29DF
S31501005DF01718354900087128E0001D29171831299F
S31501005E0000087529063F1929D010752A063F712801
S31501005E10E0001D2917183549000878000AF87800AE
S31501005E200AF47128E0001D2917183129000875297F
S31501005E30063F1929C020700998007F8000207D2027
S31501005E4000267529E0077D2801207A120AC07128EB
S31501005E50E0001D291718715F7FFF35490000712881
S31501005E60E0001D2917187140000035490001513F16
S31501005E70002831290001752A063F7128E0001D29F5
S31501005E80171835490002513F0028312900007529AC
S31501005E90063F7009A8237F8000207D400026754AB1
S31501005EA0E0077D4801207A110A4E7D2A1070712083
S31501005EB0E1031D2988FC7D2A4A14514900007120FD
S31501005EC0E1031D2988FC7D2A4A147D2903A60006C3
S31501005ED07128E0001D291718312900087529063F88
S31501005EE01929C4DF752A063F7128E0001D291718F4
S31501005EF035490008513F002819298002312900003F
S31501005F007529063F700998007F8000207D200026B4
S31501005F107529E0077D2801207A02002C7128E0000E
S31501005F201D291718312900087529063F1929D0108E
S31501005F30752A063F7128E0001D2917183549000802
S31501005F40780009C679FFF513780009BE71200000B3
S31501005F50353F000878000014313F00087529063FD7
S31501005F6019298001353F0008313F00087529063F90
S31501005F707148E0001D4A10F87D2A48AE7529063F92
S31501005F80700998007F8000207D2000267529E00792
S31501005F907D2801207A02FFC47128E0001D29171807
S31501005FA0315F0008354900037128E0001D291718E3
S31501005FB071400000354900047128E0001D291718B9
S31501005FC071400001354900057128E0001D291718A7
S31501005FD071400000354900067128E0001D29171897
S31501005FE0312900057529063F1929D002752A063F70
S31501005FF07128E0001D291718354900057128E000B0
S315010060001D291718715F7F97354900077128E00030
S315010060101D2917187148E0001D4A10F85549000C52
S31501006020780008E6513F002819298002312900002D
S315010060307529063F7009A8017F8000207D20002672
S315010060407529E0077D2801207A110054513F002867
S3150100605019298002312900007529063F031E513F87
S3150100606000281929800331290000752A063F513F6E
S3150100607000281929800451290000032303147800FC
S315010060800F9D02307128E0001D4917187FC9107055
S315010060907D2A4A145509000C7800086E7128E00023
S315010060A01D29171871400032354900017800085A38
S315010060B0513F00281929800231290000752A063F1F
S315010060C0513F00281929800348030324031579FF4A
S315010060D0ECF30231353F0018313F00187529063FB0
S315010060E0700998027F8000207D2000267529E0072F
S315010060F07D2801207A0200087800081A313F00182D
S315010061007529063F700998007F8000207D200026B2
S315010061107529E0077D2801207A120024313F0018F5
S315010061207529063F700998037F8000207D2000268F
S315010061307529E0077D2801207A0200187128E00000
S315010061401D2917187140003335490001780007BA37
S31501006150780007B6513F0028192980024803486490
S31501006160031579FFEC5F0231353F0019313F001904
S315010061707529063F700998027F8000207D20002640
S315010061807529E0077D2801207A0200087800078634
S31501006190313F00197529063F700998007F8000205C
S315010061A07D2000267529E0077D2801207A1200242A
S315010061B0313F00197529063F700998037F80002039
S315010061C07D2000267529E0077D2801207A02001826
S315010061D07128E0001D291718714000333549000167
S315010061E07800072678000722513F002819298002E6
S315010061F0312900007529063F480303147128E00080
S315010062001CA9171B79FFED19780006FE513F0028DE
S315010062101929800331290000752A063F513F0028BC
S3150100622019298004512900000323031478000DEF76
S3150100623002327128E0001D29171855490014513FF3
S31501006240002819298002312900007529063F4823B3
S3150100625003147128E0001CA9171B79FFECC3780011
S3150100626006A8513F00281929800231290000752905
S31501006270063F031379FFF0DD513F002819298002FB
S31501006280312900007529063F031379FFED4D0231CF
S315010062907D2A4B787128E0001D291718354900031E
S315010062A0513F002819298002312900007529063F2E
S315010062B07D2908707D2A20707D295050752A063F58
S315010062C07128E0001D291718354900047800063A9F
S315010062D0513F002819298002312900007529063FFE
S315010062E07009A8047F8000207D2000267529E0071B
S315010062F07D2801207A110054513F00281929800375
S31501006300312900007529063F7009A81D7F800020EC
S315010063107D2000267529E0077D2801207A11002CB1
S31501006320513F002819298004312900007529063FAB
S315010063307009A8077F8000207D2000267529E007C7
S315010063407D2801207A0100287128E0001D291718EF
S3150100635071400031354900017128E0001D291718E7
S31501006360714000005549011C7800059E513F0028E7
S3150100637019298002312900007529063F0317513F6B
S31501006380002819298003312900007529063F7D2A35
S315010063904B78513F002819298004312900007529BD
S315010063A0063F7D284B787D4953787D2918707D2AD3
S315010063B048501947A0D37D2952147D294214192921
S315010063C080247D2A18707128E0001D2917187D4A3E
S315010063D04A147128E0001D2917185549011C780037
S315010063E00528513F00281929800231290000752905
S315010063F0063F7009A8017F8000207D2000267529AF
S31501006400E0077D2801207A120054513F00281929FE
S315010064108002312900007529063F7009A8027F8094
S3150100642000207D2000267529E0077D2801207A12AB
S31501006430002C513F002819298002312900007529B5
S31501006440063F7009A8047F8000207D20002675295B
S31501006450E0077D2801207A0200287128E0001D2925
S3150100646017185129011C700998007F8000207D2092
S3150100647000267529E0077D2801207A020018712877
S31501006480E0001D29171871400031354900017800D7
S3150100649004787128E0001D29171853C9011C513FC2
S315010064A000281929800331290000752A063F513F2A
S315010064B000281929800451290000032303147800B8
S315010064C00B5D0231553E00007128E0001D291718A9
S315010064D05129011C515F0028314A0002754A063FC5
S315010064E035490004780004227128E0001D29171897
S315010064F0312900087529063F1929C002700998003B
S315010065007F8000207D2000267529E0077D28012057
S315010065107A0200187128E0001D291718714000221F
S31501006520354900017800013E513F002819298002B2
S31501006530312900007529063F700998017F800020E6
S315010065407D400026754AE0077D4801207A12004EFB
S31501006550700998027F8000207D400026754AE00779
S315010065607D4801207A12009C700998007F800020E6
S315010065707D2000267529E0077D2801207A0200D4B6
S31501006580513F002819298003312900007529063F4A
S31501006590031379FFEDBF780000CC513F002819297C
S315010065A08003312900007527063F513F002819292C
S315010065B08004312900007528063F513F002819291A
S315010065C0800531290000752A063F513F0028192907
S315010065D08006592900007529043F01730304032528
S315010065E0031679FFEACF513F002819298003312983
S315010065F000007529063F031379FFEBED780000666D
S31501006600513F002819298003312900007527063FCB
S31501006610513F002819298004312900007528063FB9
S31501006620513F00281929800531290000752A063FA6
S31501006630513F002819298006592900007529043F70
S31501006640017303040325031679FFEA69780000162E
S315010066507128E0001D2917187140003135490001E4
S315010066604400780002A47128E0001D291718312979
S3150100667000087529063F1929C002700998007F8014
S3150100668000207D2000267529E0077D2801207A0259
S3150100669000187128E0001D2917187140002235499C
S315010066A000017800006A513F00281929800231292A
S315010066B000007529063F700998007F8000207D4003
S315010066C00026754AE0077D4801207A1200207009EC
S315010066D098017F8000207D2000267529E0077D280E
S315010066E001207A1200107800001479FFED6D780010
S315010066F0001E79FFEB87780000167128E0001D293E
S31501006700171871400031354900014400780001FA3B
S315010067107128E0001D291718714000023549000350
S315010067207128E0001D29171C715F7FFF5549000084
S315010067307128E0001D2917185149000C7128E00045
S315010067401D29171855490014513F0028192980049D
S31501006750592900007529043F7D2A4B78513F0028AD
S3150100676019298002592900007529043F7D29807065
S315010067707D494B78553F001C7128E0001D291718EB
S31501006780515F001C5549221C7128E0001D2917186C
S31501006790312900017529063F700998007F80002084
S315010067A07D2000267529E0077D2801207A02000850
S315010067B078000162780001527128E0001D2917183E
S315010067C071400002354900037128E0001D291718A0
S315010067D071400001354900047800012E7128E0005E
S315010067E01D2917185129000C553F000C7128E0008E
S315010067F01D29171851290010553F0010513F002837
S3150100680019298004592900007529043F7D2A4B78EE
S31501006810513F002819298002592900007529043F92
S315010068207D2980707D494B78553F00207128E00015
S315010068301D29171851490010513F00207D4A4A145D
S315010068407128E000713FC7FE7F8A48407D200026FF
S315010068507529E0077D2801207A11002C7128E000B6
S315010068601D291718514900107127E7FF713FC7FF0E
S315010068707F8A48407D2000267529E0077D28012072
S315010068807A1100187128E0001D291718714000338C
S31501006890354900017800005C71200000553F001465
S315010068A078000034513F001019498001555F0010EE
S315010068B0515F000C190A8001551F000C314A000076
S315010068C0754A063F35490000513F001419298001D8
S315010068D0553F0014513F00147009AA237F80002000
S315010068E07D2000267529E0077D2801207A01FFB861
S315010068F0780000167128E0001D2917187140003034
S31501006900354900014400780000087800000879FF45
S31501006910E319197F8038500B000400901BCB08F84F
S3150100692003310004182106F00080D501D3F1011FBF
S315010069307128E0001D291718312900097529063F1C
S315010069401929C48F752A063F7128E0001D291718D9
S31501006950354900097128E0001D2917183129000958
S315010069607529063F1929C001700998007F8000200A
S315010069707D2000267529E0077D2801207A12003442
S315010069807128E0001D291718312900097529063FCC
S315010069901929C4FE752A063F7128E0001D2917181A
S315010069A03549000979FFE28371200001780001363B
S315010069B07128E0001D291718312900087529063F9D
S315010069C07D290774700998007F8000207D200026AC
S315010069D07529E0077D2801207A0001067128E0006B
S315010069E01D291718312900187529063F70099800C5
S315010069F07F8000207D2000267529E0077D28012063
S31501006A007A1200DE7128E0001D29171831290009C4
S31501006A107529063F1929D020752A063F7128E000FD
S31501006A201D291718354900097128E0001D29171875
S31501006A30312900197529063F192980027D2A187006
S31501006A407128E0001D2917187D2A4A141929800A80
S31501006A500313780003EF7128E0001D291718312967
S31501006A6000197529063F19298001752A063F7128E3
S31501006A70E0001D291718354900197128E0001D2964
S31501006A801718312900197529063F7009A81F7F803B
S31501006A9000207D2000267529E0077D2801207A0146
S31501006AA000147128E0001D291718714000003549AE
S31501006AB000197128E0001D291718312900187529B8
S31501006AC0063F192984FF752A063F7128E0001D2912
S31501006AD01718354900187120000178000008712047
S31501006AE000000313197F8010500B0004009053EB34
S31501006AF0FFFC03310004182106E00080D901D7F11B
S31501006B00011F7128E0001D291718553F0008513F44
S31501006B1000081D292220553F000C78000018513F1E
S31501006B20000819498001555F000871400000354988
S31501006B300000515F0008513F000C7F8A48407D20CC
S31501006B4000267529E0077529E03F7D240120752976
S31501006B50203F7A14FFCC780001BB197F8020500BAF
S31501006B600004009053EBFFFC03310004182106E8F2
S31501006B700080D701D5F1011F02320241D35F355F93
S31501006B800008353F0009313F00087529063F7009A5
S31501006B9098027F8000207D2000267529E0077D2848
S31501006BA001207A02002A313F00097529063F700942
S31501006BB098007F8000207D2000267529E0077D282A
S31501006BC001207A02000AC33F7800015D197F80180F
S31501006BD0500B0004009053EBFFFC03310004182115
S31501006BE006D80080DB01D9F1011F02320241355F6F
S31501006BF00018353F0019313F00187529063F700905
S31501006C0098027F8000207D2000267529E0077D28D7
S31501006C1001207A0200EC313F00197529063F7009FF
S31501006C2098087F8000207D2000267529E0077D28B1
S31501006C3001207A0200CC71200000553F000878003F
S31501006C40008871200000553F000C78000054713F08
S31501006C50E7EC1929D180512900307529C23F19293C
S31501006C60C001553F0010513F0010700998017F8007
S31501006C7000207D2000267529E0077D2801207A0263
S31501006C800014712000C9553F000871200015553FB9
S31501006C90000C513F000C19298001553F000C513F52
S31501006CA0000C7009A8137F8000207D20002675291D
S31501006CB0E0077D2801207A01FF98513F0008192934
S31501006CC08001553F0008513F00087009A8C77F8021
S31501006CD000207D2000267529E0077D2801207A0104
S31501006CE0FF647800013D713FE7EC192AD180512AF2
S31501006CF00030710000017509402E552A0030197FB8
S31501006D008028500B0004009053EBFFFC0331000474
S31501006D10182106F0D3F1011F197F801053EBFFFCF8
S31501006D2003310004182106E8D5F1011FD23F513F76
S31501006D30000831290000752A063F7128E0001D2947
S31501006D40112C35490000513F000831290001752AEF
S31501006D50063F7128E0001D29112C35490001513FDC
S31501006D60000831290002752A063F7128E0001D2915
S31501006D70112C35490002513F000831290003752ABB
S31501006D80063F7128E0001D29112C35490003513FAA
S31501006D90000831290004752A063F7128E0001D29E3
S31501006DA0112C35490004513F000831290005752A87
S31501006DB0063F7128E0001D29112C35490005513F78
S31501006DC0000831290006752A063F7128E0001D29B1
S31501006DD0112C35490006513F000831290007752A53
S31501006DE0063F7128E0001D29112C3549000771283D
S31501006DF0E0001D291718312900097529063F1929AF
S31501006E00D008752A063F7128E0001D291718354953
S31501006E100009197F801853EBFFFC03310004182188
S31501006E2006F00080D501D3F1011F79FFFAFB197F26
S31501006E308010500B0004009053EBFFFC033100045B
S31501006E40182106E80080D701D5F1011FD23F513F35
S31501006E50000831290000752A063F7128E0001D2926
S31501006E6013C435490000513F000831290001752A34
S31501006E70063F7128E0001D2913C435490001513F21
S31501006E80000831290002752A063F7128E0001D29F4
S31501006E9013C435490002513F000831290003752A00
S31501006EA0063F7128E0001D2913C435490003513FEF
S31501006EB0000831290004752A063F7128E0001D29C2
S31501006EC013C435490004513F000831290005752ACC
S31501006ED0063F7128E0001D2913C435490005513FBD
S31501006EE0000831290006752A063F7128E0001D2990
S31501006EF013C435490006513F000831290007752A98
S31501006F00063F7128E0001D2913C4354900074823AF
S31501006F104884480570C0010148877128E0001D09B1
S31501006F2013C4780012B302317009A8017F800020D2
S31501006F307D2000267529E0077D2801207A12002C84
S31501006F407128E0001D291718312900097529063F06
S31501006F50713FD7FF713FC780752A063F7128E00050
S31501006F601D29171835490009197F8018500B00048F
S31501006F70009053EBFFFC03310004182106F000805A
S31501006F80D501D3F1011F7128E0001D2917183129F8
S31501006F9000097529063F7D290774700998007F80CD
S31501006FA000207D2000267529E0077D2801207A0032
S31501006FB0005A48234884480570C001014887712852
S31501006FC0E0001D0913C47800120F02317009A801EF
S31501006FD07F8000207D2000267529E0077D2801207D
S31501006FE07A0200287128E0001D29171831290009A5
S31501006FF07529063F1929C07F752A063F7128E000C9
S315010070001D29171835490009197F8010500B0004F6
S31501007010009053EBFFFC03310004182106E8D5F17B
S31501007020011F0231D34F353F0008513F000C0313B6
S31501007030197F801853EBFFFC03310004182106E881
S31501007040D5F1011FD23F0241353F000C313F000C03
S315010070507529063F515F00087D4A4A147128E000F0
S31501007060713FC7FE7F8A48407D2000267529E007CB
S315010070707529E03F7D2401207529203F7A15002CD2
S31501007080515F00087127E7FF713FC7FF7F8A4840BC
S315010070907D2000267529E0077529E03F7D24012022
S315010070A07529203F7A15000C712000007800000830
S315010070B0712000010313197F801853EBFFFC033184
S315010070C00004182106D8D9F1011FD63F713FE7EC1C
S315010070D0714AE000194AD03F554900004400713F0A
S315010070E0E7EC512900007D29C4701929C0017529D1
S315010070F0063F700998007F8000207D2000267529B3
S31501007100E0077D2801207A12FFD8713FE7EC714034
S31501007110000935490004715FE7EC512A000471004A
S3150100712000017509B212552A0004715FE7EC512A74
S3150100713000047100000375099A98552A0004715FCD
S31501007140E7EC512A0004710000037509835E552A94
S315010071500004715FE7EC512A000471000000750913
S315010071607C20552A0004715FE7EC512A0004710066
S31501007170000075097462552A0004715FE7EC512A13
S3150100718000047100000075096CA4552A0004715FA2
S31501007190E7EC512A000471000000750964E6552ADE
S315010071A00004715FE7EC512A0004710000007509C3
S315010071B03E30552A0004715FE7EC512A0004710044
S315010071C0000075093672552A0004715FE7EC512AF1
S315010071D000047100000075092EB4552A0004715F80
S315010071E0E7EC512A000471000000750926F6552ABC
S315010071F00004715FE7EC512A000471000000750973
S315010072001F38552A0004715FE7EC512A000471000A
S3150100721000067509077E552A000471200000353FD6
S315010072200008780000AE711FE7EC313F00087529B0
S31501007230063F315F0008754A063FC67F7D4A1070DA
S315010072407D475214514A0000192980087D29207072
S315010072507D284A145549000071200000353F000978
S3150100726078000040711FE7EC313F0008752A063FA0
S31501007270313F00097529063F7D4A20707D48521429
S315010072807D2A4A1419298080714000003549000879
S31501007290313F00097529063F19298001353F00094B
S315010072A0313F00097529063F7009A8077F80002034
S315010072B07D2000267529E0077D2801207A01FFA897
S315010072C0313F00087529063F19298001353F00081D
S315010072D0313F00087529063F7009A83F7F800020CD
S315010072E07D2000267529E0077D2801207A01FF3AD5
S315010072F0713FE7EC7140000055490164713FE7ECCD
S31501007300715F7FFF55490010713FE7EC715F7FFFA9
S3150100731055490014713FE7EC715F7FFF554900182D
S31501007320713FE7EC715F7FFF55490048713FE7EC1C
S31501007330714000005549001C713FE7EC71400000A7
S3150100734055490024713FE7EC715F7FFF5549002CD9
S31501007350713FE7EC715F7FFF55490030713FE7EC04
S315010073607140000655490020713FE7EC7140003F2E
S3150100737055490000715FE7EC512A000071000000D9
S315010073807509E0C6552A0000197F802853EBFFFCDA
S3150100739003310004182106D8D9F1011FD63F713FE8
S315010073A0E7EC1929D140714AE000194AD03F554905
S315010073B000004400713FE7EC1929D1405129000032
S315010073C07D29C4701929C0017529063F70099800E5
S315010073D07F8000207D2000267529E0077D28012079
S315010073E07A12FFD4713FE7EC1929D14071400004AC
S315010073F035490004713FE7EC192AD140512A0004AE
S31501007400710000017509B212552A0004713FE7ECBB
S31501007410192AD140512A00047100000375099A986E
S31501007420552A0004713FE7EC192AD140512A00047C
S31501007430710000037509835E552A0004713FE7EC6C
S31501007440192AD140512A00047100000075097C20D7
S31501007450552A0004713FE7EC192AD140512A00044C
S315010074607100000075097462552A0004713FE7EC4A
S31501007470192AD140512A00047100000075096CA433
S31501007480552A0004713FE7EC192AD140512A00041C
S3150100749071000000750964E6552A0004713FE7ECA6
S315010074A0192AD140512A00047100000075093E30A5
S315010074B0552A0004713FE7EC192AD140512A0004EC
S315010074C07100000075093672552A0004713FE7EC18
S315010074D0192AD140512A00047100000075092EB401
S315010074E0552A0004713FE7EC192AD140512A0004BC
S315010074F071000000750926F6552A0004713FE7EC74
S31501007500192AD140512A00047100000075091F385B
S31501007510552A0004713FE7EC192AD140512A00048B
S31501007520710000067509077E552A000471200000C6
S31501007530353F0008780000B6713FE7EC1928D140C5
S31501007540313F00087529063F315F0008754A063F3D
S31501007550C67F7D4A10707D475214514A0000192991
S3150100756080087D2920707D284A1455490000712024
S315010075700000353F000978000044713FE7EC192807
S31501007580D140313F0008752A063F313F0009752970
S31501007590063F7D4A20707D4852147D2A4A141929D6
S315010075A080807140000035490008313F0009752986
S315010075B0063F19298001353F0009313F0009752928
S315010075C0063F7009A8077F8000207D2000267529C7
S315010075D0E0077D2801207A01FFA4313F00087529C3
S315010075E0063F19298001353F0008313F00087529FA
S315010075F0063F7009A83F7F8000207D20002675295F
S31501007600E0077D2801207A01FF32713FE7EC192955
S31501007610D1407140000055490164713FE7EC1929D9
S31501007620D140715F7FFF55490010713FE7EC192981
S31501007630D140715F7FFF55490014713FE7EC19296D
S31501007640D140715F7FFF55490018713FE7EC192959
S31501007650D140715F7FFF55490048713FE7EC192919
S31501007660D140714000005549001C713FE7EC1929D2
S31501007670D1407140000055490024713FE7EC1929BA
S31501007680D140715F7FFF5549002C713FE7EC192905
S31501007690D140715F7FFF55490030713FE7EC1929F1
S315010076A0D1407140000655490020713FE7EC192988
S315010076B0D1407140003F55490000713FE7EC192A5E
S315010076C0D140512A0000710000007509E0C6552A13
S315010076D00000197F802853EBFFFC033100041821B9
S315010076E006D8D9F1011FD63F713FE7EC1929D180A0
S315010076F0714AE000194AD03F554900004400713FE4
S31501007700E7EC1929D180512900007D29C470192976
S31501007710C0017529063F700998007F8000207D20F1
S3150100772000267529E0077D2801207A12FFD4713FD2
S31501007730E7EC1929D1807140000435490004713FF5
S31501007740E7EC192AD180512A00047100000175095C
S31501007750B212552A0004713FE7EC192AD180512A49
S3150100776000047100000375099A98552A0004713FB7
S31501007770E7EC192AD180512A00047100000375092A
S31501007780835E552A0004713FE7EC192AD180512AFC
S3150100779000047100000075097C20552A0004713F20
S315010077A0E7EC192AD180512A0004710000007509FD
S315010077B07462552A0004713FE7EC192AD180512AD7
S315010077C000047100000075096CA4552A0004713F7C
S315010077D0E7EC192AD180512A0004710000007509CD
S315010077E064E6552A0004713FE7EC192AD180512A33
S315010077F000047100000075093E30552A0004713FEE
S31501007800E7EC192AD180512A00047100000075099C
S315010078103672552A0004713FE7EC192AD180512AA4
S3150100782000047100000075092EB4552A0004713F49
S31501007830E7EC192AD180512A00047100000075096C
S3150100784026F6552A0004713FE7EC192AD180512A00
S3150100785000047100000075091F38552A0004713FA4
S31501007860E7EC192AD180512A000471000006750936
S31501007870077E552A000471200000353F0008780074
S3150100788000B6713FE7EC1928D180313F0008752910
S31501007890063F315F0008754A063FC67F7D4A107074
S315010078A07D475214514A0000192980087D2920700C
S315010078B07D284A145549000071200000353F000912
S315010078C078000044713FE7EC1928D180313F000868
S315010078D0752A063F313F00097529063F7D4A20700A
S315010078E07D4852147D2A4A1419298080714000006E
S315010078F035490008313F00097529063F19298001DC
S31501007900353F0009313F00097529063F7009A8076F
S315010079107F8000207D2000267529E0077D28012033
S315010079207A01FFA4313F00087529063F1929800114
S31501007930353F0008313F00087529063F7009A83F09
S315010079407F8000207D2000267529E0077D28012003
S315010079507A01FF32713FE7EC1929D18071400000AD
S3150100796055490164713FE7EC1929D180715F7FFFA9
S3150100797055490010713FE7EC1929D180715F7FFFEE
S3150100798055490014713FE7EC1929D180715F7FFFDA
S3150100799055490018713FE7EC1929D180715F7FFFC6
S315010079A055490048713FE7EC1929D1807140000023
S315010079B05549001C713FE7EC1929D180714000003F
S315010079C055490024713FE7EC1929D180715F7FFF8A
S315010079D05549002C713FE7EC1929D180715F7FFF72
S315010079E055490030713FE7EC1929D18071400006F5
S315010079F055490020713FE7EC1929D1807140003FBC
S31501007A0055490000713FE7EC192AD180512A00003F
S31501007A10710000007509E0C6552A0000197F80280B
S31501007A2053EBFFFC03310004182106E8D5F1011FD1
S31501007A30023002420251D36F351F0008355F00093B
S31501007A40353F000A313F00087529063F192982048E
S31501007A50192984B07D2970707D2A4B78712AE0003E
S31501007A601929D03F552A0000313F00097529063FE3
S31501007A707009A8077F8000207D2000267529E00770
S31501007A807D2801207A010024313F00097529063F2E
S31501007A907009A80F7F8000207D2000267529E00748
S31501007AA07D2801207A01011C313F000A7529063F14
S31501007AB0700998007F8000207D2000267529E00747
S31501007AC07D2801207A02008C313F00087529063F86
S31501007AD019298204192984B07D2970707D2A4B7871
S31501007AE0313F00097529063F511F000C7508043FF7
S31501007AF07508057F7508043F192980087D292070BE
S31501007B007D4A4A14512A0004750990DA552A00045F
S31501007B10313F00087529063F19298204192984B0C5
S31501007B207D2970707D2A4B78313F00097529063F02
S31501007B30192980087D2920707D4A4A14512A00009E
S31501007B40710000007509AA94552A00007800007496
S31501007B50313F00087529063F19298204192984B085
S31501007B607D2970707D2A4B78313F00097529063FC2
S31501007B70192980087D2920707D2A4A14515F000C3D
S31501007B8055490004313F00087529063F1929820429
S31501007B90192984B07D2970707D2A4B78313F0009FF
S31501007BA07529063F192980087D2920707D4A4A14C6
S31501007BB0512A0000710000017509AA94552A000096
S31501007BC0313F00097529063F7009980E7F80002014
S31501007BD07D2000267529E0077D2801207A020024F0
S31501007BE0313F00087529063F19298204192984B0F5
S31501007BF07D2970707D2A4B787122E000552A001488
S31501007C00313F00087529063F19298204192984B0D4
S31501007C107D2970707D2A4B787120003F552A00001E
S31501007C20313F00087529063F19298204192984B0B4
S31501007C307D2970707D2A4B78512A00007100000061
S31501007C407509E0C6552A0000197F801853EBFFFC21
S31501007C5003310004182106E8D5F1011F0232024161
S31501007C60355F0008353F0009313F00087529063F99
S31501007C7019298204192984B07D2970707D2A4B78CF
S31501007C80712AE0001929D03F552A0000313F00082A
S31501007C907529063F19298204192984B07D29707036
S31501007CA00317313F00087529063F1929820419294E
S31501007CB084B07D29707051490028313F000975292A
S31501007CC0063F710000017D0948307D494B785527F3
S31501007CD00028313F00087529063F19298204192910
S31501007CE084B07D2970707D2A4B787120003F552A1A
S31501007CF00000313F00087529063F19298204192918
S31501007D0084B07D2970707D2A4B78512A000071005C
S31501007D1000007509E0C6552A0000197F801853EB4B
S31501007D20FFFC03310004182106D80080DB01D9F1DC
S31501007D30011F02320241D75F355F0018353F001936
S31501007D4071200000553F000C313F00197529063F8F
S31501007D507009A81F7F8000207D2000267529E00775
S31501007D607D2801207A11022C313F00187529063F22
S31501007D7019298204192984B07D297070514900306E
S31501007D80313F00197529063F7D494C301929C0013B
S31501007D90700998007F8000207D2000267529E00764
S31501007DA07D2801207A120418313F00187529063FF3
S31501007DB019298204192984B07D2970707D2A4B788E
S31501007DC0313F00197529063F192980087D29207040
S31501007DD07D2A4A14512900007D29C4701929C00F32
S31501007DE07529063F353F0010313F00187529063FBA
S31501007DF019298204192984B07D2970707D2A4B784E
S31501007E00313F00197529063F192980087D292070FF
S31501007E107D2A4A14512900007D2984701929C00F31
S31501007E207529063F353F0011313F00187529063F78
S31501007E3019298204192984B07D2970707D2A4B780D
S31501007E40313F00197529063F192980087D292070BF
S31501007E507D2A4A14592900025D3F00127120000053
S31501007E60353F000878000066313F00087529063F56
S31501007E70515F001C7D2A4A14315F0018754A063F7E
S31501007E80194A8204194A84B07D4A70700327315F0A
S31501007E9000197548063F315F0008754A063F7D089F
S31501007EA020707D0742147D485214194A8080314A58
S31501007EB00008754A063F35490000313F000875291B
S31501007EC0063F19298001353F0008313F0008752911
S31501007ED0063F315F0018754A063F194A8204194A5E
S31501007EE084B07D4A70707D485378315F0019754AB8
S31501007EF0063F194A80087D4A20707D485214514A2E
S31501007F0000007D4A8470194AC00F754A063F7F8971
S31501007F1050007D2000267529E0077D2801207A1072
S31501007F20FF4A313F0018752A063F313F001975296E
S31501007F30063F03230314C75F79FFEC35313F001871
S31501007F407529063F19298204192984B07D29707083
S31501007F5051290008553F0014313F00187529063F85
S31501007F6019298204192984B07D2970707D284B78DE
S31501007F70313F00197529063F714000017D4948309E
S31501007F805528003071200001553F000C7800023061
S31501007F90313F00187529063F19298204192984B031
S31501007FA07D2970705149002C313F00197529063F12
S31501007FB0192984E07D494C301929C00170099800BE
S31501007FC07F8000207D2000267529E0077D2801207D
S31501007FD07A1201EC313F00187529063F19298204EE
S31501007FE0192984B07D2970707D2A4B78313F00199B
S31501007FF07529063F192980087D2920707D2A4A1492
S31501008000512900007D29C4701929C00F7529063F21
S31501008010353F0010313F00187529063F19298204A2
S31501008020192984B07D2970707D2A4B78313F00195A
S315010080307529063F192980087D2920707D2A4A1451
S31501008040512900007D2984701929C00F7529063F21
S31501008050353F0011313F00187529063F1929820461
S31501008060192984B07D2970707D2A4B78313F00191A
S315010080707529063F192980087D2920707D2A4A1411
S31501008080592900025D3F001271200000353F0008AA
S3150100809078000066313F00087529063F515F001CD4
S315010080A07D2A4A14315F0018754A063F194A82042F
S315010080B0194A84B07D4A70700327315F00197548EB
S315010080C0063F315F0008754A063F7D0820707D072F
S315010080D042147D485214194A8080314A0008754A73
S315010080E0063F35490000313F00087529063F192929
S315010080F08001353F0008313F00087529063F315F91
S315010081000018754A063F194A8204194A84B07D4A05
S3150100811070707D485378315F0019754A063F194AD8
S3150100812080087D4A20707D485214514A00007D4ADC
S315010081308470194AC00F754A063F7F8950007D2019
S3150100814000267529E0077D2801207A10FF4A313F74
S315010081500018752A063F313F00197529063F03238A
S315010081600314C75F79FFEA09313F00187529063FF5
S3150100817019298204192984B07D29707051290008B2
S31501008180553F0014313F00187529063F192982040D
S31501008190192984B07D2970707D284B78313F0019EB
S315010081A07529063F192984E0714000017D4948304F
S315010081B05528002C71200001553F000C513F000C41
S315010081C00313197F8028500B0004009053EBFFFC2A
S315010081D003310004182106D00080DD01DBF1011F07
S315010081E00252D76F0271551F0020347F0018349F49
S315010081F00019355F001A353F001B71200002553FFB
S31501008200000C313F00197529063F7009A8077F80C8
S3150100821000207D2000267529E0077D2801207A119E
S31501008220001071200008353F0019780003F6313F30
S3150100823000197529063F7009A80F7F8000207D204F
S3150100824000267529F7FF752A063F313F0019752962
S31501008250063F7009A8377F8000207FDDE8427D2038
S3150100826000267529FFFF7529063F7D49483875297E
S31501008270063F700998007F8000207D200026752921
S31501008280E0077D2801207A1200107120000F353F8A
S3150100829000197800038E313F00197529063F7009D0
S315010082A0A83F7F8000207D2000267529E0077D28D4
S315010082B001207A0100107120003F353F0019780036
S315010082C00362313F00187529063F192982041929CD
S315010082D084B07D2970707D2A4B78313F001975294C
S315010082E0063F192980087D2920707D2A4A145129C3
S315010082F000007D29C4701929C00F7529063F700930
S31501008300A80C7F8000207D2000267529E0077D28A6
S3150100831001207A02001071200002553F000C7800FE
S315010083200302313F001A7529063F700998007F80C4
S3150100833000207D2000267529E0077D2801207A028C
S3150100834000C8313F00187529063F192982041929E9
S3150100835084B07D2970707D2A4B78313F00197529CB
S31501008360063F192980087D2920707D4A4A14512A21
S315010083700000710000007509AA94552A0000313FDA
S3150100838000187529063F19298204192984B07D2907
S3150100839070707D2A4B78313F00197529063F511FB0
S315010083A0001C7508043F7508057F7508043F1929E7
S315010083B080087D2920707D4A4A14512A00047509D6
S315010083C090DA552A0004313F00187529063F19290C
S315010083D08204192984B07D2970707D2A4B78313F3A
S315010083E000197529063F192980087D2920707D4AC3
S315010083F04A14512A0000710000007509B252552A2B
S315010084000000780000B4313F00187529063F19298C
S315010084108204192984B07D2970707D2A4B78313FF9
S3150100842000197529063F192980087D2920707D4A82
S315010084304A14512A0000710000017509AA94552AAF
S315010084400000313F00187529063F192982041929B0
S3150100845084B07D2970707D284B78313F00197529CC
S31501008460063F515F001C194AC71F192980087D293B
S3150100847020707D284A1455490004313F001875299A
S31501008480063F19298204192984B07D2970707D2A35
S315010084904B78313F00197529063F192980087D2936
S315010084A020707D4A4A14512A0000710000017509A5
S315010084B0B252552A0000313F00187529063F192985
S315010084C08204192984B07D2970707D2A4B78313F49
S315010084D000197529063F192980087D2920707D4AD2
S315010084E04A14512A0000710000007509A2D6552AC6
S315010084F0000071200000353F000878000064313F1C
S3150100850000187529063F19298204192984B07D2985
S3150100851070700316313F00197528063F313F000878
S315010085207529063F315F0008754A063FC87F7D47BA
S315010085305214314A0000754A063F7D0820707D06B7
S3150100854042147D284A141929808035490008313F93
S3150100855000087529063F19298001353F0008313F7A
S315010085600008752A063F313F001B7529063F7F8AA1
S3150100857048407D2000267529E0077D2801207A10D4
S31501008580FF80313F00187529063F192982041929F0
S3150100859084B07D2970700317313F00197529063F94
S315010085A0315F001B194AC00F7548063F192980081B
S315010085B07D2920707D474A14512A00007509831EC2
S315010085C0552A0000313F00187529063F19298204F2
S315010085D0192984B07D2970707D2A4B78313F0019A5
S315010085E07529063F192980087D2920707D4A4A147C
S315010085F0512A00007100000C7509C10E552A0000B0
S3150100860071200001553F000C313F0018752A063FC5
S31501008610313F00197529063F0323031479FFE5C38A
S31501008620513F000C0313197F8030500B000400905A
S3150100863053EBFFFC03310004182106E00080D90149
S31501008640D7F1011F71200000353F0008715FE3E09B
S31501008650512A00007100000175093672552A000081
S31501008660713FE7E0192AD140512A0000710000014B
S3150100867075093672552A0000713FE3E0192AD18047
S31501008680512A00007100000175093672552A000051
S31501008690713FE7E0192AD1C0512A0000710000019B
S315010086A075093672552A0000780001B3780002A7D1
S315010086B0780004937800015778000327780000FFBB
S315010086C0780003F7715FE3E0512A000071000000B2
S315010086D075093672552A0000713FE7E0192AD14023
S315010086E0512A00007100000075093672552A0000F2
S315010086F0713FE3E0192AD180512A00007100000080
S3150100870075093672552A0000713FE7E0192AD1C072
S31501008710512A00007100000075093672552A0000C1
S3150100872071200000353F000878000034313F000811
S315010087307529063F480303147800047B313F00087E
S315010087407529063F481303147800046B313F00086E
S315010087507529063F19298001353F0008313F000878
S315010087607529063F7009A8087F8000207D20002614
S315010087707529E0077D2801207A01FFB4480348B432
S3150100878078000433480348C47800042B480348D4CE
S3150100879078000423480348E47800041B4803780062
S315010087A004D34813780004CD197F8020500B0004B0
S315010087B0009053EBFFFC03310004182106F0D3F1BE
S315010087C0011F713FE3E07154E00055490000713F1C
S315010087D0E7E01929D1407154E00055490000713F85
S315010087E0E3E01929D1807154E00055490000713F39
S315010087F0E7E01929D1C07154E00055490000197FFD
S31501008800801053EBFFFC03310004182106F0D3F16D
S31501008810011F713FE3E07140000055490020713F9F
S31501008820E7E01929D1407140000055490020713F08
S31501008830E3E01929D1807140000055490020713FBC
S31501008840E7E01929D1C07140000055490020197F80
S31501008850801053EBFFFC03310004182106F0D3F11D
S31501008860011F713FE3E0714000007150C203554999
S315010088700094713FE3E07140000055490000715FCB
S31501008880E3E0512A000071000000750907FE552A30
S315010088900000713FE7E01929D14071400000715095
S315010088A0C20355490094713FE7E01929D14071404F
S315010088B0000055490000713FE7E0192AD140512ACD
S315010088C0000071000000750907FE552A0000713F7E
S315010088D0E3E01929D180714000007150C203554966
S315010088E00094713FE3E01929D18071400000554998
S315010088F00000713FE3E0192AD180512A000071007E
S315010089000000750907FE552A0000713FE7E01929A5
S31501008910D1C0714000007150C20355490094713FA6
S31501008920E7E01929D1C07140000055490000713FA7
S31501008930E7E0192AD1C0512A00007100000075092B
S3150100894007FE552A0000197F801053EBFFFC033107
S315010089500004182106F0D3F1011F713FE3E07154C1
S31501008960E00055490000713FE3E0714000005549C0
S3150100897000C8713FE7E01929D1407154E00055491B
S315010089800000713FE7E01929D140714000005549C7
S3150100899000C8713FE3E01929D1807154E0005549BF
S315010089A00000713FE3E01929D1807140000055496B
S315010089B000C8713FE7E01929D1C07154E00055495B
S315010089C00000713FE7E01929D1C071400000554907
S315010089D000C8197F801053EBFFFC033100041821F6
S315010089E006F0D3F1011F713FE3E071400000715FB2
S315010089F0C7FF554900A4713FE3E0714000005549A6
S31501008A0000B4713FE3E07140000055490034713F05
S31501008A10E7E01929D14071400000715FC7FF554950
S31501008A2000A4713FE7E01929D14071400000554982
S31501008A3000B4713FE7E01929D14071400000554962
S31501008A400034713FE3E01929D18071400000715F64
S31501008A50C7FF554900A4713FE3E01929D180714050
S31501008A600000554900B4713FE3E01929D1807140F6
S31501008A70000055490034713FE7E01929D1C0714022
S31501008A800000715FC7FF554900A4713FE7E019294E
S31501008A90D1C071400000554900B4713FE7E0192982
S31501008AA0D1C07140000055490034197F801053EB45
S31501008AB0FFFC03310004182106F0D3F1011F713FB9
S31501008AC0E3E07140000055490040713FE3E0714029
S31501008AD0000055490044713FE7E01929D140714032
S31501008AE0000055490040713FE7E01929D140714026
S31501008AF0000055490044713FE3E01929D1807140D6
S31501008B00000055490040713FE3E01929D1807140C9
S31501008B10000055490044713FE7E01929D1C0714071
S31501008B20000055490040713FE7E01929D1C0714065
S31501008B30000055490044197F801053EBFFFC0331B7
S31501008B400004182106F0D3F1011F715FE3E0512AF9
S31501008B5000007100000075098B9C552A0000713FC9
S31501008B60E7E0192AD140512A000071000000750979
S31501008B708B9C552A0000713FE3E0192AD180512AC6
S31501008B8000007100000075098B9C552A0000713F99
S31501008B90E7E0192AD1C0512A0000710000007509C9
S31501008BA08B9C552A0000197F801053EBFFFC033183
S31501008BB00004182106D8D9F1011F02320241355F9E
S31501008BC00018353F0019313F00187528063F313F1F
S31501008BD000197529063F7148E0001D4A10B87D0845
S31501008BE020707D284A147D2A4A1431290000353F18
S31501008BF00008313F00087529063F700998007F80FB
S31501008C0000207D2000267529E0077D2801207A12A3
S31501008C10005471406000313F00087529063F19294B
S31501008C2080907D2910707D4A4A14512A00007100F6
S31501008C3000017509B252552A000071406000313FAA
S31501008C4000087529063F192980907D2910707D4AF3
S31501008C504A14512A00007100000175099B18552A12
S31501008C6000004400197F802853EBFFFC0331000408
S31501008C70182106E8D5F1011F0231353F0008313FC1
S31501008C8000087529063F700998017F8000207D2024
S31501008C9000267529E0077D2801207A020020713F10
S31501008CA0E7E0192AD140512A000071000001750937
S31501008CB0C1CE552A000078000018715FE3E0512A01
S31501008CC00000710000017509C1CE552A000044005B
S31501008CD0197F801853EBFFFC03310004182106D8D5
S31501008CE0D9F1011F02320241355F0018353F0019E3
S31501008CF0712000005D3F0008313F00187529063FCD
S31501008D00700998017F8000207D2000267529E007E3
S31501008D107D2801207A0200724400713FE7E0192A9A
S31501008D20D140313F00197529063F192980407D2917
S31501008D3010707D2A4A14512900007D299C70192939
S31501008D40C0017529063F700998007F8000207D20AB
S31501008D5000267529E0077D2801207A12FFC0713FA0
S31501008D60E7E0192AD140313F00197529063F192933
S31501008D7080407D2910707D2A4A14592900025D3FE1
S31501008D800008780000664400715FE3E0313F001996
S31501008D907529063F192980407D2910707D2A4A14BC
S31501008DA0512900007D299C701929C0017529063FAA
S31501008DB0700998007F8000207D2000267529E00734
S31501008DC07D2801207A12FFC4715FE3E0313F00196B
S31501008DD07529063F192980407D2910707D2A4A147C
S31501008DE0592900025D3F0008593F00087529043FD3
S31501008DF07009A3E87154E00A194AD0A17D49509639
S31501008E007D4A4A147D4A4E707D29FE707D29505057
S31501008E107529043F0313197F802853EBFFFC0331A7
S31501008E200004182106D80080DB01D9F1011FD63FC5
S31501008E30712000005D3F000A712000005D3F000CBB
S31501008E4071200000353F000878000060593F000A94
S31501008E507529043F7D2A0734313F00087529063FED
S31501008E60511F00187D284A14312900007529063F33
S31501008E707D284B78313F00087529063F1929B0072F
S31501008E807D0948307D2907347D494B787D29073492
S31501008E907529043F5D3F000A313F00087529063FE9
S31501008EA019298001353F0008313F00087529063F21
S31501008EB07009A8077F8000207D2000267529E0071C
S31501008EC07D2801207A01FF88195F800A193F800CED
S31501008ED04803480448150326031779FF9AB3593FF7
S31501008EE0000C7529043F1929C0807D293E70752A19
S31501008EF0063F7128E0001D2913A435490000593F9A
S31501008F00000C7529043F1929C0407D293670752A40
S31501008F10063F7128E0001D2913A435490001593F78
S31501008F20000C7529043F1929C0207D292E70752A48
S31501008F30063F7128E0001D2913A435490002593F57
S31501008F40000C7529043F1929C0107D292670752A40
S31501008F50063F7128E0001D2913A435490003593F36
S31501008F60000C7529043F1929C0087D291E70752A30
S31501008F70063F7128E0001D2913A435490004593F15
S31501008F80000C7529043F1929C0047D291670752A1C
S31501008F90063F7128E0001D2913A435490005593FF4
S31501008FA0000C7529043F1929C0027D290E70752A06
S31501008FB0063F7128E0001D2913A435490006593FD3
S31501008FC0000C7529043F7529063F1929C001752A28
S31501008FD0063F7128E0001D2913A435490007197FB2
S31501008FE08028500B0004009053EBFFFC0331000472
S31501008FF0182106D80080DB01D9F1011FD63F712067
S3150100900000005D3F000A712000005D3F000C7120E9
S315010090100000353F000878000060593F000A7529B5
S31501009020043F7D2A0734313F00087529063F511F49
S3150100903000187D284A14312900007529063F7D282C
S315010090404B78313F00087529063F1929B0077D097C
S3150100905048307D2907347D494B787D2907347529A8
S31501009060043F5D3F000A313F00087529063F192973
S315010090708001353F0008313F00087529063F700918
S31501009080A8077F8000207D2000267529E0077D281E
S3150100909001207A01FF88195F800A193F800C480375
S315010090A0481448150326031779FF98E5593F000C24
S315010090B07529043F1929C0807D293E70752A063F0E
S315010090C07128E0001D2913B435490000593F000CF1
S315010090D07529043F1929C0407D293670752A063F36
S315010090E07128E0001D2913B435490001593F000CD0
S315010090F07529043F1929C0207D292E70752A063F3E
S315010091007128E0001D2913B435490002593F000CAE
S315010091107529043F1929C0107D292670752A063F35
S315010091207128E0001D2913B435490003593F000C8D
S315010091307529043F1929C0087D291E70752A063F25
S315010091407128E0001D2913B435490004593F000C6C
S315010091507529043F1929C0047D291670752A063F11
S315010091607128E0001D2913B435490005593F000C4B
S315010091707529043F1929C0027D290E70752A063FFB
S315010091807128E0001D2913B435490006593F000C2A
S315010091907529043F7529063F1929C001752A063F1D
S315010091A07128E0001D2913B435490007197F80286D
S315010091B0500B0004009053EBFFFC0331000418210F
S315010091C006F00080D501D3F1011F71204000192955
S315010091D0D140714000015549013C7128E000312917
S315010091E013987529063F19298001752A063F7128AA
S315010091F0E0003549139878001461197F8010500BEF
S315010092000004009053EBFFFC03310004182106D043
S31501009210DBF1011F0231D74FD85FD96F5D3F0018CF
S31501009220593F00187529043F11404AD1513F001C8E
S3150100923051290000138A4ACD7D2000267529E007B1
S315010092407D2801207A01001871200000553F001089
S3150100925071200000553F00087800014A593F001867
S315010092607529043F11404AD1513F00247D291070D0
S31501009270511F001C7D284A1451290000138A4ACD2A
S315010092807D2000267529E0077D2801207A0101024B
S31501009290513F00247D290C70553F001471200000B8
S315010092A0553F0010513F0024553F000C78000060E7
S315010092B0593F00187529043F11404AD1513F001406
S315010092C07D291070511F001C7D284A145129000068
S315010092D0138A4ACD7D2000267529E0077D280120C5
S315010092E07A010010513F0014553F000C7800000C24
S315010092F0513F0014553F0010515F000C513F0010C3
S315010093007D2A4A147D290C70553F0014515F000CCB
S31501009310513F00107D2950507009A8017F8000201F
S315010093207D2000267529E0077D2801207A11FF841A
S31501009330593F00187529043F11404AD0513F00108A
S315010093407D291070511F001C7D284A1451290000E7
S31501009350114A4AC1513F0010192980017D29107017
S31501009360511F001C7D284A1451090000513F00106D
S315010093707D291070C77F7D274A14512900001128C5
S315010093804AC1112A4AC9553F000878000018513FC1
S315010093900024192984FF553F00107127E780553FA6
S315010093A00008513F0010192980017D291070515F75
S315010093B000207D2A4A1451490000513F00107D29A1
S315010093C01070511F00207D284A1451290000114AAE
S315010093D04AC1513F0008112A4AC811204AD8752AA4
S315010093E0043F513F00107D291070511F00207D2838
S315010093F04A145129000011204AD87529043F7D2AB3
S315010094004A147529043F0313197F803053EBFFFC7F
S3150100941003310004182106D0DBF1011FD63FD74FD7
S31501009420D85FD96F513F001811404AD07126E780A5
S31501009430112A4AC8553F0008513F001811404AD029
S315010094407126E780114A4AC8513F001C5129000084
S31501009450138A4ACD7D2000267529E0077D28012043
S315010094607A01001871200000553F0010712000009C
S31501009470553F00087800013E513F00247D291070B8
S31501009480515F001C7D2A4A1451490000513F0008D2
S31501009490138A4ACC7D2000267529E0077D28012004
S315010094A07A0100FE513F00247D290C70553F0014BE
S315010094B071200000553F0010513F0024553F000C1C
S315010094C078000058513F00147D291070515F001C2F
S315010094D07D2A4A1451490000513F0008138A4ACC9B
S315010094E07D2000267529E0077D2801207A010010DC
S315010094F0513F0014553F000C7800000C513F0014F9
S31501009500553F0010515F000C513F00107D2A4A144F
S315010095107D290C70553F0014515F000C513F00101E
S315010095207D2950507009A8017F8000207D200026EA
S315010095307529E0077D2801207A11FF8C513F00181B
S3150100954011404AD07126E780114A4AC8513F00109E
S315010095507D291070511F001C7D284A1451290000D5
S31501009560114A4AC1513F0010192980017D29107005
S31501009570511F001C7D284A1451090000513F00105B
S315010095807D291070C77F7D274A14512900001128B3
S315010095904AC1112A4AC9553F000878000018513FAF
S315010095A00024192984FF553F00107127E780553F94
S315010095B00008513F0010192980017D291070515F63
S315010095C000207D2A4A1451490000513F00107D298F
S315010095D01070511F00207D284A1451290000114A9C
S315010095E04AC1513F0008114A4AC87128E780112A29
S315010095F04AC811404AD8513F00107D291070511FA9
S3150100960000207D284A14510900007128E78011289D
S315010096104AC811204AD87D2A4A140313197F80307B
S3150100962053EBFFFC03310004182106D0DBF1011FC7
S31501009630547F0018D74FD85FD96F513F001C51494D
S315010096400000513F0018138A4ACC130A4ACE7FBD47
S31501009650CB827D2000267529E0077D2801207A012D
S31501009660004071200000553F0010513F001C512958
S315010096700000515F0018114A4AC1513F001C1929C7
S31501009680800451090000513F001C51290000112896
S315010096904AC1112A4AC9553F000878000180513F45
S315010096A000247D291070515F001C7D2A4A145149FE
S315010096B00000513F0018138A4ACC7D2000267529E7
S315010096C0E0077D2801207A0100F2513F00247D291F
S315010096D00C70553F001471200000553F0010513F9A
S315010096E00024553F000C78000058513F00147D2995
S315010096F01070515F001C7D2A4A1451490000513FE8
S315010097000018138A4ACC7D2000267529E0077D289A
S3150100971001207A010010513F0014553F000C7800DA
S31501009720000C513F0014553F0010515F000C513F92
S3150100973000107D2A4A147D290C70553F0014515F93
S31501009740000C513F00107D2950507009A8017F80FF
S3150100975000207D2000267529E0077D2801207A1149
S31501009760FF8C513F00107D291070515F001C7D2A2E
S315010097704A1451290000515F0018114A4AC1513F4C
S315010097800010192980017D291070511F001C7D28A8
S315010097904A1451090000513F00107D291070C77FFE
S315010097A07D274A145129000011284AC1112A4AC9A4
S315010097B0553F000878000066513F0024192984FFAF
S315010097C0553F0010513F00241929873F7D2910700C
S315010097D0515F001C7D2A4A1451290000515F00186F
S315010097E0114A4AC1513F00247D291070511F001CA6
S315010097F07D284A1451090000513F00241929873F49
S315010098007D291070C77F7D274A1451290000112830
S315010098104AC1112A4AC9553F0008513F001019296A
S3150100982080017D291070515F00207D2A4A1451491B
S315010098300000513F00107D291070511F00207D2826
S315010098404A1451290000114A4AC1513F0008114AE0
S315010098504AC8513F00107D291070511F00207D28F4
S315010098604A1451290000112A4AC00313197F803076
S3150100987053EBFFFC03310004182106B000805401AC
S3150100988000541BA10944011FDA3FDB4FDC5FDD6F8A
S31501009890DE7F513F00305149000451290000031376
S315010098A00324CA5FCB6F79FF829302317009980056
S315010098B07F8000207D2000267529E0077D28012074
S315010098C07A10007471200000553F0014513F00309A
S315010098D05149000451290000CA3FCB4F0315032605
S315010098E079FF7C8702420231032E031D513F00306E
S315010098F01929800850E9000051090004513F003040
S31501009900514900045129000001730304031503267C
S3150100991079FF7C570242023101D301E40315032684
S3150100992079FF7F2902420231553F0008555F000C3D
S3150100993078000210513F00387D291870515F0030C0
S315010099407D2A4A14514900045129000003130324B6
S31501009950CA5FCB6F79FF81790231700998007F80E8
S3150100996000207D2000267529E0077D2801207A0147
S31501009970013A513F00387D290C70553F001871207E
S315010099800000553F0014513F0038553F0010780044
S31501009990006A513F00187D291870515F00307D2AF9
S315010099A04A14514900045129000003130324CA5FD4
S315010099B0CB6F79FF811B0231700998007F800020EF
S315010099C07D2000267529E0077D2801207A010010F7
S315010099D0513F0018553F00107800000C513F001808
S315010099E0553F0014515F0010513F00147D2A4A145F
S315010099F07D290C70553F0018515F0010513F00142E
S31501009A007D2950507009A8017F8000207D20002605
S31501009A107529E0077D2801207A11FF7A513F00144C
S31501009A207D291870515F00307D2A4A14514900047E
S31501009A3051290000CA3FCB4F0315032679FF7B2B23
S31501009A4002420231032E031D513F001419298001E0
S31501009A507D291870515F00307D2A4A1450E90000B3
S31501009A6051090004513F00147D291870515F0030DF
S31501009A707D2A4A1451490004512900000173030447
S31501009A800315032679FF7AE30242023101D301E489
S31501009A900315032679FF7DB502420231553F0008C1
S31501009AA0555F000C7800009C513F0038192984FF4E
S31501009AB0553F0014513F00381929871F7D29187019
S31501009AC0515F00307D2A4A14514900045129000092
S31501009AD0CA3FCB4F0315032679FF7A8F0242023123
S31501009AE0032E031D513F00387D291870515F003048
S31501009AF07D2A4A1450E9000051090004513F0038FB
S31501009B001929871F7D291870515F00307D2A4A1453
S31501009B10514900045129000001730304031503266A
S31501009B2079FF7A470242023101D301E40315032684
S31501009B3079FF7D1902420231553F0008555F000C3D
S31501009B40513F0014192980017D291870515F003495
S31501009B507D2A4A1450E9000051090004513F0014BE
S31501009B607D291870515F00347D2A4A145149000439
S31501009B7051290000017303040315032679FF79EBCC
S31501009B800242023103130324C25FC36F79FF7A4194
S31501009B900242023103177D485378513F00147D2953
S31501009BA01870515F00347D2A4A1451490004512925
S31501009BB00000017303040315032679FF795302425A
S31501009BC0023103130324197F8050500B00040090C7
S31501009BD01BAB08F403310004182106D0DBF1011F89
S31501009BE0547F0018D74FD85FD96F513F001C514998
S31501009BF00000513F0018138A4ACC130A4ACE7FBD92
S31501009C00CB827D2000267529E0077D2801207A0177
S31501009C10001871200000553F001071200000553FCB
S31501009C20000878000132513F00247D291070515FF0
S31501009C30001C7D2A4A1451490000513F0018138A1D
S31501009C404ACC7D2000267529E0077D2801207A016E
S31501009C5000F2513F00247D290C70553F00147120FC
S31501009C600000553F0010513F0024553F000C78007D
S31501009C700058513F00147D291070515F001C7D2A48
S31501009C804A1451490000513F0018138A4ACC7D20DD
S31501009C9000267529E0077D2801207A010010513F31
S31501009CA00014553F000C7800000C513F0014553F3D
S31501009CB00010515F000C513F00107D2A4A147D2986
S31501009CC00C70553F0014515F000C513F00107D2967
S31501009CD050507009A8017F8000207D20002675293B
S31501009CE0E0077D2801207A11FF8C513F00107D2964
S31501009CF01070515F001C7D2A4A1451290000515FE2
S31501009D000018114A4AC1513F0010192980017D29C5
S31501009D101070511F001C7D284A1451090000513F43
S31501009D2000107D291070C77F7D274A145129000034
S31501009D3011284AC1112A4AC9553F0008780000185E
S31501009D40513F0024192984FF553F00107127E780F0
S31501009D50553F0008513F0010192980017D291070D7
S31501009D60515F00207D2A4A1451490000513F0010DD
S31501009D707D291070511F00207D284A1451290000A9
S31501009D80114A4AC1513F0008114A4AC8513F0010C1
S31501009D907D291070511F00207D284A145129000089
S31501009DA0112A4AC00313197F803053EBFFFC03319C
S31501009DB00004182106A057E1005C011F547F0038FA
S31501009DC0549F003C54BF004054DF004454FF0048F8
S31501009DD0551F004C553F0050513F0040514900006E
S31501009DE0513F0038138A4ACC130A4ACE7FBDCB8233
S31501009DF07D2000267529E0077D2801207A01004093
S31501009E0071200000553F0014513F004051290000C8
S31501009E10515F0038114A4AC1513F00401929800457
S31501009E2051090000513F00405129000011284AC143
S31501009E30112A4AC9553F0008780001A0513F004C3C
S31501009E40512900007D291070515F00407D2A4A1476
S31501009E5051490000513F0038138A4ACC7D20002623
S31501009E607529E0077D2801207A0100FC513F004C4D
S31501009E70512900007D290C70553F0010712000000A
S31501009E80553F0014513F004C51290000553F000C2D
S31501009E9078000058513F00107D291070515F004035
S31501009EA07D2A4A1451490000513F0038138A4ACC91
S31501009EB07D2000267529E0077D2801207A01001002
S31501009EC0513F0010553F000C7800000C513F001027
S31501009ED0553F0014515F000C513F00147D2A4A146E
S31501009EE07D290C70553F0010515F000C513F001445
S31501009EF07D2950507009A8017F8000207D20002611
S31501009F007529E0077D2801207A11FF8C513F001445
S31501009F107D291070515F00407D2A4A1451290000A5
S31501009F20515F0038114A4AC1513F00141929800175
S31501009F307D291070511F00407D284A1451090000E7
S31501009F40513F00147D29107050FF00407D274A14AF
S31501009F505129000011284AC1112A4AC9553F000852
S31501009F6078000078513F004C51290000192984FFDF
S31501009F70553F0014513F004C512900001929873FD4
S31501009F807D291070515F00407D2A4A145129000035
S31501009F90515F0038114A4AC1513F004C5129000016
S31501009FA07D291070511F00407D284A145109000077
S31501009FB0513F004C512900001929873F7D29107016
S31501009FC050FF00407D274A145129000011284AC13B
S31501009FD0112A4AC9553F0008513F0008553F002440
S31501009FE0513F0014553F001C513F004451490000A8
S31501009FF0513F003C138A4ACC130A4ACE7FBDCB821D
S3150100A0007D2000267529E0077D2801207A01004080
S3150100A01071200000553F0014513F004451290000B2
S3150100A020515F003C114A4AC1513F0044192980043D
S3150100A03051090000513F00445129000011284AC12D
S3150100A040112A4AC9553F0008780001B8513F004C12
S3150100A05019298004512900007D291070515F00449F
S3150100A0607D2A4A1451490000513F003C138A4ACCCB
S3150100A0707D2000267529E0077D2801207A0101004F
S3150100A080513F004C19298004512900007D290C708B
S3150100A090553F001071200000553F0014513F004C00
S3150100A0A051290004553F000C78000058513F00101B
S3150100A0B07D291070515F00447D2A4A1451490000E0
S3150100A0C0513F003C138A4ACC7D2000267529E007C2
S3150100A0D07D2801207A010010513F0010553F000CE8
S3150100A0E07800000C513F0010553F0014515F000CE1
S3150100A0F0513F00147D2A4A147D290C70553F0010EA
S3150100A100515F000C513F00147D2950507009A80180
S3150100A1107F8000207D2000267529E0077D2801200B
S3150100A1207A11FF8C513F00147D291070515F004454
S3150100A1307D2A4A1451290000515F003C114A4AC147
S3150100A140513F0014192980017D291070511F0044C7
S3150100A1507D284A1451090000513F00147D291070D1
S3150100A16050FF00447D274A145129000011284AC195
S3150100A170112A4AC9553F000878000088513F004C12
S3150100A1801929800451290000192984FF553F00141B
S3150100A190513F004C19298004512900001929873F94
S3150100A1A07D291070515F00447D2A4A14512900000F
S3150100A1B0515F003C114A4AC1513F004C19298004A4
S3150100A1C0512900007D291070511F00447D284A1431
S3150100A1D051090000513F004C192980045129000002
S3150100A1E01929873F7D29107050FF00447D274A14A5
S3150100A1F05129000011284AC1112A4AC9553F0008B0
S3150100A200515F0014513F00507D4A49D6513F001C11
S3150100A2107D2A4A14553F0010513F0010192980012B
S3150100A2207D291070515F00487D2A4A14514900006A
S3150100A230513F00107D291070511F00487D284A1496
S3150100A24051290000114A4AC1513F0024114A4AC806
S3150100A250513F00107D291070511F00487D284A1476
S3150100A26051290000112A4AC0553F0018515F0010BC
S3150100A270513F00507D2A4A14553F0010513F0010AE
S3150100A280192980017D291070515F00487D2A4A14E1
S3150100A29051490000513F00107D291070511F00489F
S3150100A2A07D284A1451290000114A4AC1513F002410
S3150100A2B0114A4AC8513F00107D291070511F0048AC
S3150100A2C07D284A1451290000114A4AC0513F0018FD
S3150100A2D0114A4AC1513F0008114A4AC8513F001864
S3150100A2E0112A4AC00313197F806053EBFFFC033127
S3150100A2F00004182106E00080D901D7F1011F712061
S3150100A300000071400000553F000C555F00107120A0
S3150100A3100000353F00087128E0001D293CD8714036
S3150100A3200100554902F07128E0001D293CD8714011
S3150100A330000835490345193F800C48234804031595
S3150100A34079FFD9E70231752A063F7128E0001D29F8
S3150100A3503CD83549033C313F00087529063F195F52
S3150100A36080087D2A4A1431290004752A063F71287E
S3150100A370E0001D293CD83549033D313F00087529C8
S3150100A380063F19298001353F0008313F000875292C
S3150100A390063F195F80087D2A4A1431290004752A6F
S3150100A3A0063F7128E0001D293CD83549033E313F5F
S3150100A3B000087529063F19298001353F0008313FFC
S3150100A3C000087529063F195F80087D2A4A1431293C
S3150100A3D00004752A063F7128E0001D293CD835493D
S3150100A3E0033F313F00087529063F19298001353F92
S3150100A3F00008313F00087529063F195F80087D2A4C
S3150100A4004A1431290004752A063F7128E0001D29E6
S3150100A4103CD835490340313F00087529063F1929C3
S3150100A4208001353F0008313F00087529063F195F55
S3150100A43080087D2A4A1431290004752A063F7128AD
S3150100A440E0001D293CD835490341313F00087529F3
S3150100A450063F19298001353F0008313F000875295B
S3150100A460063F195F80087D2A4A1431290004752A9E
S3150100A470063F7128E0001D293CD835490342313F8A
S3150100A48000087529063F19298001353F0008313F2B
S3150100A49000087529063F195F80087D2A4A1431296B
S3150100A4A00004752A063F7128E0001D293CD835496C
S3150100A4B00343313F00087529063F19298001353FBD
S3150100A4C00008313F00087529063F195F80087D2A7B
S3150100A4D04A1431290004752A063F7128E0001D2916
S3150100A4E03CD835490344313F00087529063F1929EF
S3150100A4F08001353F0008713FE7EC192AD180512AC6
S3150100A500003071000001750907FE552A0030197FD8
S3150100A5108020500B0004009053EBFFFC0331000434
S3150100A520182106E8D5F1011FD23F513F000819292C
S3150100A53080017148E0001D4A3938594A0006754ABA
S3150100A540043F700A98007F8000207D400026754AEE
S3150100A550FFFF754A063F35490000513F000819299A
S3150100A56080027148E0001D4A3938594A0008754A87
S3150100A570043F700A98007F8000207D400026754ABE
S3150100A580FFFF754A063F35490000513F000819296A
S3150100A59080037148E0001D4A3938594A000A754A54
S3150100A5A0043F700A98007F8000207D400026754A8E
S3150100A5B0FFFF754A063F35490000513F000819293A
S3150100A5C080047148E0001D4A3938594A000C754A21
S3150100A5D0043F700A98007F8000207D400026754A5E
S3150100A5E0FFFF754A063F35490000513F000819290A
S3150100A5F080057148E0001D4A3938594A000E754AEE
S3150100A600043F700A98007F8000207D400026754A2D
S3150100A610FFFF754A063F35490000513F00081929D9
S3150100A62080067148E0001D4A3938594A0010754ABA
S3150100A630043F700A98007F8000207D400026754AFD
S3150100A640FFFF754A063F35490000197F801853EB15
S3150100A650FFFC03310004182106F0D3F1011F712814
S3150100A660E0001D29393859490006754A043F194A3F
S3150100A6708001754A043F5D4900067128E0001D29E5
S3150100A6803938592900067529043F7009A8017F80C8
S3150100A69000207D2000267529E0077D2801207A010A
S3150100A6A000147128E0001D293938714000005D4908
S3150100A6B000067128E0001D29393859490008754AF4
S3150100A6C0043F194A8001754A043F5D490008712813
S3150100A6D0E0001D293938592900087529043F7009F8
S3150100A6E0A8097F8000207D2000267529E0077D28A6
S3150100A6F001207A0100147128E0001D2939387140C2
S3150100A70000005D4900087128E0001D2939385949C2
S3150100A710000A754A043F194A8001754A043F5D499A
S3150100A720000A7128E0001D2939385929000A7529BE
S3150100A730043F7009A8137F8000207D20002675291B
S3150100A740E0077D2801207A0100147128E0001D2907
S3150100A7503938714000005D49000A7128E0001D2961
S3150100A76039385949000C754A043F194A8001754A1E
S3150100A770043F5D49000C7128E0001D29393859292B
S3150100A780000C7529043F7009A8637F8000207D2095
S3150100A79000267529E0077D2801207A010014712819
S3150100A7A0E0001D293938714000005D49000C71280F
S3150100A7B0E0001D2939385949000E754A043F194AE6
S3150100A7C08001754A043F5D49000E7128E0001D298C
S3150100A7D039385929000E7529043F7009A8C77F80A9
S3150100A7E000207D2000267529E0077D2801207A01B9
S3150100A7F000147128E0001D293938714000005D49B7
S3150100A800000E7128E0001D29393859490010754A92
S3150100A810043F194A8001754A043F5D4900107128B9
S3150100A820E0001D293938592900107529043F70099E
S3150100A830ABE77F8000207D2000267529E0077D2873
S3150100A84001207A0100147128E0001D293938714070
S3150100A85000005D490010197F801053EBFFFC0331A6
S3150100A8600004182106C80080DF011BA1092C011F65
S3150100A8700231549F001CD85FD96F353F0018513FF4
S3150100A8800024512900081929C320700998007F80E6
S3150100A89000207D2000267529E0077D2801207A0207
S3150100A8A00074513F002431490008194AD020354926
S3150100A8B00008513F002431490008715FD7FF715FDD
S3150100A8C0C7C035490008513F0024514900045129A8
S3150100A8D000000313032470A7E78470AFC2E170C8B8
S3150100A8E0E7AE70C2C47B79FF6C2702420231511F69
S3150100A8F000245528000055480004511F00207120EE
S3150100A90000007140000055280000554800047800F9
S3150100A91003A0513F0024512900087D29F4707529AF
S3150100A920063F700998017F8000207D400026754A08
S3150100A930E0077D4801207A120020700998027F8085
S3150100A94000207D2000267529E0077D2801207A1246
S3150100A950008C78000120313F00187529063F7009E7
S3150100A96098007F8000207D2000267529E0077D283C
S3150100A97001207A120064513F002431490008715FB9
S3150100A980D7FF715FC7C035490008513F00245149BF
S3150100A9900004512900000313032470A7E78470AF54
S3150100A9A0C2E170C8E7AE70C2C47B79FF6B63024235
S3150100A9B00231511F00245528000055480004511F3B
S3150100A9C00020712000007140000055280000554804
S3150100A9D00004780002DC780002D8511F002071279C
S3150100A9E0E7F0714000005528000055480004313F4A
S3150100A9F000187529063F700998007F8000207D2088
S3150100AA0000267529E0077D2801207A020064513F5E
S3150100AA10002431490008715FD7FF715FC7C035490E
S3150100AA200008513F00245149000451290000031335
S3150100AA30032470A7E78470AFC2E170C8E7AE70C2A5
S3150100AA40C47B79FF6ACB02420231511F002455288B
S3150100AA50000055480004511F00207120000071407C
S3150100AA60000055280000554800047800024478008B
S3150100AA700240511F0020712000007140000055283E
S3150100AA80000055480004313F00187529063F70093A
S3150100AA9098007F8000207D2000267529E0077D280B
S3150100AAA001207A12004A513F002453A9000053C9DC
S3150100AAB00004507F001C79FF66EB0242023101D38C
S3150100AAC001E40315032679FF70DF0231700998004E
S3150100AAD07F8000207D2000267529E0077D28012042
S3150100AAE07A00000C71200001780000087120000036
S3150100AAF0353F0008313F00087529063F7009980067
S3150100AB007F8000207D2000267529E0077D28012011
S3150100AB107A120064513F002431490008715FD7FF62
S3150100AB20715FC7C035490008513F002451490004EF
S3150100AB30512900000313032470A7E78470AFC2E113
S3150100AB4070C8E7AE70C2C47B79FF69C502420231A3
S3150100AB50511F00245528000055480004511F0020AC
S3150100AB60712000007140000055280000554800047E
S3150100AB707800013C513F002453A9000053C9000449
S3150100AB80507F001C79FF661D0242023101D301E4A8
S3150100AB900315032679FF6FA50231700998007F809E
S3150100ABA000207D2000267529E0077D2801207A10E6
S3150100ABB00048513F002431490008194AC03F715FDE
S3150100ABC0D7FF715FC78035490008511F00207127E3
S3150100ABD0E7F0714000005528000055480004511F58
S3150100ABE000247120000071400000552800005548DE
S3150100ABF00004780000BA513F002453A9000053C94C
S3150100AC000004507F001C79FF659B0242023101D38B
S3150100AC1001E40315032679FF6F8F0231700998004D
S3150100AC207F8000207D2000267529E0077D280120F0
S3150100AC307A00002C313F00187529063F70099800EB
S3150100AC407F8000207D2000267529E0077D280120D0
S3150100AC507A02000C712000017800000871200000C2
S3150100AC60353F0008313F00087529063F70099800F5
S3150100AC707F8000207D2000267529E0077D280120A0
S3150100AC807A12002C513F002431490008194AC03F6D
S3150100AC90194AD04035490008511F0024712000008F
S3150100ACA07140000055280000554800044400197FF2
S3150100ACB08038500B000400901BAB08F403310004EC
S3150100ACC0182106C80080DF011BA1092C011F0231D2
S3150100ACD0549F001CD85FD96F353F0018513F00249F
S3150100ACE0512900081929C320700998007F80002086
S3150100ACF07D2000267529E0077D2801207A0200744F
S3150100AD00513F002431490008194AD020354900082D
S3150100AD10513F002431490008715FD7FF715FC7C0F9
S3150100AD2035490008513F00245149000451290000CA
S3150100AD300313032470A7E78470AFC2E170C8E7AEBE
S3150100AD4070C2C47B79FF67C902420231511F0024D8
S3150100AD505528000055480004511F002071200000AD
S3150100AD60714000005528000055480004780003A0F2
S3150100AD70513F0024512900087D29F4707529063FA9
S3150100AD80700998017F8000207D400026754AE00702
S3150100AD907D4801207A120020700998027F800020E8
S3150100ADA07D2000267529E0077D2801207A12008C76
S3150100ADB078000120313F00187529063F7009980077
S3150100ADC07F8000207D2000267529E0077D2801204F
S3150100ADD07A120064513F002431490008715FD7FFA0
S3150100ADE0715FC7C035490008513F0024514900042D
S3150100ADF0512900000313032470A7E78470AFC2E151
S3150100AE0070C8E7AE70C2C47B79FF670502420231A2
S3150100AE10511F00245528000055480004511F0020E9
S3150100AE2071200000714000005528000055480004BB
S3150100AE30780002DC780002D8511F00207127E7F064
S3150100AE40714000005528000055480004313F0018A4
S3150100AE507529063F700998007F8000207D20002615
S3150100AE607529E0077D2801207A020064513F0024FC
S3150100AE7031490008715FD7FF715FC7C035490008C6
S3150100AE80513F0024514900045129000003130324B2
S3150100AE9070A7E78470AFC2E170C8E7AE70C2C47B29
S3150100AEA079FF666D02420231511F002455280000C8
S3150100AEB055480004511F0020712000007140000018
S3150100AEC055280000554800047800024478000240E5
S3150100AED0511F00207120000071400000552800001C
S3150100AEE055480004313F00187529063F700998003E
S3150100AEF07F8000207D2000267529E0077D2801201E
S3150100AF007A12004A513F002453A9000053C9000494
S3150100AF10507F001C79FF628D0242023101D301E4A8
S3150100AF200315032679FF6C810231700998007F8031
S3150100AF3000207D2000267529E0077D2801207A0062
S3150100AF40000C712000017800000871200000353FD7
S3150100AF500008313F00087529063F700998007F8077
S3150100AF6000207D2000267529E0077D2801207A1220
S3150100AF700064513F002431490008715FD7FF715FBA
S3150100AF80C7C035490008513F0024514900045129E1
S3150100AF9000000313032470A7E78470AFC2E170C8F1
S3150100AFA0E7AE70C2C47B79FF656702420231511F69
S3150100AFB000245528000055480004511F0020712027
S3150100AFC00000714000005528000055480004780033
S3150100AFD0013C513F002453A9000053C90004507F8E
S3150100AFE0001C79FF61BF0242023101D301E403155E
S3150100AFF0032679FF6B470231700998007F80002094
S3150100B0007D2000267529E0077D2801207A10004859
S3150100B010513F002431490008194AC03F715FD7FFEB
S3150100B020715FC78035490008511F00207127E7F07D
S3150100B030714000005528000055480004511F0024A6
S3150100B0407120000071400000552800005548000499
S3150100B050780000BA513F002453A9000053C90004E7
S3150100B060507F001C79FF613D0242023101D301E4A8
S3150100B0700315032679FF6B310231700998007F8031
S3150100B08000207D2000267529E0077D2801207A0011
S3150100B090002C313F00187529063F700998007F8002
S3150100B0A000207D2000267529E0077D2801207A02EF
S3150100B0B0000C712000017800000871200000353F66
S3150100B0C00008313F00087529063F700998007F8006
S3150100B0D000207D2000267529E0077D2801207A12AF
S3150100B0E0002C513F002431490008194AC03F194A32
S3150100B0F0D04035490008511F0024712000007140DD
S3150100B100000055280000554800044400197F803886
S3150100B110500B000400901BAB08F403310004182106
S3150100B12006E0D7F1011F7128E0001D293950512988
S3150100B13001CC553F00087128E0001D2939507140A6
S3150100B1400000554901CC7128E0001D2939505129CB
S3150100B15002581929C380700998007F8000207D203C
S3150100B16000267529E0077D2801207A1200D671286C
S3150100B170E0001D293950512902547D29C47019292D
S3150100B180C0037529063F700998017F8000207D4024
S3150100B1900026754AE0077D4801207A1200207009D1
S3150100B1A098027F8000207D2000267529E0077D28F2
S3150100B1B001207A12004C7800008A7128E0001D29CE
S3150100B1C03950512901CC700998017F8000207D20DA
S3150100B1D000267529E0077D2801207A0200207128C2
S3150100B1E0E0001D493950512A0254710000027509C7
S3150100B1F0C18E552A02547800004A7800004671280B
S3150100B200E0001D293950512901CC700998007F8031
S3150100B21000207D2000267529E0077D2801207A027D
S3150100B22000207128E0001D493950512A025471004D
S3150100B23000017509C18E552A0254780000044400A4
S3150100B2407128E0001D29395071400002554901CC91
S3150100B2507128E0001D293950512902541929C010BD
S3150100B260700998007F8000207D2000267529E0075F
S3150100B2707D2801207A1200D27128E0001D2939505B
S3150100B280512902547D29F4707529063F70099801E8
S3150100B2907F8000207D400026754AE0077D48012019
S3150100B2A07A120020700998027F8000207D200026F6
S3150100B2B07529E0077D2801207A12004C7800008A62
S3150100B2C07128E0001D293950512901CC70099803D4
S3150100B2D07F8000207D2000267529E0077D2801203A
S3150100B2E07A0200207128E0001D493950512A025482
S3150100B2F0710000027509F002552A02547800004ACD
S3150100B300780000467128E0001D293950512901CCE9
S3150100B310700998027F8000207D2000267529E007AC
S3150100B3207D2801207A0200207128E0001D4939504C
S3150100B330512A0254710000017509F002552A02547E
S3150100B3407800000444007128E0001D29395071403D
S3150100B350000C554901CC7128E0001D2939505129AD
S3150100B36002541929C008700998007F8000207D20A9
S3150100B37000267529E0077D2801207A1200D671285A
S3150100B380E0001D293950512902547D29E4701929FB
S3150100B390C0037529063F700998017F8000207D4012
S3150100B3A00026754AE0077D4801207A1200207009BF
S3150100B3B098027F8000207D2000267529E0077D28E0
S3150100B3C001207A12004C7800008A7128E0001D29BC
S3150100B3D03950512901CC7009980D7F8000207D20BC
S3150100B3E000267529E0077D2801207A0200207128B0
S3150100B3F0E0001D493950512A0254710000027509B5
S3150100B400E086552A02547800004A780000467128E1
S3150100B410E0001D293950512901CC7009980C7F8013
S3150100B42000207D2000267529E0077D2801207A026B
S3150100B43000207128E0001D493950512A025471003B
S3150100B44000017509E086552A02547800000444007B
S3150100B4507128E0001D29395071400006554901CC7B
S3150100B4607128E0001D293950512902581929C34074
S3150100B470700998007F8000207D2000267529E0074D
S3150100B4807D2801207A1200D67128E0001D29395045
S3150100B490512902547D29B4701929C0037529063F23
S3150100B4A0700998017F8000207D400026754AE007DB
S3150100B4B07D4801207A120020700998027F800020C1
S3150100B4C07D2000267529E0077D2801207A12004C8F
S3150100B4D07800008A7128E0001D293950512901CCD4
S3150100B4E0700998077F8000207D2000267529E007D6
S3150100B4F07D2801207A0200207128E0001D4939507B
S3150100B500512A0254710000027509B212552A0254D9
S3150100B5107800004A780000467128E0001D2939505C
S3150100B520512901CC700998067F8000207D200026D4
S3150100B5307529E0077D2801207A0200207128E000A4
S3150100B5401D493950512A0254710000017509B21280
S3150100B550552A02547800000444007128E0001D2990
S3150100B560395071400008554901CC7128E0001D2968
S3150100B5703950512902581929C320700998007F8032
S3150100B58000207D2000267529E0077D2801207A12FA
S3150100B59000D67128E0001D293950512902547D2910
S3150100B5A0A4701929C0037529063F700998017F8087
S3150100B5B000207D400026754AE0077D4801207A1269
S3150100B5C00020700998027F8000207D2000267529C1
S3150100B5D0E0077D2801207A12004C7800008A712844
S3150100B5E0E0001D293950512901CC700998097F8045
S3150100B5F000207D2000267529E0077D2801207A029A
S3150100B60000207128E0001D493950512A0254710069
S3150100B61000027509A296552A02547800004A78005C
S3150100B62000467128E0001D293950512901CC7009C5
S3150100B63098087F8000207D2000267529E0077D2857
S3150100B64001207A0200207128E0001D493950512A53
S3150100B6500254710000017509A296552A0254780018
S3150100B660000444007128E0001D2939507140000E84
S3150100B670554901CC7128E0001D2939505129025440
S3150100B6801929C004700998007F8000207D200026BA
S3150100B6907529E0077D2801207A1200D67128E0007D
S3150100B6A01D293950512902547D29D4701929C00305
S3150100B6B07529063F700998017F8000207D4000268C
S3150100B6C0754AE0077D4801207A1200207009980228
S3150100B6D07F8000207D2000267529E0077D28012036
S3150100B6E07A12004C7800008A7128E0001D29395031
S3150100B6F0512901CC7009980F7F8000207D200026FA
S3150100B7007529E0077D2801207A0200207128E000D2
S3150100B7101D493950512A0254710000027509D10A96
S3150100B720552A02547800004A780000467128E00044
S3150100B7301D293950512901CC7009980E7F800020AE
S3150100B7407D2000267529E0077D2801207A02002048
S3150100B7507128E0001D493950512A02547100000137
S3150100B7607509D10A552A025478000004440071284B
S3150100B770E0001D293950515F0008554901CC712857
S3150100B780E0001D093CD871200000714000005528D9
S3150100B79002C0554802C4197F802053EBFFFC0331D8
S3150100B7A00004182106C80080DF01DDF1011FD63F24
S3150100B7B0D74FD85FD96FDA7F7128E0001D2939503C
S3150100B7C0512902507D29E4707529063F7009A808A0
S3150100B7D07F8000207D400026754AE0077D480120D4
S3150100B7E07A1109EA7D2A10707120E1031D2996D884
S3150100B7F07D2A4A14514900007120E1031D2996D87A
S3150100B8007D2A4A147D2903A600067128E0001D2918
S3150100B8103950312902737529063F7009A8187F80AE
S3150100B82000207D2000267529E0077D2801207A0168
S3150100B830015A7128E0001D293950512901CC553F83
S3150100B84000087128E0001D2939507140000555494D
S3150100B85001CC7128E0001D293950512902541929BA
S3150100B860C020700998007F8000207D200026752960
S3150100B870E0077D2801207A1200D67128E0001D29F3
S3150100B8803950512902507D290C701929C003752997
S3150100B890063F700998017F8000207D400026754A89
S3150100B8A0E0077D4801207A120020700998027F8006
S3150100B8B000207D2000267529E0077D2801207A12C7
S3150100B8C0004C7800008A7128E0001D293950512961
S3150100B8D001CC700998057F8000207D2000267529FE
S3150100B8E0E0077D2801207A0200207128E0001D4929
S3150100B8F03950512A02507100000275090F7C552AF0
S3150100B90002507800004A780000467128E0001D299F
S3150100B9103950512901CC700998047F8000207D207F
S3150100B92000267529E0077D2801207A02002071286A
S3150100B930E0001D493950512A025071000001750974
S3150100B9400F7C552A02507800000444007128E0005B
S3150100B9501D293950515F0008554901CC7128E00075
S3150100B9601D493950512A0250710000077509E00638
S3150100B970552A02507128E0001D29395071400000F6
S3150100B980354902737800019E513F001C31290000A0
S3150100B9907529063F700998007F8000207D200026CA
S3150100B9A07529E0077D2801207A12004C7128E000F4
S3150100B9B03129114A7529063F700998007F800020B8
S3150100B9C07D2000267529E0077D2801207A120028AE
S3150100B9D07128E000312911387529063F7009980050
S3150100B9E07F8000207D2000267529E0077D28012023
S3150100B9F07A02000C71200001780000087120000015
S3150100BA00353F000C313F000C7529063F700998003F
S3150100BA107F8000207D2000267529E0077D280120F2
S3150100BA207A1200207128E0001D493950512A02502E
S3150100BA30710000067509E006552A0250780000E6F5
S3150100BA40513F0018514900045129000003130324F2
S3150100BA504805480679FF5FA10231700998007F8089
S3150100BA6000207D2000267529E0077D2801207A1215
S3150100BA700068513F00205149000451290000031379
S3150100BA8003244805480679FF5F6F02317009980063
S3150100BA907F8000207D2000267529E0077D28012072
S3150100BAA07A120036513F0024514900045129000001
S3150100BAB0031303244805480679FF5F3D02317009E7
S3150100BAC098007F8000207D2000267529E0077D28CB
S3150100BAD001207A02000C7120000178000008712013
S3150100BAE00000353F000C313F000C7529063F7009F7
S3150100BAF098007F8000207D2000267529E0077D289B
S3150100BB0001207A1200207128E0001D493950512A7E
S3150100BB100250710000037509E006552A02507800AB
S3150100BB2006AC780006A87128E0001D093CD87127EB
S3150100BB30E7F071400000552802C0554802C471283B
S3150100BB40E0001D293950312902737529063F700914
S3150100BB50A8097F8000207D2000267529E0077D2821
S3150100BB6001207A0100247128E0001D493950512A2B
S3150100BB700250710000087509E006552A025079FF46
S3150100BB80F5A178000648780006447128E0001D49B1
S3150100BB903950512A0250710000087509E006552AEC
S3150100BBA0025079FFF57D780006247128E0001D49D1
S3150100BBB03950512A0250710000087509E006552ACC
S3150100BBC0025079FFF55D78000604513F001851498E
S3150100BBD0000451290000031303244805480679FF90
S3150100BBE05E170231700998007F8000207D200026B3
S3150100BBF07529E0077D2801207A120068513F00204F
S3150100BC00514900045129000003130324480548063D
S3150100BC1079FF5DE50231700998007F8000207D2063
S3150100BC2000267529E0077D2801207A120036513F4A
S3150100BC300024514900045129000003130324480537
S3150100BC40480679FF5DB30231700998007F800020B4
S3150100BC507D2000267529E0077D2801207A02000C47
S3150100BC60712000017800000871200000353F000CAA
S3150100BC70313F000C7529063F700998007F8000202E
S3150100BC807D2000267529E0077D2801207A120020F3
S3150100BC907128E0001D493950512A025071000004F3
S3150100BCA07509E006552A0250780005227800051E1E
S3150100BCB0513F002051490004512900000313032478
S3150100BCC04805480679FF5D310231700998007F8089
S3150100BCD000207D2000267529E0077D2801207A12A3
S3150100BCE00068513F00245149000451290000031303
S3150100BCF003244805480679FF5CFF02317009980064
S3150100BD007F8000207D2000267529E0077D280120FF
S3150100BD107A120036513F001851490004512900009A
S3150100BD20031303244805480679FF5CCD02317009E7
S3150100BD3098007F8000207D2000267529E0077D2858
S3150100BD4001207A02000C71200001780000087120A0
S3150100BD500000353F000C313F000C7529063F700984
S3150100BD6098007F8000207D2000267529E0077D2828
S3150100BD7001207A1200247128E0001D493950512A08
S3150100BD800250710000087509E006552A025079FF34
S3150100BD90F391780001CA513F001C31290000752931
S3150100BDA0063F700998007F8000207D2000267529B6
S3150100BDB0E0077D2801207A1201527128E00031291D
S3150100BDC0114A7529063F700998007F8000207D2061
S3150100BDD000267529E0077D2801207A12012E712897
S3150100BDE0E000312911387529063F700998007F80D6
S3150100BDF000207D2000267529E0077D2801207A1282
S3150100BE00010A513F0018514900045129000003134A
S3150100BE1003244805480679FF5C4B023170099800F6
S3150100BE207F8000207D2000267529E0077D280120DE
S3150100BE307A1200D8513F00205149000451290000CF
S3150100BE40031303244805480679FF5C19023170097A
S3150100BE5098007F8000207D2000267529E0077D2837
S3150100BE6001207A1200A6513F0024514900045129AC
S3150100BE700000031303244805480679FF5BE70231F6
S3150100BE80700998007F8000207D2000267529E00733
S3150100BE907D2801207A120074513F0028514900047F
S3150100BEA051290000031303244805480679FF5BB5B1
S3150100BEB00231700998007F8000207D2000267529B7
S3150100BEC0E0077D2801207A1200427128E0001D2931
S3150100BED03CD8514902BC512902B803130324480531
S3150100BEE0480679FF5B7F0231700998007F80002048
S3150100BEF07D2000267529E0077D2801207A12000C95
S3150100BF00712000017800000871200000353F000C07
S3150100BF10313F000C7529063F700998007F8000208B
S3150100BF207D2000267529E0077D2801207A12003040
S3150100BF307128E0001D493950512A02507100000153
S3150100BF407509E006552A02507128E0001D2939506D
S3150100BF507140000035490273780002727800026E62
S3150100BF607128E0001D293950312902737529063FD0
S3150100BF707009A8F97F8000207D2000267529E00739
S3150100BF807D2801207A01014A7128E0001D293950D6
S3150100BF90512901CC553F00087128E0001D2939506F
S3150100BFA071400004554901CC7128E0001D29395022
S3150100BFB0512902541929C020700998007F80002058
S3150100BFC07D2000267529E0077D2801207A1200D6FA
S3150100BFD07128E0001D293950512902507D290C7024
S3150100BFE01929C0037529063F700998017F80002031
S3150100BFF07D400026754AE0077D4801207A1200201F
S3150100C000700998027F8000207D2000267529E007AF
S3150100C0107D2801207A12004C7800008A7128E00000
S3150100C0201D293950512901CC700998057F800020BE
S3150100C0307D2000267529E0077D2801207A0200204F
S3150100C0407128E0001D493950512A02507100000241
S3150100C05075090F7C552A02507800004A780000467F
S3150100C0607128E0001D293950512901CC7009980425
S3150100C0707F8000207D2000267529E0077D2801208C
S3150100C0807A0200207128E0001D493950512A0250D8
S3150100C0907100000175090F7C552A025078000004D1
S3150100C0A044007128E0001D293950515F00085549A7
S3150100C0B001CC7128E0001D493950512A0250710006
S3150100C0C000057509E006552A02507800010078003E
S3150100C0D000FC7128E0001D093CD871200000714068
S3150100C0E00000552802C0554802C4513F002051495D
S3150100C0F0000451290000031303244805480679FF6B
S3150100C10059630231700998007F8000207D20002646
S3150100C1107529E0077D2801207A120070513F00241D
S3150100C1205149000451290000031303244805480618
S3150100C13079FF59310231700998007F8000207D20F6
S3150100C14000267529E0077D2801207A12003E513F1D
S3150100C150001851490004512900000313032448051E
S3150100C160480679FF58FF0231700998007F80002048
S3150100C1707D2000267529E0077D2801207A12000C12
S3150100C180712000017800000871200000353F000C85
S3150100C190313F000C7529063F700998007F80002009
S3150100C1A07D2000267529E0077D2801207A12001CD2
S3150100C1B07128E0001D493950512A025071000006CC
S3150100C1C07509E006552A02504400197F8038500B44
S3150100C1D00004009053EBFFFC03310004182106C84C
S3150100C1E00080DF01DDF1011FD63FD74FD85FD96F40
S3150100C1F0DA7F551F002C7128E0001D29395051297D
S3150100C20002507D29C4701929C00F7529063F70098E
S3150100C210A80A7F8000207D400026754AE0077D48F8
S3150100C22001207A110C187D2A10707120E1031D2955
S3150100C23096FC7D2A4A14514900007120E1031D290B
S3150100C24096FC7D2A4A147D2903A60006513F00204B
S3150100C250312900007529063F700998007F8000206A
S3150100C2607D2000267529E0077D2801207A120054D9
S3150100C2707128E0003129114A7529063F7009980095
S3150100C2807F8000207D2000267529E0077D2801207A
S3150100C2907A1200307128E000312911387529063FDC
S3150100C2A0700998007F8000207D2000267529E0070F
S3150100C2B07D2801207A12000C712000017800000807
S3150100C2C071200000353F0008313F00087529063FFF
S3150100C2D0700998007F8000207D2000267529E007DF
S3150100C2E07D2801207A1200307128E0001D4939505D
S3150100C2F0512A0250710000087509C10E552A0250D3
S3150100C3007128E0001D293950714000005D49026025
S3150100C31078000B2A78000B267128E0001D29395078
S3150100C320592902607529043F7009A8637F8000209E
S3150100C3307D2000267529E0077D2801207A010070FD
S3150100C340513F001C514900045129000003130324E5
S3150100C3504805480679FF570D0231700998007F801C
S3150100C36000207D2000267529E0077D2801207A120C
S3150100C370003E513F001851490004512900000313A2
S3150100C38003244805480679FF56DB023170099800F7
S3150100C3907F8000207D2000267529E0077D28012069
S3150100C3A07A12000C7120000178000008712000004B
S3150100C3B0353F0008313F00087529063F700998008E
S3150100C3C07F8000207D2000267529E0077D28012039
S3150100C3D07A12015A7128E0001D493950512A02503A
S3150100C3E0710000047509C10E552A02507128E0003A
S3150100C3F01D293950714000005D4902607128E00035
S3150100C4001D293950512901CC553F000C7128E000F6
S3150100C4101D2939507140000D554901CC7128E000A4
S3150100C4201D293950512902541929C008700998004B
S3150100C4307F8000207D2000267529E0077D280120C8
S3150100C4407A1200D67128E0001D293950512902546B
S3150100C4507D29E4701929C0037529063F70099801E1
S3150100C4607F8000207D400026754AE0077D48012037
S3150100C4707A120020700998027F8000207D20002614
S3150100C4807529E0077D2801207A12004C7800008A80
S3150100C4907128E0001D293950512901CC7009980DE8
S3150100C4A07F8000207D2000267529E0077D28012058
S3150100C4B07A0200207128E0001D493950512A0254A0
S3150100C4C0710000027509E086552A02547800004A77
S3150100C4D0780000467128E0001D293950512901CC08
S3150100C4E07009980C7F8000207D2000267529E007C1
S3150100C4F07D2801207A0200207128E0001D4939506B
S3150100C500512A0254710000017509E086552A025428
S3150100C5107800000444007128E0001D293950515F5C
S3150100C520000C554901CC78000914780009107128CE
S3150100C530E0001D293950592902607529043F700907
S3150100C540A8637F8000207D2000267529E0077D28CD
S3150100C55001207A01015A7128E0001D493950512AFA
S3150100C5600250710000067509C10E552A0250712844
S3150100C570E0001D293950714000005D4902607128B3
S3150100C580E0001D293950512901CC553F000C712875
S3150100C590E0001D29395071400007554901CC712829
S3150100C5A0E0001D293950512902581929C340700943
S3150100C5B098007F8000207D2000267529E0077D28D0
S3150100C5C001207A1200D67128E0001D29395051291F
S3150100C5D002547D29B4701929C0037529063F7009D3
S3150100C5E098017F8000207D400026754AE0077D483E
S3150100C5F001207A120020700998027F8000207D2098
S3150100C60000267529E0077D2801207A12004C780062
S3150100C610008A7128E0001D293950512901CC700981
S3150100C62098077F8000207D2000267529E0077D2858
S3150100C63001207A0200207128E0001D493950512A53
S3150100C6400254710000027509B212552A025478008B
S3150100C650004A780000467128E0001D293950512909
S3150100C66001CC700998067F8000207D20002675295F
S3150100C670E0077D2801207A0200207128E0001D498B
S3150100C6803950512A0254710000017509B212552A16
S3150100C69002547800000444007128E0001D29395035
S3150100C6A0515F000C554901CC780007927800078E3E
S3150100C6B07128E0001D293950592902607529043F66
S3150100C6C07009A8637F8000207D2000267529E00778
S3150100C6D07D2801207A0100307128E0001D4939507A
S3150100C6E0512A0250710000037509C10E552A0250E4
S3150100C6F07128E0001D293950714000005D49026032
S3150100C7007800073A780007367128E0001D2939506C
S3150100C710592902607529043F7009A9F37F80002019
S3150100C7207D2000267529E0077D2801207A01015A1E
S3150100C7307128E0001D493950512A02507100000745
S3150100C7407509C10E552A02507128E0001D2939507C
S3150100C750714000005D4902607128E0001D293950D1
S3150100C760512901CC553F000C7128E0001D29395093
S3150100C77071400009554901CC7128E0001D29395045
S3150100C780512902581929C320700998007F80002079
S3150100C7907D2000267529E0077D2801207A1200D622
S3150100C7A07128E0001D293950512902547D29A470B0
S3150100C7B01929C0037529063F700998017F80002059
S3150100C7C07D400026754AE0077D4801207A12002047
S3150100C7D0700998027F8000207D2000267529E007D8
S3150100C7E07D2801207A12004C7800008A7128E00029
S3150100C7F01D293950512901CC700998097F800020E3
S3150100C8007D2000267529E0077D2801207A02002077
S3150100C8107128E0001D493950512A02547100000265
S3150100C8207509A296552A02547800004A78000046F6
S3150100C8307128E0001D293950512901CC7009980849
S3150100C8407F8000207D2000267529E0077D280120B4
S3150100C8507A0200207128E0001D493950512A0254FC
S3150100C860710000017509A296552A02547800000448
S3150100C87044007128E0001D293950515F000C5549CB
S3150100C88001CC780005B8780005B47128E0001D29AF
S3150100C8903950592902607529043F7009A8637F80C0
S3150100C8A000207D2000267529E0077D2801207A01D8
S3150100C8B000307128E0001D493950512A025071009B
S3150100C8C000097509C10E552A02507128E0001D297B
S3150100C8D03950714000005D490260780005607800BA
S3150100C8E0055C7128E0001D29395059290260752916
S3150100C8F0043F7009A8317F8000207D20002675291C
S3150100C900E0077D2801207A0101567128E0001D29E2
S3150100C9103950512901CC553F000C7128E0001D29E1
S3150100C920395071400003554901CC7128E0001D2999
S3150100C9303950512902541929C010700998007F8075
S3150100C94000207D2000267529E0077D2801207A1226
S3150100C95000D27128E0001D293950512902547D2940
S3150100C960F4707529063F700998017F8000207D408B
S3150100C9700026754AE0077D4801207A1200207009D9
S3150100C98098027F8000207D2000267529E0077D28FA
S3150100C99001207A12004C7800008A7128E0001D29D6
S3150100C9A03950512901CC700998037F8000207D20E0
S3150100C9B000267529E0077D2801207A0200207128CA
S3150100C9C0E0001D493950512A0254710000027509CF
S3150100C9D0F002552A02547800004A78000046712870
S3150100C9E0E0001D293950512901CC700998027F8038
S3150100C9F000207D2000267529E0077D2801207A0286
S3150100CA0000207128E0001D493950512A0254710055
S3150100CA1000017509F002552A025478000004440009
S3150100CA207128E0001D293950515F000C554901CC90
S3150100CA307128E0001D493950512A02507100000544
S3150100CA407509C10E552A02507128E0001D29395079
S3150100CA50714000005D490260780003E2780003DE60
S3150100CA607128E0001D293950592902607529043FB2
S3150100CA707009AB1F7F8000207D2000267529E00705
S3150100CA807D2801207A0100D8513F00245149000434
S3150100CA9051290000031303244805480679FF4FC5B1
S3150100CAA00231700998007F8000207D2000267529BB
S3150100CAB0E0077D2801207A1200A6513F002851493E
S3150100CAC0000451290000031303244805480679FF91
S3150100CAD04F930231700998007F8000207D20002647
S3150100CAE07529E0077D2801207A120074513F002C38
S3150100CAF0514900045129000003130324480548063F
S3150100CB0079FF4F610231700998007F8000207D20F6
S3150100CB1000267529E0077D2801207A120042712836
S3150100CB20E0001D293CD8514902BC512902B8031322
S3150100CB3003244805480679FF4F2B023170099800F6
S3150100CB407F8000207D2000267529E0077D280120B1
S3150100CB507A12000C71200001780000087120000093
S3150100CB60353F0008313F00087529063F70099800D6
S3150100CB707F8000207D2000267529E0077D28012081
S3150100CB807A12014A7128E0001D493950512A025092
S3150100CB90710000027509C10E552A02507128E00084
S3150100CBA01D293950512901CC553F000C7128E0004F
S3150100CBB01D2939507140000F554901CC7128E000FB
S3150100CBC01D293950512902541929C00470099800A8
S3150100CBD07F8000207D2000267529E0077D28012021
S3150100CBE07A1200D67128E0001D29395051290254C4
S3150100CBF07D29D4701929C0037529063F700998014A
S3150100CC007F8000207D400026754AE0077D4801208F
S3150100CC107A120020700998027F8000207D2000266C
S3150100CC207529E0077D2801207A12004C7800008AD8
S3150100CC307128E0001D293950512901CC7009980F3E
S3150100CC407F8000207D2000267529E0077D280120B0
S3150100CC507A0200207128E0001D493950512A0254F8
S3150100CC60710000027509D10A552A02547800004A5A
S3150100CC70780000467128E0001D293950512901CC60
S3150100CC807009980E7F8000207D2000267529E00717
S3150100CC907D2801207A0200207128E0001D493950C3
S3150100CCA0512A0254710000017509D10A552A02540C
S3150100CCB07800000444007128E0001D293950515FB5
S3150100CCC0000C554901CC7800017478000170712877
S3150100CCD0E0001D293950592902607529043F700960
S3150100CCE0A9F37F8000207D2000267529E0077D2895
S3150100CCF001207A0101467128E0001D493950512A67
S3150100CD000250710000017509C10E552A02507128A1
S3150100CD10E0001D293950512901CC553F000C7128DD
S3150100CD20E0001D29395071400001554901CC712897
S3150100CD30E0001D293950512902581929C38070096B
S3150100CD4098007F8000207D2000267529E0077D2838
S3150100CD5001207A1200D67128E0001D293950512987
S3150100CD6002547D29C4701929C0037529063F70092B
S3150100CD7098017F8000207D400026754AE0077D48A6
S3150100CD8001207A120020700998027F8000207D2000
S3150100CD9000267529E0077D2801207A12004C7800CB
S3150100CDA0008A7128E0001D293950512901CC7009EA
S3150100CDB098017F8000207D2000267529E0077D28C7
S3150100CDC001207A0200207128E0001D493950512ABC
S3150100CDD00254710000027509C18E552A0254780069
S3150100CDE0004A780000467128E0001D293950512972
S3150100CDF001CC700998007F8000207D2000267529CE
S3150100CE00E0077D2801207A0200207128E0001D49F3
S3150100CE103950512A0254710000017509C18E552AF3
S3150100CE2002547800000444007128E0001D2939509D
S3150100CE30515F000C554901CC4400197F8038500BD5
S3150100CE400004009053EBFFFC03310004182106F0A7
S3150100CE500080D501D3F1011F79FFD7FF197F80101B
S3150100CE60500B0004009053EBFFFC03310004182122
S3150100CE7006F00080D501D3F1011F79FF8B9379FF6D
S3150100CE807529197F8010500B0004009053EBFFFCAD
S3150100CE9003310004182106F00080D501D3F1011FEA
S3150100CEA0480379FF88F1197F8010500B0004009028
S3150100CEB053EBFFFC03310004701E7E487C21016E9A
S3150100CEC00080540109BC578109A857A109AC57C173
S3150100CED009B057E109B4011F4813486479FFBE013F
S3150100CEE002307D0A43787D4918707D2A4B787D4949
S3150100CEF018707D2A48507D294214714CE666714CA2
S3150100CF00C6677D4950967D4A16707D29FE707D293A
S3150100CF105050752A043F7128E0001D293CD85D490F
S3150100CF20033A4E3379FF74B10231752A063F7128EF
S3150100CF30E0001D293CD8354903E17128E0001D298F
S3150100CF403CD8312903E17529063F700998007F8095
S3150100CF5000207D2000267529FFFF7529063F353FF4
S3150100CF600008313F00087529063F03137087E5E184
S3150100CF707088C7AE7128E0001CA912207128E00054
S3150100CF801CC93CA879FFDD3D4AD379FF744B0231B8
S3150100CF90752A063F7128E0001D293CD8354903E270
S3150100CFA07128E0001D293950512902541929C1015E
S3150100CFB0700998007F8000207D2000267529E007F2
S3150100CFC07D2801207A02008C7128E0001D49395024
S3150100CFD0512A025471000001750945EE552A025481
S3150100CFE07128E0001D493950512A02507100000391
S3150100CFF075091EF8552A02507128E0001D2939507D
S3150100D00051490094512900900313032470A7E78422
S3150100D01070AFC2E170C8E7AE70C2C47B79FF44F15C
S3150100D020024202317108E0001D083950552800906E
S3150100D030554800947128E0001D091358712000001D
S3150100D040714000005528000055480004780004147A
S3150100D0507128E0001D293950512902507D291C7083
S3150100D0601929C0037529063F700998017F800020A0
S3150100D0707D400026754AE0077D4801207A1200208E
S3150100D080700998027F8000207D2000267529E0071F
S3150100D0907D2801207A1200A4780001547128E0004D
S3150100D0A01D293CD8312903E27529063F70099800EC
S3150100D0B07F8000207D2000267529E0077D2801203C
S3150100D0C07A0200747128E0001D493950512A025034
S3150100D0D07100000375091EF8552A02507128E000F7
S3150100D0E01D293950514900945129009003130324F5
S3150100D0F070A7E78470AFC2E170C8E7AE70C2C47BA7
S3150100D10079FF440D024202317108E0001D083950D1
S3150100D11055280090554800947128E0001D091358C0
S3150100D1207120000071400000552800005548000498
S3150100D130780003307800032C7128E0001D0913588C
S3150100D1407127E7F07140000055280000554800049A
S3150100D1507128E0001D293CD8312903E27529063FD3
S3150100D160700998007F8000207D2000267529E00740
S3150100D1707D2801207A1200747128E0001D4939507A
S3150100D180512A02507100000375091EF8552A0250F2
S3150100D1907128E0001D293950514900945129009008
S3150100D1A00313032470A7E78470AFC2E170C8E7AE2A
S3150100D1B070C2C47B79FF4359024202317108E00013
S3150100D1C01D08395055280090554800947128E000F3
S3150100D1D01D091358712000007140000055280000F8
S3150100D1E0554800047800027C780002787128E00036
S3150100D1F01D091358712000007140000055280000D8
S3150100D200554800047128E0001D293CD8312903E264
S3150100D2107529063F700998007F8000207D20002631
S3150100D2207529E0077D2801207A02004A7128E0006D
S3150100D2301D293950514900945129009003130324A3
S3150100D24070A7E7BC70A5C0F570D8E00079FF495911
S3150100D2500231700998007F8000207D200026752903
S3150100D260E0077D2801207A00000C7120000178007A
S3150100D270000871200000353F015A313F015A7529D6
S3150100D280063F700998007F8000207D2000267529C1
S3150100D290E0077D2801207A1200747128E0001D49FB
S3150100D2A03950512A02507100000375091EF8552A9A
S3150100D2B002507128E0001D29395051490094512925
S3150100D2C000900313032470A7E78470AFC2E170C80E
S3150100D2D0E7AE70C2C47B79FF423702420231710860
S3150100D2E0E0001D08395055280090554800947128D2
S3150100D2F0E0001D09135871200000714000005528F7
S3150100D300000055480004780001587128E0001D29E5
S3150100D310395051490094512900900313032470A7F1
S3150100D320E7BC70A5C0F570D8E00079FF480F02315F
S3150100D330700998007F8000207D2000267529E0076E
S3150100D3407D2801207A1000507128E0001D493950CE
S3150100D350512A02507100000275091EF8552A025021
S3150100D3607128E0001D0913587127E7F0714000008C
S3150100D37055280000554800047128E0001D09395060
S3150100D3807120000071400000552800905548009416
S3150100D390780000CE7128E0001D29395051490094CA
S3150100D3A0512900900313032470A7E7BC70A5C0F5AB
S3150100D3B070D8E00079FF47F10231700998007F804B
S3150100D3C000207D2000267529E0077D2801207A00AE
S3150100D3D000347128E0001D293CD8312903E2752962
S3150100D3E0063F700998007F8000207D200026752960
S3150100D3F0E0077D2801207A12000C712000017800D7
S3150100D400000871200000353F015A313F015A752944
S3150100D410063F700998007F8000207D20002675292F
S3150100D420E0077D2801207A1200387128E0001D49A5
S3150100D4303950512A02507100000175091EF8552A0A
S3150100D44002507128E0001D09395071200000714019
S3150100D45000005528009055480094780000044400C7
S3150100D4604DC379FF6F730231752A063F7128E000BB
S3150100D4701D293CD8354903E37060009879FF6F593F
S3150100D4800231752A063F7128E00035491348712893
S3150100D490E00031291348752A063F7128E0001D294D
S3150100D4A03CD8354903E47128E0001D293CD83129CF
S3150100D4B003E3752A063F7128E0001D293CD835494A
S3150100D4C003E57128E0001D2913585149000451292B
S3150100D4D000007108E0001D083CD8552801F85548A0
S3150100D4E001FC7128E0001D2912205149000451292F
S3150100D4F000007108E0001D083CD855280200554877
S3150100D50002047128E0001D293CD85929033A7529DE
S3150100D510043F7009ADDC7F8000207FDDE8427D207D
S3150100D52000267529FFFF7529063F7D2A4B7871284C
S3150100D530E000354911487128E00031291148752A62
S3150100D540063F7128E0001D293CD8354903E67120C4
S3150100D550000071400000553F0910555F0914712004
S3150100D5600000353F015B7128E0001D293CD871415F
S3150100D570E4FF7158C7EF554902F87128E0001D29EB
S3150100D5803CD871400008354903751D3F0910480311
S3150100D5904814031579FFA7930231752A063F7128AE
S3150100D5A0E0001D293CD83549036C313F015B7529E3
S3150100D5B0063F195F80087D2A4A1431290908752A10
S3150100D5C0063F7128E0001D293CD83549036D313FDE
S3150100D5D0015B7529063F19298001353F015B313F02
S3150100D5E0015B7529063F195F80087D2A4A14312996
S3150100D5F00908752A063F7128E0001D293CD83549DE
S3150100D600036E313F015B7529063F19298001353FBC
S3150100D610015B313F015B7529063F195F80087D2A51
S3150100D6204A1431290908752A063F7128E0001D2987
S3150100D6303CD83549036F313F015B7529063F1929EE
S3150100D6408001353F015B313F015B7529063F195F5B
S3150100D65080087D2A4A1431290908752A063F71284E
S3150100D660E0001D293CD835490370313F015B75291E
S3150100D670063F19298001353F015B313F015B752961
S3150100D680063F195F80087D2A4A1431290908752A3F
S3150100D690063F7128E0001D293CD835490371313F09
S3150100D6A0015B7529063F19298001353F015B313F31
S3150100D6B0015B7529063F195F80087D2A4A143129C5
S3150100D6C00908752A063F7128E0001D293CD835490D
S3150100D6D00372313F015B7529063F19298001353FE8
S3150100D6E0015B313F015B7529063F195F80087D2A81
S3150100D6F04A1431290908752A063F7128E0001D29B7
S3150100D7003CD835490373313F015B7529063F192919
S3150100D7108001353F015B313F015B7529063F195F8A
S3150100D72080087D2A4A1431290908752A063F71287D
S3150100D730E0001D293CD835490374313F015B752949
S3150100D740063F19298001353F015B7128E0001D293B
S3150100D7503CD83129036C7529063F700998007F80F2
S3150100D76000207D2000267529E0077D2801207A12F8
S3150100D770069A71200000353F015C7128E0001D29E1
S3150100D7803CD871400008354900617128E0001D2927
S3150100D7903CD8514902F87128E0001D293CD8554969
S3150100D7A000647128E0001D293CD87140000135490B
S3150100D7B00060313F015C7529063F7148E0001D4A52
S3150100D7C03CD8314A036D754A063F7108E0001D08D1
S3150100D7D03CD87D284A1435490070313F015C7529D2
S3150100D7E0063F19298001353F015C313F015C7529EE
S3150100D7F0063F7148E0001D4A3CD8314A036E754A1E
S3150100D800063F7108E0001D083CD87D284A143549B9
S3150100D8100070313F015C7529063F19298001353FAA
S3150100D820015C313F015C7529063F7148E0001D4AE4
S3150100D8303CD8314A036F754A063F7108E0001D085E
S3150100D8403CD87D284A1435490070313F015C752961
S3150100D850063F19298001353F015C313F015C75297D
S3150100D860063F7148E0001D4A3CD8314A0370754AAB
S3150100D870063F7108E0001D083CD87D284A14354949
S3150100D8800070313F015C7529063F19298001353F3A
S3150100D890015C313F015C7529063F7148E0001D4A74
S3150100D8A03CD8314A0371754A063F7108E0001D08EC
S3150100D8B03CD87D284A1435490070313F015C7529F1
S3150100D8C0063F19298001353F015C313F015C75290D
S3150100D8D0063F7148E0001D4A3CD8314A0372754A39
S3150100D8E0063F7108E0001D083CD87D284A143549D9
S3150100D8F00070313F015C7529063F19298001353FCA
S3150100D900015C313F015C7529063F7148E0001D4A03
S3150100D9103CD8314A0373754A063F7108E0001D0879
S3150100D9203CD87D284A1435490070313F015C752980
S3150100D930063F19298001353F015C313F015C75299C
S3150100D940063F7148E0001D4A3CD8314A0374754AC6
S3150100D950063F7108E0001D083CD87D284A14354968
S3150100D9600070313F015C7529063F19298001353F59
S3150100D970015C7128E0001D293CD831290061752917
S3150100D980063F7009A8087F8000207D2000267529A2
S3150100D990E0077D2801207A0204727128E0001D2922
S3150100D9A03CD851490064713F7FFF7F8A48007D2042
S3150100D9B000267529E0077D2801207A12044E712878
S3150100D9C0E0001D293CD8514900647121E4FF7138FA
S3150100D9D0C7EF7F8A48007D2000267529E0077D284C
S3150100D9E001207A0204267128E0001D293CD831293C
S3150100D9F000607529063F7009A8017F8000207D20FF
S3150100DA0000267529E0077D2801207A0203FE712090
S3150100DA10000071400000553F0160555F01647120AF
S3150100DA2000005D3F0168712000005D3F016A7128B9
S3150100DA30E0001D293CD8312900767529063F752A53
S3150100DA40043F593F016A7D494B785D3F016A712860
S3150100DA50E0001D293CD8312900777529063F752933
S3150100DA60043F7D294070752A043F593F016A7D496B
S3150100DA704B785D3F016A593F016A5D3F0168593F35
S3150100DA8001687529043F031379FF43CD0242023130
S3150100DA90553F0160555F0164513F0160515F01646B
S3150100DAA0553F0170555F0174507F0170509F01749D
S3150100DAB070A7E7B970B3C19970D3E19970D3C19AD0
S3150100DAC079FF3B0D024202310313032470A8E0994A
S3150100DAD0480679FF3A9502420231553F0170555F7A
S3150100DAE001747128E0001D091340513F0170515F17
S3150100DAF0017455280000554800047120000071404A
S3150100DB000000553F0178555F017C712000005D3FA3
S3150100DB100180712000005D3F01827128E0001D290E
S3150100DB203CD8312900747529063F752A043F593FAF
S3150100DB3001827D494B785D3F01827128E0001D29F4
S3150100DB403CD8312900757529063F7529043F7D2981
S3150100DB504070752A043F593F01827D494B785D3FEC
S3150100DB600182593F01825D3F0180593F018075293C
S3150100DB70043F031379FF42E102420231553F017826
S3150100DB80555F017C513F0178515F017C553F01880A
S3150100DB90555F018C507F0188509F018C70A7E7B9B2
S3150100DBA070B3C19970D3E19970D3C19A79FF3A21C3
S3150100DBB0024202310313032470A8E099480679FF53
S3150100DBC039A902420231553F0188555F018C7128FE
S3150100DBD0E0001D091368513F0188515F018C5528EA
S3150100DBE00000554800047120000071400000553FB7
S3150100DBF00190555F019471200000353F0198712015
S3150100DC000000353F01997128E0001D293CD83129D2
S3150100DC100070752A063F313F01997D494B78353FA2
S3150100DC200199313F0199353F0198313F0198752995
S3150100DC30063F031379FF422102420231553F01900B
S3150100DC40555F0194513F0190515F0194553F01A0E9
S3150100DC50555F01A4507F01A0509F01A470A8E0491F
S3150100DC60480679FF390502420231553F01A0555F49
S3150100DC7001A47128E0001D091208513F01A0515F5E
S3150100DC8001A4552800005548000471200000714088
S3150100DC900000553F01A8555F01AC71200000353FDA
S3150100DCA001B071200000353F01B17128E0001D2946
S3150100DCB03CD831290071752A063F313F01B17D49B2
S3150100DCC04B78353F01B1313F01B1353F01B0313FAD
S3150100DCD001B07529063F031379FF417D02420231E6
S3150100DCE0553F01A8555F01AC513F01A8515F01ACF9
S3150100DCF0553F01B8555F01BC507F01B8509F01BC2B
S3150100DD0070A8E049480679FF386102420231553F61
S3150100DD1001B8555F01BC7128E0001D0912E0513FB1
S3150100DD2001B8515F01BC5528000055480004712017
S3150100DD30000071400000553F01C0555F01C47120CC
S3150100DD4000005D3F01C8712000005D3F01CA7128D6
S3150100DD50E0001D293CD8312900727529063F752A34
S3150100DD60043F593F01CA7D494B785D3F01CA71287D
S3150100DD70E0001D293CD8312900737529063F752914
S3150100DD80043F7D294070752A043F593F01CA7D49E8
S3150100DD904B785D3F01CA593F01CA5D3F01C8593FF2
S3150100DDA001C87529043F031379FF40AD02420231D0
S3150100DDB0553F01C0555F01C4513F01C0515F01C4C8
S3150100DDC0553F01D0555F01D4507F01D0509F01D4FA
S3150100DDD070A7E7B970B3C19970D3E19970D3C19AAD
S3150100DDE079FF37ED02420231553F01D0555F01D42B
S3150100DDF07128E0001D0911F8513F01D0515F01D48E
S3150100DE0055280000554800047120000071400000AB
S3150100DE10553F0918555F091C71200000353F01D88F
S3150100DE207128E0001D293CD87141E4FF7158C6EF05
S3150100DE30554902FC7128E0001D293CD871400008B3
S3150100DE403549037F1D3F091848034804031579FF27
S3150100DE509ED90231752A063F7128E0001D293CD85A
S3150100DE6035490376313F01D87529063F195F800888
S3150100DE707D2A4A1431290910752A063F7128E000C6
S3150100DE801D293CD835490377313F01D87529063F0D
S3150100DE9019298001353F01D8313F01D87529063F3F
S3150100DEA0195F80087D2A4A1431290910752A063F0F
S3150100DEB07128E0001D293CD835490378313F01D846
S3150100DEC07529063F19298001353F01D8313F01D80F
S3150100DED07529063F195F80087D2A4A1431290910E0
S3150100DEE0752A063F7128E0001D293CD8354903797A
S3150100DEF0313F01D87529063F19298001353F01D8DF
S3150100DF00313F01D87529063F195F80087D2A4A14D9
S3150100DF1031290910752A063F7128E0001D293CD8D0
S3150100DF203549037A313F01D87529063F1929800100
S3150100DF30353F01D8313F01D87529063F195F800861
S3150100DF407D2A4A1431290910752A063F7128E000F5
S3150100DF501D293CD83549037B313F01D87529063F38
S3150100DF6019298001353F01D8313F01D87529063F6E
S3150100DF70195F80087D2A4A1431290910752A063F3E
S3150100DF807128E0001D293CD83549037C313F01D871
S3150100DF907529063F19298001353F01D8313F01D83E
S3150100DFA07529063F195F80087D2A4A14312909100F
S3150100DFB0752A063F7128E0001D293CD83549037DA5
S3150100DFC0313F01D87529063F19298001353F01D80E
S3150100DFD0313F01D87529063F195F80087D2A4A1409
S3150100DFE031290910752A063F7128E0001D293CD800
S3150100DFF03549037E313F01D87529063F192980012C
S3150100E000353F01D87128E0001D293CD83129037616
S3150100E0107529063F700998007F8000207D20002623
S3150100E0207529E0077D2801207A120BA671200000D0
S3150100E030353F01D97128E0001D293CD871400008FF
S3150100E040354900497128E0001D293CD8514902FC97
S3150100E0507128E0001D293CD85549004C7128E00083
S3150100E0601D293CD87140000135490048313F01D98D
S3150100E0707529063F7148E0001D4A3CD8314A0377AD
S3150100E080754A063F7108E0001D083CD87D284A14F0
S3150100E09035490058313F01D97529063F19298001B3
S3150100E0A0353F01D9313F01D97529063F7148E00055
S3150100E0B01D4A3CD8314A0378754A063F7108E0008B
S3150100E0C01D083CD87D284A1435490058313F01D9ED
S3150100E0D07529063F19298001353F01D9313F01D9FB
S3150100E0E07529063F7148E0001D4A3CD8314A03793B
S3150100E0F0754A063F7108E0001D083CD87D284A1480
S3150100E10035490058313F01D97529063F1929800142
S3150100E110353F01D9313F01D97529063F7148E000E4
S3150100E1201D4A3CD8314A037A754A063F7108E00018
S3150100E1301D083CD87D284A1435490058313F01D97C
S3150100E1407529063F19298001353F01D9313F01D98A
S3150100E1507529063F7148E0001D4A3CD8314A037BC8
S3150100E160754A063F7108E0001D083CD87D284A140F
S3150100E17035490058313F01D97529063F19298001D2
S3150100E180353F01D9313F01D97529063F7148E00074
S3150100E1901D4A3CD8314A037C754A063F7108E000A6
S3150100E1A01D083CD87D284A1435490058313F01D90C
S3150100E1B07529063F19298001353F01D9313F01D91A
S3150100E1C07529063F7148E0001D4A3CD8314A037D56
S3150100E1D0754A063F7108E0001D083CD87D284A149F
S3150100E1E035490058313F01D97529063F1929800162
S3150100E1F0353F01D9313F01D97529063F7148E00004
S3150100E2001D4A3CD8314A037E754A063F7108E00033
S3150100E2101D083CD87D284A1435490058313F01D99B
S3150100E2207529063F19298001353F01D97128E0007A
S3150100E2301D293CD8312900497529063F7009A808CE
S3150100E2407F8000207D2000267529E0077D2801209A
S3150100E2507A02097E7128E0001D293CD85149004CFB
S3150100E260713F7FFF7F8A48007D2000267529E007E0
S3150100E2707D2801207A12095A7128E0001D293CD80F
S3150100E2805149004C7121E4FF7138C6EF7F8A48007D
S3150100E2907D2000267529E0077D2801207A020932B2
S3150100E2A07128E0001D293CD8312900487529063F0F
S3150100E2B07009A8017F8000207D2000267529E007CE
S3150100E2C07D2801207A02090A7120000071400000B0
S3150100E2D0553F01E0555F01E471200000353F01E83B
S3150100E2E071200000353F01E97128E0001D293CD865
S3150100E2F03129005D7529063F1929C0207D292E7017
S3150100E300752A063F313F01E97D494B78353F01E9E1
S3150100E310313F01E9353F01E8313F01E87529063F03
S3150100E320031379FF3B3302420231553F01E0555F4A
S3150100E33001E4513F01E0515F01E4553F01F0555FB2
S3150100E34001F47128E0001D0912C0513F01F0515F2F
S3150100E35001F4552800005548000471200000714061
S3150100E3600000553F01F8555F01FC71200000353F63
S3150100E370020071200000353F02017128E0001D29CD
S3150100E3803CD83129005F7529063F7D290774192973
S3150100E390C0037D2A0774313F02017D2907747D4937
S3150100E3A04B787D290774353F0201313F0201353F24
S3150100E3B00200313F02007529063F031379FF3A999E
S3150100E3C002420231553F01F8555F01FC513F01F808
S3150100E3D0515F01FC553F0208555F020C7128E000B0
S3150100E3E01D0911D8513F0208515F020C5528000042
S3150100E3F0554800047120000071400000553F02108D
S3150100E400555F021471200000353F0218712000008B
S3150100E410353F02197128E0001D293CD83129005DDC
S3150100E4207529063F1929C0407D293670752A063F90
S3150100E430313F02197D494B78353F0219313F0219A7
S3150100E440353F0218313F02187529063F031379FF3C
S3150100E4503A0702420231553F0210555F0214513FFD
S3150100E4600210515F0214553F0220555F02247128A4
S3150100E470E0001D093CD8513F0220515F0224552876
S3150100E48002085548020C7120000071400000553FFA
S3150100E4900228555F022C71200000353F02307120A1
S3150100E4A00000353F02317128E0001D293CD8312991
S3150100E4B0005D7529063F7D2907741929C0017D2A4A
S3150100E4C00774313F02317D2907747D494B787D29D7
S3150100E4D00774353F0231313F0231353F0230313F5A
S3150100E4E002307529063F031379FF396D0242023165
S3150100E4F0553F0228555F022C513F0228515F022CDD
S3150100E500553F0238555F023C7128E0001D0912F0A3
S3150100E510513F0238515F023C55280000554800041E
S3150100E5207120000071400000553F0240555F0244D2
S3150100E53071200000353F024871200000353F024935
S3150100E5407128E0001D293CD83129005E7529063F56
S3150100E5507D2907741929C0017D2A0774313F0249B3
S3150100E5607D2907747D494B787D290774353F02491A
S3150100E570313F0249353F0248313F02487529063F7E
S3150100E580031379FF38D302420231553F0240555FEA
S3150100E5900244513F0240515F0244553F0250555FCC
S3150100E5A002547128E0001D093CD8513F0250515FC9
S3150100E5B0025455280210554802147120000071407A
S3150100E5C00000553F0258555F025C71200000353F3F
S3150100E5D0026071200000353F02617128E0001D29AB
S3150100E5E03CD83129005C752A063F313F02617D49DD
S3150100E5F04B78353F0261313F0261353F0260313F61
S3150100E60002607529063F031379FF384D0242023134
S3150100E610553F0258555F025C513F0258515F025CFB
S3150100E620553F0268555F026C7128E0001D093CD810
S3150100E630513F0268515F026C552802185548021C69
S3150100E6407120000071400000553F0270555F027451
S3150100E65071200000353F027871200000353F0279B4
S3150100E6607128E0001D293CD83129005E7529063F35
S3150100E6701929C0027D290E70752A063F313F02799C
S3150100E6807D494B78353F0279313F0279353F027832
S3150100E690313F02787529063F031379FF37BB0242E2
S3150100E6A00231553F0270555F0274513F0270515F4E
S3150100E6B00274553F0280555F02847128E0001D09EE
S3150100E6C03CD8513F0280515F0284552802205548AB
S3150100E6D002247120000071400000553F0288555FF9
S3150100E6E0028C71200000353F029071200000353FF9
S3150100E6F002917128E0001D293CD83129005D752958
S3150100E700063F1929C0087D291E70752A063F313F2B
S3150100E71002917D494B78353F0291313F0291353F58
S3150100E7200290313F02907529063F031379FF37297D
S3150100E73002420231553F0288555F028C513F0288E1
S3150100E740515F028C553F0298555F029C7128E0008B
S3150100E7501D093CD8513F0298515F029C5528022859
S3150100E7605548022C7120000071400000553F02A05F
S3150100E770555F02A471200000353F02A871200000F8
S3150100E780353F02A97128E0001D293CD83129005DD9
S3150100E7907529063F7D293C70752A063F313F02A93E
S3150100E7A07D494B78353F02A9313F02A9353F02A881
S3150100E7B0313F02A87529063F031379FF369B0242B2
S3150100E7C00231553F02A0555F02A4513F02A0515F9D
S3150100E7D002A4553F02B0555F02B47128E0001D093D
S3150100E7E03CD8513F02B0515F02B45528023055481A
S3150100E7F002347120000071400000553F02B8555F98
S3150100E80002BC71200000353F02C071200000353F77
S3150100E81002C17128E0001D293CD83129005D752906
S3150100E820063F1929C0107D292670752A063F313FFA
S3150100E83002C17D494B78353F02C1313F02C1353FA7
S3150100E84002C0313F02C07529063F031379FF36091D
S3150100E85002420231553F02B8555F02BC513F02B830
S3150100E860515F02BC553F02C8555F02CC7128E000DA
S3150100E8701D093CD8513F02C8515F02CC55280238C8
S3150100E8805548023C7120000071400000553F02D0FE
S3150100E890555F02D471200000353F02D87120000077
S3150100E8A0353F02D97128E0001D293CD83129005D88
S3150100E8B07529063F1929C0027D290E70752A063F62
S3150100E8C0313F02D97D494B78353F02D9313F02D9D3
S3150100E8D0353F02D8313F02D87529063F031379FF28
S3150100E8E0357702420231553F02D0555F02D4513F7E
S3150100E8F002D0515F02D4553F02E0555F02E4712810
S3150100E900E0001D093CD8513F02E0515F02E4552861
S3150100E9100240554802447120000071400000553FF5
S3150100E92002E8555F02EC71200000353F02F07120CC
S3150100E9300000353F02F17128E0001D293CD831293C
S3150100E940005D7529063F1929C0047D291670752AAF
S3150100E950063F313F02F17D494B78353F02F1313FA8
S3150100E96002F1353F02F0313F02F07529063F0313EC
S3150100E97079FF34E502420231553F02E8555F02EC68
S3150100E980513F02E8515F02EC553F02F8555F02FC28
S3150100E9907128E0001D093CD8513F02F8515F02FC85
S3150100E9A0552802485548024C71200000714000006C
S3150100E9B0553F0300555F030471200000353F0308EE
S3150100E9C071200000353F03097128E0001D293CD85C
S3150100E9D03129005E7529063F7D293C70752A063F5F
S3150100E9E0313F03097D494B78353F0309313F03091F
S3150100E9F0353F0308313F03087529063F031379FFA5
S3150100EA00345702420231553F0300555F0304513F1B
S3150100EA100300515F0304553F0310555F031471282A
S3150100EA20E0001D091140513F0310515F03145528A1
S3150100EA300000554800047120000071400000553F58
S3150100EA400318555F031C712000005D3F03207120F0
S3150100EA5000005D3F03227128E0001D293CD83129C1
S3150100EA6000587529063F752A043F593F03227D49FF
S3150100EA704B785D3F03227128E0001D293CD83129DE
S3150100EA8000597529063F7529043F7D294070752A6D
S3150100EA90043F593F03227D494B785D3F0322593F8D
S3150100EAA003225D3F0320593F03207529043F0313C9
S3150100EAB079FF33A502420231553F0318555F031C06
S3150100EAC0513F0318515F031C553F0328555F032C23
S3150100EAD0507F0328509F032C70A7E7E0480679FF73
S3150100EAE02AEF024202310313032470A8E0C318A5DA
S3150100EAF0D188480679FF2A7302420231553F03281D
S3150100EB00555F032C7128E0001D0911F0513F0328C0
S3150100EB10515F032C55280000554800047120000060
S3150100EB2071400000553F0330555F033471200000EA
S3150100EB305D3F0338712000005D3F033A7128E00014
S3150100EB401D293CD83129005A7529063F752A043FEB
S3150100EB50593F033A7D494B785D3F033A7128E000FE
S3150100EB601D293CD83129005B7529063F7529043FCB
S3150100EB707D294070752A043F593F033A7D494B78F8
S3150100EB805D3F033A593F033A5D3F0338593F033826
S3150100EB907529043F031379FF32BF02420231553F03
S3150100EBA00330555F0334513F0330515F0334553F02
S3150100EBB00340555F03447128E0001D091310513FBE
S3150100EBC00340515F03445528000055480004712055
S3150100EBD0000071400000553F0920555F092471204E
S3150100EBE00000353F03487128E0001D293CD87140DB
S3150100EBF006A25549031C7128E0001D293CD8714025
S3150100EC000008354903CB1D3F092048234904031554
S3150100EC1079FF91170231752A063F7128E0001D29F7
S3150100EC203CD8354903C2313F03487529063F195F70
S3150100EC3080087D2A4A1431290918752A063F712848
S3150100EC40E0001D293CD8354903C3313F03487529E6
S3150100EC50063F19298001353F0348313F034875298D
S3150100EC60063F195F80087D2A4A1431290918752A39
S3150100EC70063F7128E0001D293CD8354903C4313FC0
S3150100EC8003487529063F19298001353F0348313F5D
S3150100EC9003487529063F195F80087D2A4A143129E0
S3150100ECA00918752A063F7128E0001D293CD8354907
S3150100ECB003C5313F03487529063F19298001353FB0
S3150100ECC00348313F03487529063F195F80087D2AAD
S3150100ECD04A1431290918752A063F7128E0001D29B1
S3150100ECE03CD8354903C6313F03487529063F1929E2
S3150100ECF08001353F0348313F03487529063F195FB7
S3150100ED0080087D2A4A1431290918752A063F712877
S3150100ED10E0001D293CD8354903C7313F0348752911
S3150100ED20063F19298001353F0348313F03487529BC
S3150100ED30063F195F80087D2A4A1431290918752A68
S3150100ED40063F7128E0001D293CD8354903C8313FEB
S3150100ED5003487529063F19298001353F0348313F8C
S3150100ED6003487529063F195F80087D2A4A1431290F
S3150100ED700918752A063F7128E0001D293CD8354936
S3150100ED8003C9313F03487529063F19298001353FDB
S3150100ED900348313F03487529063F195F80087D2ADC
S3150100EDA04A1431290918752A063F7128E0001D29E0
S3150100EDB03CD8354903CA313F03487529063F19290D
S3150100EDC08001353F03487128E0001D293CD83129CF
S3150100EDD003C27529063F700998007F8000207D20B7
S3150100EDE000267529E0077D2801207A120674712014
S3150100EDF00000353F03497128E0001D293CD87140C8
S3150100EE000008354901217128E0001D293CD85149E6
S3150100EE10031C7128E0001D293CD85549012471289D
S3150100EE20E0001D293CD87140000035490120313FE1
S3150100EE3003497529063F7148E0001D4A3CD8314A0D
S3150100EE4003C3754A063F7108E0001D083CD87D28BA
S3150100EE504A1435490130313F03497529063F1929BD
S3150100EE608001353F0349313F03497529063F714802
S3150100EE70E0001D4A3CD8314A03C4754A063F710871
S3150100EE80E0001D083CD87D284A1435490130313F40
S3150100EE9003497529063F19298001353F0349313F49
S3150100EEA003497529063F7148E0001D4A3CD8314A9D
S3150100EEB003C5754A063F7108E0001D083CD87D2848
S3150100EEC04A1435490130313F03497529063F19294D
S3150100EED08001353F0349313F03497529063F714892
S3150100EEE0E0001D4A3CD8314A03C6754A063F7108FF
S3150100EEF0E0001D083CD87D284A1435490130313FD0
S3150100EF0003497529063F19298001353F0349313FD8
S3150100EF1003497529063F7148E0001D4A3CD8314A2C
S3150100EF2003C7754A063F7108E0001D083CD87D28D5
S3150100EF304A1435490130313F03497529063F1929DC
S3150100EF408001353F0349313F03497529063F714821
S3150100EF50E0001D4A3CD8314A03C8754A063F71088C
S3150100EF60E0001D083CD87D284A1435490130313F5F
S3150100EF7003497529063F19298001353F0349313F68
S3150100EF8003497529063F7148E0001D4A3CD8314ABC
S3150100EF9003C9754A063F7108E0001D083CD87D2863
S3150100EFA04A1435490130313F03497529063F19296C
S3150100EFB08001353F0349313F03497529063F7148B1
S3150100EFC0E0001D4A3CD8314A03CA754A063F71081A
S3150100EFD0E0001D083CD87D284A1435490130313FEF
S3150100EFE003497529063F19298001353F03497128CF
S3150100EFF0E0001D293CD8312901217529063F7009F8
S3150100F000A8087F8000207D2000267529E0077D283D
S3150100F01001207A02044C7128E0001D293CD851498F
S3150100F0200124713F7FFF7F8A48007D2000267529D4
S3150100F030E0077D2801207A1204287128E0001D29A5
S3150100F0403CD8512901247009AEA27F8000207D2081
S3150100F05000267529E0077D2801207A02040471281B
S3150100F060E0001D293CD8312901207529063F700988
S3150100F07098007F8000207D2000267529E0077D28E5
S3150100F08001207A0203DC7120000071400000553F27
S3150100F0900350555F0354712000005D3F03587120F2
S3150100F0A000005D3F09281D3F0928553F035C712873
S3150100F0B0E0001D293CD8312901317529063F752A01
S3150100F0C0043F593F09287529043F7D494B78752925
S3150100F0D0043F5D3F09287128E0001D293CD83129EC
S3150100F0E001307529063F7529043F7D294070752A2F
S3150100F0F0043F593F09287529043F7D494B787529F5
S3150100F100043F5D3F0928513F035C592900005D3FDB
S3150100F1100358593F03587D290734031379FF2B619F
S3150100F12002420231553F0350555F0354513F03508C
S3150100F130515F0354553F0360555F0364507F03607D
S3150100F140509F036470A7E78C70B9C50F70DDE0AB03
S3150100F15070C9C7A579FF247902420231553F036080
S3150100F160555F03647128E0001D091288513F036051
S3150100F170515F0364552800005548000471200000C2
S3150100F18071400000553F0368555F036C7120000014
S3150100F1905D3F0370712000005D3F092A1D3F092A6A
S3150100F1A0553F03747128E0001D293CD831290133EC
S3150100F1B07529063F752A043F593F092A7529043FD7
S3150100F1C07D494B787529043F5D3F092A7128E00086
S3150100F1D01D293CD8312901327529063F7529043F7D
S3150100F1E07D294070752A043F593F092A7529043F34
S3150100F1F07D494B787529043F5D3F092A513F0374C8
S3150100F200592900005D3F0370593F03707D2907347A
S3150100F210031379FF2A6B02420231553F0368555F9A
S3150100F220036C513F0368515F036C553F0378555F8B
S3150100F230037C507F0378509F037C70A7E78C70B9DD
S3150100F240C50F70DDE0AB70C9C7A579FF2383024204
S3150100F2500231553F0378555F037C7128E0001D0993
S3150100F26011A0513F0378515F037C55280000554892
S3150100F27000047120000071400000553F0380555F76
S3150100F2800384712000005D3F0388712000005D3F0B
S3150100F290092C1D3F092C553F038C7128E0001D29BF
S3150100F2A03CD8312901357529063F752A043F593F56
S3150100F2B0092C7529043F7D494B787529043F5D3F2B
S3150100F2C0092C7128E0001D293CD831290134752902
S3150100F2D0063F7529043F7D294070752A043F593F31
S3150100F2E0092C7529043F7D494B787529043F5D3FFB
S3150100F2F0092C513F038C592900005D3F0388593F72
S3150100F30003887D290734031379FF297502420231E7
S3150100F310553F0380555F0384513F0380515F03844A
S3150100F320553F0390555F0394507F0390509F03947C
S3150100F33070A7E78C70B9C50F70DDE0AB70C9C7A5C2
S3150100F34079FF228D02420231553F0390555F0394A6
S3150100F3507128E0001D0911C8513F0390515F0394C4
S3150100F3605528000055480004712000007140000036
S3150100F370553F0398555F039C712000005D3F03A034
S3150100F380712000005D3F092E1D3F092E553F03A444
S3150100F3907128E0001D293CD8312901377529063F1E
S3150100F3A0752A043F593F092E7529043F7D494B783B
S3150100F3B07529043F5D3F092E7128E0001D293CD8BF
S3150100F3C0312901367529063F7529043F7D2940708B
S3150100F3D0752A043F593F092E7529043F7D494B780B
S3150100F3E07529043F5D3F092E513F03A459290000A9
S3150100F3F05D3F03A0593F03A07D290734031379FF1D
S3150100F400287F02420231553F0398555F039C513FC5
S3150100F4100398515F039C553F03A8555F03AC507F8A
S3150100F42003A8509F03AC70A7E78C70B9C50F70DDB8
S3150100F430E0AB70C9C7A579FF219702420231553F5A
S3150100F44003A8555F03AC7128E0001D0911C0513FA7
S3150100F45003A8515F03AC55280000554800047120EC
S3150100F460000071400000553F0930555F0934712095
S3150100F4700000353F03B07128E0001D293CD87140DA
S3150100F480014A554903187128E0001D293CD87140ED
S3150100F4900008354903C11D3F093048234874031547
S3150100F4A079FF88870231752A063F7128E0001D29F8
S3150100F4B03CD8354903B8313F03B07529063F195F7A
S3150100F4C080087D2A4A1431290928752A063F7128A0
S3150100F4D0E0001D293CD8354903B9313F03B07529F0
S3150100F4E0063F19298001353F03B0313F03B0752925
S3150100F4F0063F195F80087D2A4A1431290928752A91
S3150100F500063F7128E0001D293CD8354903BA313F31
S3150100F51003B07529063F19298001353F03B0313FF4
S3150100F52003B07529063F195F80087D2A4A143129DF
S3150100F5300928752A063F7128E0001D293CD835495E
S3150100F54003BB313F03B07529063F19298001353FB9
S3150100F55003B0313F03B07529063F195F80087D2A44
S3150100F5604A1431290928752A063F7128E0001D2908
S3150100F5703CD8354903BC313F03B07529063F1929EB
S3150100F5808001353F03B0313F03B07529063F195F4E
S3150100F59080087D2A4A1431290928752A063F7128CF
S3150100F5A0E0001D293CD8354903BD313F03B075291B
S3150100F5B0063F19298001353F03B0313F03B0752954
S3150100F5C0063F195F80087D2A4A1431290928752AC0
S3150100F5D0063F7128E0001D293CD8354903BE313F5D
S3150100F5E003B07529063F19298001353F03B0313F24
S3150100F5F003B07529063F195F80087D2A4A1431290F
S3150100F6000928752A063F7128E0001D293CD835498D
S3150100F61003BF313F03B07529063F19298001353FE4
S3150100F62003B0313F03B07529063F195F80087D2A73
S3150100F6304A1431290928752A063F7128E0001D2937
S3150100F6403CD8354903C0313F03B07529063F192916
S3150100F6508001353F03B07128E0001D293CD83129CE
S3150100F66003B87529063F700998007F8000207D2028
S3150100F67000267529E0077D2801207A12049E712053
S3150100F6800000353F03B17128E0001D293CD87140C7
S3150100F6900008354901097128E0001D293CD8514966
S3150100F6A003187128E0001D293CD85549010C712821
S3150100F6B0E0001D293CD87140000035490108313F61
S3150100F6C003B17529063F7148E0001D4A3CD8314A0D
S3150100F6D003B9754A063F7108E0001D083CD87D282C
S3150100F6E04A1435490118313F03B17529063F1929D5
S3150100F6F08001353F03B1313F03B17529063F71489A
S3150100F700E0001D4A3CD8314A03BA754A063F7108E2
S3150100F710E0001D083CD87D284A1435490118313FBF
S3150100F72003B17529063F19298001353F03B1313FE0
S3150100F73003B17529063F7148E0001D4A3CD8314A9C
S3150100F74003BB754A063F7108E0001D083CD87D28B9
S3150100F7504A1435490118313F03B17529063F192964
S3150100F7608001353F03B1313F03B17529063F714829
S3150100F770E0001D4A3CD8314A03BC754A063F710870
S3150100F780E0001D083CD87D284A1435490118313F4F
S3150100F79003B17529063F19298001353F03B1313F70
S3150100F7A003B17529063F7148E0001D4A3CD8314A2C
S3150100F7B003BD754A063F7108E0001D083CD87D2847
S3150100F7C04A1435490118313F03B17529063F1929F4
S3150100F7D08001353F03B1313F03B17529063F7148B9
S3150100F7E0E0001D4A3CD8314A03BE754A063F7108FE
S3150100F7F0E0001D083CD87D284A1435490118313FDF
S3150100F80003B17529063F19298001353F03B1313FFF
S3150100F81003B17529063F7148E0001D4A3CD8314ABB
S3150100F82003BF754A063F7108E0001D083CD87D28D4
S3150100F8304A1435490118313F03B17529063F192983
S3150100F8408001353F03B1313F03B17529063F714848
S3150100F850E0001D4A3CD8314A03C0754A063F71088B
S3150100F860E0001D083CD87D284A1435490118313F6E
S3150100F87003B17529063F19298001353F03B1712866
S3150100F880E0001D293CD8312901097529063F700977
S3150100F890A8087F8000207D2000267529E0077D28A5
S3150100F8A001207A0202767128E0001D293CD85149CF
S3150100F8B0010C713F7FFF7F8A48007D200026752954
S3150100F8C0E0077D2801207A1202527128E0001D29E5
S3150100F8D03CD85129010C7009A94A7F8000207D205E
S3150100F8E000267529E0077D2801207A02022E71285B
S3150100F8F0E0001D293CD8312901087529063F700908
S3150100F90098007F8000207D2000267529E0077D284C
S3150100F91001207A0202067120000071400000553F65
S3150100F92003B8555F03BC71200000353F03C0712049
S3150100F9300000353F03C17128E0001D293CD831295B
S3150100F9400118752A063F313F03C17D494B78353F82
S3150100F95003C1313F03C1353F03C0313F03C07529A0
S3150100F960063F031379FF24F102420231553F03B8E2
S3150100F970555F03BC513F03B8515F03BC553F03C8F4
S3150100F980555F03CC7128E0001D091388513F03C858
S3150100F990515F03CC55280000554800047120000032
S3150100F9A071400000553F03D0555F03D4712000001C
S3150100F9B05D3F03D8712000005D3F03DA7128E00046
S3150100F9C01D293CD83129011C7529063F752A043F9A
S3150100F9D0593F03DA7D494B785D3F03DA7128E00030
S3150100F9E01D293CD83129011B7529063F7529043F7C
S3150100F9F07D294070752A043F593F03DA7D494B78CA
S3150100FA005D3F03DA593F03DA5D3F03D8593F03D817
S3150100FA107529043F031379FF243F02420231553F02
S3150100FA2003D0555F03D4513F03D0515F03D4553FF3
S3150100FA3003E0555F03E4507F03E0509F03E470A7A2
S3150100FA40E7B970B3C19970D3E19970D3C19A79FFBF
S3150100FA501B7F024202310313032470A8E08870ABB6
S3150100FA60C26670CCE66670CCC66679FF1AFD0242A4
S3150100FA700231553F03E0555F03E47128E0001D099B
S3150100FA801378513F03E0515F03E4552800005548C0
S3150100FA9000047120000071400000553F03E8555FE6
S3150100FAA003EC71200000353F03F071200000353F63
S3150100FAB003F17128E0001D293CD83129011A752A64
S3150100FAC0063F313F03F17D494B78353F03F1313F25
S3150100FAD003F1353F03F0313F03F07529063F031368
S3150100FAE079FF237502420231553F03E8555F03EC66
S3150100FAF0513F03E8515F03EC553F03F8555F03FCA3
S3150100FB007128E0001D091280513F03F8515F03FC83
S3150100FB10552800005548000471200000714000007E
S3150100FB20553F0938555F093C71200000353F0400F7
S3150100FB307128E0001D293CD8714002805549030017
S3150100FB407128E0001D293CD8714000083549038918
S3150100FB501D3F093848134814031579FF81CD023139
S3150100FB60752A063F7128E0001D293CD835490380D6
S3150100FB70313F04007529063F195F80087D2A4A1422
S3150100FB8031290930752A063F7128E0001D293CD824
S3150100FB9035490381313F04007529063F1929800142
S3150100FBA0353F0400313F04007529063F195F80087F
S3150100FBB07D2A4A1431290930752A063F7128E00049
S3150100FBC01D293CD835490382313F04007529063F7A
S3150100FBD019298001353F0400313F04007529063F8C
S3150100FBE0195F80087D2A4A1431290930752A063F92
S3150100FBF07128E0001D293CD835490383313F0400B3
S3150100FC007529063F19298001353F0400313F04005B
S3150100FC107529063F195F80087D2A4A143129093062
S3150100FC20752A063F7128E0001D293CD83549038411
S3150100FC30313F04007529063F19298001353F04002B
S3150100FC40313F04007529063F195F80087D2A4A1451
S3150100FC5031290930752A063F7128E0001D293CD853
S3150100FC6035490385313F04007529063F192980016D
S3150100FC70353F0400313F04007529063F195F8008AE
S3150100FC807D2A4A1431290930752A063F7128E00078
S3150100FC901D293CD835490386313F04007529063FA5
S3150100FCA019298001353F0400313F04007529063FBB
S3150100FCB0195F80087D2A4A1431290930752A063FC1
S3150100FCC07128E0001D293CD835490387313F0400DE
S3150100FCD07529063F19298001353F0400313F04008B
S3150100FCE07529063F195F80087D2A4A143129093092
S3150100FCF0752A063F7128E0001D293CD8354903883D
S3150100FD00313F04007529063F19298001353F04005A
S3150100FD107128E0001D293CD8312903807529063F49
S3150100FD20700998007F8000207D2000267529E00754
S3150100FD307D2801207A120A2C71200000353F04012A
S3150100FD407128E0001D293CD871400008354900C1E1
S3150100FD507128E0001D293CD8514903007128E000B3
S3150100FD601D293CD8554900C47128E0001D293CD8FD
S3150100FD7071400000354900C0313F04017529063F35
S3150100FD807148E0001D4A3CD8314A0381754A063F55
S3150100FD907108E0001D083CD87D284A14354900D079
S3150100FDA0313F04017529063F19298001353F0401B8
S3150100FDB0313F04017529063F7148E0001D4A3CD8D0
S3150100FDC0314A0382754A063F7108E0001D083CD896
S3150100FDD07D284A14354900D0313F04017529063F73
S3150100FDE019298001353F0401313F04017529063F78
S3150100FDF07148E0001D4A3CD8314A0383754A063FE3
S3150100FE007108E0001D083CD87D284A14354900D008
S3150100FE10313F04017529063F19298001353F040147
S3150100FE20313F04017529063F7148E0001D4A3CD85F
S3150100FE30314A0384754A063F7108E0001D083CD823
S3150100FE407D284A14354900D0313F04017529063F02
S3150100FE5019298001353F0401313F04017529063F07
S3150100FE607148E0001D4A3CD8314A0385754A063F70
S3150100FE707108E0001D083CD87D284A14354900D098
S3150100FE80313F04017529063F19298001353F0401D7
S3150100FE90313F04017529063F7148E0001D4A3CD8EF
S3150100FEA0314A0386754A063F7108E0001D083CD8B1
S3150100FEB07D284A14354900D0313F04017529063F92
S3150100FEC019298001353F0401313F04017529063F97
S3150100FED07148E0001D4A3CD8314A0387754A063FFE
S3150100FEE07108E0001D083CD87D284A14354900D028
S3150100FEF0313F04017529063F19298001353F040167
S3150100FF00313F04017529063F7148E0001D4A3CD87E
S3150100FF10314A0388754A063F7108E0001D083CD83E
S3150100FF207D284A14354900D0313F04017529063F21
S3150100FF3019298001353F04017128E0001D293CD8AB
S3150100FF40312900C17529063F7009A8087F80002064
S3150100FF507D2000267529E0077D2801207A02080404
S3150100FF607128E0001D293CD8514900C4713F7FFF2B
S3150100FF707F8A48007D2000267529E0077D2801201B
S3150100FF807A1207E07128E0001D293CD8512900C4E6
S3150100FF907009AA807F8000207D2000267529E00750
S3150100FFA07D2801207A0207BC7128E0001D293CD872
S3150100FFB0312900C07529063F700998007F8000200D
S3150100FFC07D2000267529E0077D2801207A02079405
S3150100FFD07120000071400000553F0408555F040C74
S3150100FFE0712000005D3F0410712000005D3F094053
S3150100FFF01D3F0940553F04147128E0001D293CD8D6
S31501010000312900D47529063F752A043F593F094014
S315010100107529043F7D494B787529043F5D3F0940A8
S315010100207128E0001D293CD8312900D57529063FE3
S315010100307529043F7D294070752A043F593F0940BE
S315010100407529043F7D494B787529043F5D3F094078
S31501010050513F0414592900005D3F0410593F041012
S315010100607D290734031379FF1C1702420231553FDB
S315010100700408555F040C513F0408515F040C553FB8
S315010100800418555F041C507F0418509F041C70A767
S31501010090E78470A2C20570D7E40170D4C36E79FFFB
S315010100A0152F02420231553F0418555F041C712870
S315010100B0E0001D091178513F0418515F041C5528B0
S315010100C00000554800047120000071400000553FB1
S315010100D00420555F0424712000005D3F042871202E
S315010100E000005D3F09421D3F0942553F042C71281D
S315010100F0E0001D293CD8312900D67529063F752A0C
S31501010100043F593F09427529043F7D494B787529B9
S31501010110043F5D3F09427128E0001D293CD8312980
S3150101012000D77529063F7529043F7D294070752A37
S31501010130043F593F09427529043F7D494B78752989
S31501010140043F5D3F0942513F042C592900005D3F9F
S315010101500428593F04287D290734031379FF1B21FC
S3150101016002420231553F0420555F0424513F0420C8
S31501010170515F0424553F0430555F04347128E00072
S315010101801D091160513F0430515F043455280000A7
S31501010190554800047120000071400000553F0438A4
S315010101A0555F043C712000005D3F04407120000051
S315010101B05D3F04427128E0001D293CD8312900D256
S315010101C07529063F752A043F593F04427D494B78FB
S315010101D05D3F04427128E0001D293CD8312900D335
S315010101E07529063F7529043F7D294070752A043F0B
S315010101F0593F04427D494B785D3F0442593F0442D0
S315010102005D3F0440593F04407529043F031379FFBB
S315010102101C4702420231553F0438555F043C513FA8
S315010102200438515F043C553F0448555F044C71281D
S31501010230E0001D0911B8513F0448515F044C55288E
S315010102400000554800047120000071400000553F2F
S315010102500450555F045471200000353F0458712044
S315010102600000353F04597128E0001D293CD8312988
S3150101027000D17529063F1929C0107D292670752AD5
S31501010280063F313F04597D494B78353F0459313F8A
S315010102900459353F0458313F04587529063F031364
S315010102A079FF1BB502420231553F0450555F045493
S315010102B0513F0450515F0454553F0460555F046436
S315010102C07128E0001D0911E0513F0460515F04648A
S315010102D055280000554800047120000071400000B6
S315010102E0553F0468555F046C71200000353F047069
S315010102F071200000353F04717128E0001D293CD8A9
S31501010300312900D17529063F7D293C70752A063FA1
S31501010310313F04717D494B78353F0471313F047199
S31501010320353F0470313F04707529063F031379FF88
S315010103301B2702420231553F0468555F046C513F48
S315010103400468515F046C553F0478555F047C71283C
S31501010350E0001D093CD8513F0478515F047C5528C2
S3150101036002785548027C7120000071400000553F1A
S315010103700480555F048471200000353F0488712093
S315010103800000353F04897128E0001D293CD8312937
S3150101039000D17529063F1929C0027D290E70752ADA
S315010103A0063F313F04897D494B78353F0489313F09
S315010103B00489353F0488313F04887529063F0313B3
S315010103C079FF1A9502420231553F0480555F048433
S315010103D0513F0480515F0484553F0490555F049455
S315010103E07128E0001D091300513F0490515F0494E7
S315010103F05528000055480004712000007140000095
S31501010400553F0498555F049C71200000353F04A0B7
S3150101041071200000353F04A17128E0001D293CD857
S31501010420312900D17529063F1929C0407D29367028
S31501010430752A063F313F04A17D494B78353F04A119
S31501010440313F04A1353F04A0313F04A07529063F80
S31501010450031379FF1A0302420231553F0498555F8E
S31501010460049C513F0498515F049C553F04A8555F74
S3150101047004AC7128E0001D091150513F04A8515FD8
S3150101048004AC552800005548000471200000714054
S315010104900000553F04B0555F04B471200000353F9B
S315010104A004B871200000353F04B97128E0001D2907
S315010104B03CD8312900D17529063F1929C0087D2962
S315010104C01E70752A063F313F04B97D494B78353F88
S315010104D004B9313F04B9353F04B8313F04B8752930
S315010104E0063F031379FF197102420231553F04B0E8
S315010104F0555F04B4513F04B0515F04B4553F04C084
S31501010500555F04C47128E0001D091190513F04C0D3
S31501010510515F04C4552800005548000471200000AC
S3150101052071400000553F04C8555F04CC712000009D
S31501010530353F04D071200000353F04D17128E00018
S315010105401D293CD8312900D17529063F1929C02019
S315010105507D292E70752A063F313F04D17D494B789D
S31501010560353F04D1313F04D1353F04D0313F04D069
S315010105707529063F031379FF18DF02420231553F00
S3150101058004C8555F04CC513F04C8515F04CC553FA3
S3150101059004D8555F04DC7128E0001D091278513F2A
S315010105A004D8515F04DC5528000055480004712028
S315010105B0000071400000553F04E0555F04E47120DD
S315010105C00000353F04E871200000353F04E9712838
S315010105D0E0001D293CD8312900D0752A063F313F5B
S315010105E004E97D494B78353F04E9313F04E9353F5B
S315010105F004E8313F04E87529063F031379FF1859C9
S3150101060002420231553F04E0555F04E4513F04E0E3
S31501010610515F04E4553F04F0555F04F47128E0008D
S315010106201D093CD8513F04F0515F04F4552802805D
S31501010630554802847120000071400000553F04F8BD
S31501010640555F04FC71200000353F05007120000053
S31501010650353F05017128E0001D293CD8312900D11A
S315010106607529063F7D2907741929C0017D2A077459
S31501010670313F05017D2907747D494B787D29077431
S31501010680353F0501313F0501353F0500313F050084
S315010106907529063F031379FF17BF02420231553F00
S315010106A004F8555F04FC513F04F8515F04FC553FC2
S315010106B00508555F050C7128E0001D091338513FE6
S315010106C00508515F050C55280000554800047120A5
S315010106D0000071400000553F0510555F051471205A
S315010106E00000353F051871200000353F05197128B5
S315010106F0E0001D293CD8312900D17529063F192968
S31501010700C0047D291670752A063F313F05197D49B9
S315010107104B78353F0519313F0519353F0518313FED
S3150101072005187529063F031379FF172D0242023178
S31501010730553F0510555F0514513F0510515F0514CD
S31501010740553F0520555F05247128E0001D093CD858
S31501010750513F0520515F0524552802885548028CD1
S315010107607120000071400000553F0944555F094859
S3150101077071200000353F05287128E0001D293CD86C
S3150101078071400282554903047128E0001D293CD8B4
S3150101079071400008354903931D3F09444813482414
S315010107A0031579FF75850231752A063F7128E00027
S315010107B01D293CD83549038A313F05287529063F4C
S315010107C0195F80087D2A4A143129093C752A063F99
S315010107D07128E0001D293CD83549038B313F052895
S315010107E07529063F19298001353F0528313F05281D
S315010107F07529063F195F80087D2A4A143129093C6A
S31501010800752A063F7128E0001D293CD83549038C1C
S31501010810313F05287529063F19298001353F0528EC
S31501010820313F05287529063F195F80087D2A4A143B
S315010108303129093C752A063F7128E0001D293CD85A
S315010108403549038D313F05287529063F192980014F
S31501010850353F0528313F05287529063F195F80086F
S315010108607D2A4A143129093C752A063F7128E0007F
S315010108701D293CD83549038E313F05287529063F87
S3150101088019298001353F0528313F05287529063F7C
S31501010890195F80087D2A4A143129093C752A063FC8
S315010108A07128E0001D293CD83549038F313F0528C0
S315010108B07529063F19298001353F0528313F05284C
S315010108C07529063F195F80087D2A4A143129093C99
S315010108D0752A063F7128E0001D293CD83549039048
S315010108E0313F05287529063F19298001353F05281C
S315010108F0313F05287529063F195F80087D2A4A146B
S315010109003129093C752A063F7128E0001D293CD889
S3150101091035490391313F05287529063F192980017A
S31501010920353F0528313F05287529063F195F80089E
S315010109307D2A4A143129093C752A063F7128E000AE
S315010109401D293CD835490392313F05287529063FB2
S3150101095019298001353F05287128E0001D293CD858
S315010109603129038A7529063F700998007F80002085
S315010109707D2000267529E0077D2801207A1204646D
S3150101098071200000353F05297128E0001D293CD859
S3150101099071400008354900F17128E0001D293CD854
S315010109A0514903047128E0001D293CD8554900F439
S315010109B07128E0001D293CD871400000354900F03D
S315010109C0313F05297529063F7148E0001D4A3CD88A
S315010109D0314A038B754A063F7108E0001D083CD870
S315010109E07D284A1435490100313F05297529063FFC
S315010109F019298001353F0529313F05297529063F09
S31501010A007148E0001D4A3CD8314A038C754A063FBC
S31501010A107108E0001D083CD87D284A1435490100BA
S31501010A20313F05297529063F19298001353F0529D8
S31501010A30313F05297529063F7148E0001D4A3CD819
S31501010A40314A038D754A063F7108E0001D083CD8FD
S31501010A507D284A1435490100313F05297529063F8B
S31501010A6019298001353F0529313F05297529063F98
S31501010A707148E0001D4A3CD8314A038E754A063F4A
S31501010A807108E0001D083CD87D284A14354901004A
S31501010A90313F05297529063F19298001353F052968
S31501010AA0313F05297529063F7148E0001D4A3CD8A9
S31501010AB0314A038F754A063F7108E0001D083CD88B
S31501010AC07D284A1435490100313F05297529063F1B
S31501010AD019298001353F0529313F05297529063F28
S31501010AE07148E0001D4A3CD8314A0390754A063FD8
S31501010AF07108E0001D083CD87D284A1435490100DA
S31501010B00313F05297529063F19298001353F0529F7
S31501010B10313F05297529063F7148E0001D4A3CD838
S31501010B20314A0391754A063F7108E0001D083CD818
S31501010B307D284A1435490100313F05297529063FAA
S31501010B4019298001353F0529313F05297529063FB7
S31501010B507148E0001D4A3CD8314A0392754A063F65
S31501010B607108E0001D083CD87D284A143549010069
S31501010B70313F05297529063F19298001353F052987
S31501010B807128E0001D293CD8312900F17529063F5C
S31501010B907009A8087F8000207D2000267529E007BD
S31501010BA07D2801207A02023C7128E0001D293CD8EA
S31501010BB0514900F4713F7FFF7F8A48007D2000265D
S31501010BC07529E0077D2801207A1202187128E000B3
S31501010BD01D293CD8512900F47009AA827F80002081
S31501010BE07D2000267529E0077D2801207A0201F47E
S31501010BF07128E0001D293CD8312900F07529063FED
S31501010C00700998007F8000207D2000267529E00764
S31501010C107D2801207A0201CC71200000714000007B
S31501010C20553F0530555F053471200000553F0538A4
S31501010C3071200000553F053C7128E0001D293CD873
S31501010C40312901007529063F7D2A4B78513F053C23
S31501010C507D295378553F053C7128E0001D293CD873
S31501010C60312901017529063F7D294070515F053CF6
S31501010C707D494B78553F053C7128E0001D293CD83B
S31501010C80312901027529063F7D298070515F053C95
S31501010C907D494B78553F053C7128E0001D293CD81B
S31501010CA0312901037529063F7D29C070515F053C34
S31501010CB07D494B78553F053C513F053C553F05382C
S31501010CC0507F053879FF119102420231553F0530B6
S31501010CD0555F0534513F0530515F0534553F054098
S31501010CE0555F05447128E0001D093CD8513F054077
S31501010CF0515F054455280290554802947120000020
S31501010D0071400000553F0548555F054C71200000B3
S31501010D10553F055071200000553F05547128E000EB
S31501010D201D293CD8312901047529063F7D2A4B78B5
S31501010D30513F05547D295378553F05547128E000EB
S31501010D401D293CD8312901057529063F7D294070A8
S31501010D50515F05547D494B78553F05547128E00093
S31501010D601D293CD8312901067529063F7D29807047
S31501010D70515F05547D494B78553F05547128E00073
S31501010D801D293CD8312901077529063F7D29C070E6
S31501010D90515F05547D494B78553F0554513F0554E3
S31501010DA0553F0550507F055079FF10AD0242023182
S31501010DB0553F0548555F054C513F0548515F054C67
S31501010DC0553F0558555F055C7128E0001D091188DD
S31501010DD0513F0558515F055C5528000055480004EF
S31501010DE071200000553F094C712000005D3F0950FB
S31501010DF071200000353F05607128E0001D293CD8AE
S31501010E0071400284554903087128E0001D293CD827
S31501010E10714000063549039B1D3F094C481348346F
S31501010E20031579FF6F050231752A063F7128E00026
S31501010E301D293CD835490394313F05607529063F83
S31501010E40195F80087D2A4A1431290944752A063F0A
S31501010E507128E0001D293CD835490395313F0560CC
S31501010E607529063F19298001353F0560313F056026
S31501010E707529063F195F80087D2A4A1431290944DB
S31501010E80752A063F7128E0001D293CD8354903968C
S31501010E90313F05607529063F19298001353F0560F6
S31501010EA0313F05607529063F195F80087D2A4A147D
S31501010EB031290944752A063F7128E0001D293CD8CC
S31501010EC035490397313F05607529063F1929800187
S31501010ED0353F0560313F05607529063F195F800879
S31501010EE07D2A4A1431290944752A063F7128E000F1
S31501010EF01D293CD835490398313F05607529063FBF
S31501010F0019298001353F0560313F05607529063F85
S31501010F10195F80087D2A4A1431290944752A063F39
S31501010F207128E0001D293CD835490399313F0560F7
S31501010F307529063F19298001353F0560313F056055
S31501010F407529063F195F80087D2A4A14312909440A
S31501010F50752A063F7128E0001D293CD83549039AB7
S31501010F60313F05607529063F19298001353F056025
S31501010F707128E0001D293CD8312903947529063FC2
S31501010F80700998007F8000207D2000267529E007E1
S31501010F907D2801207A1204BA71200000353F0561CE
S31501010FA07128E0001D293CD871400006354900D958
S31501010FB07128E0001D293CD8514903087128E00038
S31501010FC01D293CD8554900DC7128E0001D293CD872
S31501010FD071400000354900D8313F05617529063F49
S31501010FE07148E0001D4A3CD8314A0395754A063FCE
S31501010FF07108E0001D083CD87D284A14354900E8EE
S31501011000313F05617529063F19298001353F056182
S31501011010313F05617529063F7148E0001D4A3CD8FB
S31501011020314A0396754A063F7108E0001D083CD80E
S315010110307D284A14354900E8313F05617529063F86
S3150101104019298001353F0561313F05617529063F42
S315010110507148E0001D4A3CD8314A0397754A063F5B
S315010110607108E0001D083CD87D284A14354900E87D
S31501011070313F05617529063F19298001353F056112
S31501011080313F05617529063F7148E0001D4A3CD88B
S31501011090314A0398754A063F7108E0001D083CD89C
S315010110A07D284A14354900E8313F05617529063F16
S315010110B019298001353F0561313F05617529063FD2
S315010110C07148E0001D4A3CD8314A0399754A063FE9
S315010110D07108E0001D083CD87D284A14354900E80D
S315010110E0313F05617529063F19298001353F0561A2
S315010110F0313F05617529063F7148E0001D4A3CD81B
S31501011100314A039A754A063F7108E0001D083CD829
S315010111107D284A14354900E8313F05617529063FA5
S3150101112019298001353F05617128E0001D293CD847
S31501011130312900D97529063F7009A8067F8000204B
S315010111407D2000267529E0077D2801207A02030208
S315010111507128E0001D293CD8514900DC713F7FFF10
S315010111607F8A48007D2000267529E0077D28012018
S315010111707A1202DE7128E0001D293CD8512900DCD2
S315010111807009AA847F8000207D2000267529E00749
S315010111907D2801207A0202BA7128E0001D293CD876
S315010111A0312900D87529063F700998007F800020F2
S315010111B07D2000267529E0077D2801207A02029209
S315010111C07120000071400000553F0568555F056CAF
S315010111D0712000005D3F0570712000005D3F0572C1
S315010111E07128E0001D293CD8312900EC7529063FFB
S315010111F0752A043F593F05727D494B785D3F05725A
S315010112007128E0001D293CD8312900ED7529063FD9
S315010112107529043F7D294070752A043F593F05729E
S315010112207D494B785D3F0572593F05725D3F0570FA
S31501011230593F05707529043F031379FF0C1B0242BF
S315010112400231553F0568555F056C513F0568515F90
S31501011250056C553F0578555F057C507F0578509F94
S31501011260057C70A7E7B970B3C19970D3E19970D3C1
S31501011270C19A79FF035B02420231553F0578555FF9
S31501011280057C7128E0001D0912C8513F0578515F9F
S31501011290057C552800005548000471200000714065
S315010112A00000553F0580555F0584712000005D3FB3
S315010112B00588712000005D3F058A7128E0001D291E
S315010112C03CD8312900EA7529063F752A043F593F61
S315010112D0058A7D494B785D3F058A7128E0001D2904
S315010112E03CD8312900EB7529063F7529043F7D2933
S315010112F04070752A043F593F058A7D494B785D3F08
S31501011300058A593F058A5D3F0588593F0588752933
S31501011310043F031379FF0B4102420231553F058018
S31501011320555F0584513F0580515F0584553F059001
S31501011330555F0594507F0590509F059470A7E7B9B5
S3150101134070B3C19970D3E19970D3C19A79FF0281C2
S3150101135002420231553F0590555F05947128E0001F
S315010113601D0911B0513F0590515F059455280000A3
S31501011370554800047120000071400000553F059851
S31501011380555F059C712000005D3F05A0712000009D
S315010113905D3F05A27128E0001D293CD8312900E8ED
S315010113A07529063F752A043F593F05A27D494B78A8
S315010113B05D3F05A27128E0001D293CD8312900E9CC
S315010113C07529063F7529043F7D294070752A043F19
S315010113D0593F05A27D494B785D3F05A2593F05A2BB
S315010113E05D3F05A0593F05A07529043F031379FF08
S315010113F00A6702420231553F0598555F059C513FE7
S315010114000598515F059C553F05A8555F05AC507F71
S3150101141005A8509F05AC70A7E7B970B3C19970D300
S31501011420E19970D3C19A79FF01A702420231553F71
S3150101143005A8555F05AC7128E0001D091240513F11
S3150101144005A8515F05AC55280000554800047120D7
S31501011450000071400000553F0954555F095871203C
S315010114600000353F05B07128E0001D293CD87140C7
S3150101147002815549030C7128E0001D293CD87140B0
S315010114800008354903A51D3F09544813484403156E
S3150101149079FF68970231752A063F7128E0001D29F7
S315010114A03CD83549039C313F05B07529063F195F83
S315010114B080087D2A4A143129094C752A063F71286B
S315010114C0E0001D293CD83549039D313F05B07529F9
S315010114D0063F19298001353F05B0313F05B0752910
S315010114E0063F195F80087D2A4A143129094C752A5C
S315010114F0063F7128E0001D293CD83549039E313F3D
S3150101150005B07529063F19298001353F05B0313FDF
S3150101151005B07529063F195F80087D2A4A143129CC
S31501011520094C752A063F7128E0001D293CD8354929
S31501011530039F313F05B07529063F19298001353FC2
S3150101154005B0313F05B07529063F195F80087D2A2F
S315010115504A143129094C752A063F7128E0001D29D3
S315010115603CD8354903A0313F05B07529063F1929F4
S315010115708001353F05B0313F05B07529063F195F39
S3150101158080087D2A4A143129094C752A063F71289A
S31501011590E0001D293CD8354903A1313F05B0752924
S315010115A0063F19298001353F05B0313F05B075293F
S315010115B0063F195F80087D2A4A143129094C752A8B
S315010115C0063F7128E0001D293CD8354903A2313F68
S315010115D005B07529063F19298001353F05B0313F0F
S315010115E005B07529063F195F80087D2A4A143129FC
S315010115F0094C752A063F7128E0001D293CD8354959
S3150101160003A3313F05B07529063F19298001353FED
S3150101161005B0313F05B07529063F195F80087D2A5E
S315010116204A143129094C752A063F7128E0001D2902
S315010116303CD8354903A4313F05B07529063F19291F
S315010116408001353F05B07128E0001D293CD83129BB
S31501011650039C7529063F700998007F8000207D2033
S3150101166000267529E0077D2801207A120A2C7120AE
S315010116700000353F05B17128E0001D293CD87140B4
S315010116800008354900797128E0001D293CD85149E6
S31501011690030C7128E0001D293CD85549007C7128AD
S315010116A0E0001D293CD87140000035490078313FE1
S315010116B005B17529063F7148E0001D4A3CD8314AFA
S315010116C0039D754A063F7108E0001D083CD87D2837
S315010116D04A1435490088313F05B17529063F192953
S315010116E08001353F05B1313F05B17529063F714885
S315010116F0E0001D4A3CD8314A039E754A063F7108EE
S31501011700E0001D083CD87D284A1435490088313F3F
S3150101171005B17529063F19298001353F05B1313FCB
S3150101172005B17529063F7148E0001D4A3CD8314A89
S31501011730039F754A063F7108E0001D083CD87D28C4
S315010117404A1435490088313F05B17529063F1929E2
S315010117508001353F05B1313F05B17529063F714814
S31501011760E0001D4A3CD8314A03A0754A063F71087B
S31501011770E0001D083CD87D284A1435490088313FCF
S3150101178005B17529063F19298001353F05B1313F5B
S3150101179005B17529063F7148E0001D4A3CD8314A19
S315010117A003A1754A063F7108E0001D083CD87D2852
S315010117B04A1435490088313F05B17529063F192972
S315010117C08001353F05B1313F05B17529063F7148A4
S315010117D0E0001D4A3CD8314A03A2754A063F710809
S315010117E0E0001D083CD87D284A1435490088313F5F
S315010117F005B17529063F19298001353F05B1313FEB
S3150101180005B17529063F7148E0001D4A3CD8314AA8
S3150101181003A3754A063F7108E0001D083CD87D28DF
S315010118204A1435490088313F05B17529063F192901
S315010118308001353F05B1313F05B17529063F714833
S31501011840E0001D4A3CD8314A03A4754A063F710896
S31501011850E0001D083CD87D284A1435490088313FEE
S3150101186005B17529063F19298001353F05B1712851
S31501011870E0001D293CD8312900797529063F7009F7
S31501011880A8087F8000207D2000267529E0077D2894
S3150101189001207A0208047128E0001D293CD851492A
S315010118A0007C713F7FFF7F8A48007D2000267529D4
S315010118B0E0077D2801207A1207E07128E0001D2941
S315010118C03CD85129007C7009AA817F8000207D20A6
S315010118D000267529E0077D2801207A0207BC7128B7
S315010118E0E0001D293CD8312900787529063F700988
S315010118F098007F8000207D2000267529E0077D283C
S3150101190001207A0207947120000071400000553FC1
S3150101191005B8555F05BC712000005D3F05C071200A
S3150101192000005D3F095C1D3F095C553F05C47128F7
S31501011930E0001D293CD83129008C7529063F752AFD
S31501011940043F593F095C7529043F7D494B78752947
S31501011950043F5D3F095C7128E0001D293CD831290E
S31501011960008D7529063F7529043F7D294070752A29
S31501011970043F593F095C7529043F7D494B78752917
S31501011980043F5D3F095C513F05C4592900005D3F94
S3150101199005C0593F05C07D290734031379FF02E1CB
S315010119A002420231553F05B8555F05BC513F05B8A5
S315010119B0515F05BC553F05C8555F05CC507F05C82C
S315010119C0509F05CC70A7E78470A2C20570D7E401C8
S315010119D070D4C36E79FEFBF902420231553F05C847
S315010119E0555F05CC7128E0001D091330513F05C82B
S315010119F0515F05CC552800005548000471200000AF
S31501011A0071400000553F05D0555F05D47120000096
S31501011A105D3F05D8712000005D3F095E1D3F095EEE
S31501011A20553F05DC7128E0001D293CD83129008E7E
S31501011A307529063F752A043F593F095E7529043FF9
S31501011A407D494B787529043F5D3F095E7128E000A8
S31501011A501D293CD83129008F7529063F7529043F77
S31501011A607D294070752A043F593F095E7529043F56
S31501011A707D494B787529043F5D3F095E513F05DC80
S31501011A80592900005D3F05D8593F05D87D290734FD
S31501011A90031379FF01EB02420231553F05D0555F30
S31501011AA005D4513F05D0515F05D4553F05E0555F3A
S31501011AB005E47128E0001D0912D8513F05E0515F87
S31501011AC005E45528000055480004712000007140C5
S31501011AD00000553F05E8555F05EC712000005D3FAB
S31501011AE005F0712000005D3F05F27128E0001D2916
S31501011AF03CD83129008A7529063F752A043F593F89
S31501011B0005F27D494B785D3F05F27128E0001D29FB
S31501011B103CD83129008B7529063F7529043F7D295A
S31501011B204070752A043F593F05F27D494B785D3F67
S31501011B3005F2593F05F25D3F05F0593F05F075295B
S31501011B40043F031379FF031102420231553F05E8B0
S31501011B50555F05EC513F05E8515F05EC553F05F829
S31501011B60555F05FC7128E0001D091290513F05F8EA
S31501011B70515F05FC552800005548000471200000FD
S31501011B8071400000553F0600555F060471200000B3
S31501011B90353F060871200000353F06097128E0002E
S31501011BA01D293CD8312900897529063F1929C010FB
S31501011BB07D292670752A063F313F06097D494B78F5
S31501011BC0353F0609313F0609353F0608313F06080B
S31501011BD07529063F031379FF027F02420231553F00
S31501011BE00600555F0604513F0600515F0604553F45
S31501011BF00610555F06147128E0001D091350513F67
S31501011C000610515F0614552800005548000471203D
S31501011C10000071400000553F0618555F061C7120F2
S31501011C200000353F062071200000353F062171284D
S31501011C30E0001D293CD8312900897529063F7D29F6
S31501011C403C70752A063F313F06217D494B78353F68
S31501011C500621313F0621353F0620313F06207529F0
S31501011C60063F031379FF01F102420231553F06187E
S31501011C70555F061C513F0618515F061C553F062844
S31501011C80555F062C7128E0001D093CD8513F0628F5
S31501011C90515F062C55280250554802547120000007
S31501011CA071400000553F0630555F06347120000032
S31501011CB0353F063871200000353F06397128E000AD
S31501011CC01D293CD8312900897529063F1929C002E8
S31501011CD07D290E70752A063F313F06397D494B78BC
S31501011CE0353F0639313F0639353F0638313F06382A
S31501011CF07529063F031379FF015F02420231553F00
S31501011D000630555F0634513F0630515F0634553F63
S31501011D100640555F06447128E0001D091218513F1E
S31501011D200640515F064455280000554800047120BC
S31501011D30000071400000553F0648555F064C712071
S31501011D400000353F065071200000353F06517128CC
S31501011D50E0001D293CD8312900897529063F192939
S31501011D60C0407D293670752A063F313F06517D49AE
S31501011D704B78353F0651313F0651353F0650313FCC
S31501011D8006507529063F031379FF00CD0242023140
S31501011D90553F0648555F064C513F0648515F064C73
S31501011DA0553F0658555F065C7128E0001D0911A8CB
S31501011DB0513F0658515F065C5528000055480004FD
S31501011DC07120000071400000553F0660555F0664B1
S31501011DD071200000353F066871200000353F066914
S31501011DE07128E0001D293CD8312900897529063F52
S31501011DF01929C0087D291E70752A063F313F0669DA
S31501011E007D494B78353F0669313F0669353F06689D
S31501011E10313F06687529063F031379FF003B0242EC
S31501011E200231553F0660555F0664513F0660515FB9
S31501011E300664553F0670555F06747128E0001D0959
S31501011E403CD8513F0670515F0674552802585548D2
S31501011E50025C7120000071400000553F0678555F14
S31501011E60067C71200000353F068071200000353F58
S31501011E7006817128E0001D293CD83129008975297F
S31501011E80063F1929C0207D292E70752A063F313F4B
S31501011E9006817D494B78353F0681313F0681353FC4
S31501011EA00680313F06807529063F031379FEFFA996
S31501011EB002420231553F0678555F067C513F06784D
S31501011EC0515F067C553F0688555F068C7128E000F7
S31501011ED01D091168513F0688515F068C552800007E
S31501011EE0554800047120000071400000553F0690DD
S31501011EF0555F069471200000353F06987120000058
S31501011F00353F06997128E0001D293CD83129008801
S31501011F10752A063F313F06997D494B78353F06992A
S31501011F20313F0699353F0698313F06987529063F97
S31501011F30031379FEFF2302420231553F0690555F95
S31501011F400694513F0690515F0694553F06A0555F91
S31501011F5006A47128E0001D093CD8513F06A0515F36
S31501011F6006A455280260554802647120000071409B
S31501011F700000553F06A8555F06AC71200000353FAC
S31501011F8006B071200000353F06B17128E0001D2918
S31501011F903CD8312900897529063F7D2907741929FC
S31501011FA0C0017D2A0774313F06B17D2907747D4938
S31501011FB04B787D290774353F06B1313F06B1353F6F
S31501011FC006B0313F06B07529063F031379FEFE8936
S31501011FD002420231553F06A8555F06AC513F06A89C
S31501011FE0515F06AC553F06B8555F06BC7128E00046
S31501011FF01D091258513F06B8515F06BC552800000C
S31501012000554800047120000071400000553F06C08B
S31501012010555F06C471200000353F06C871200000D6
S31501012020353F06C97128E0001D293CD831290089AF
S315010120307529063F1929C0047D291670752A063F9F
S31501012040313F06C97D494B78353F06C9313F06C93E
S31501012050353F06C8313F06C87529063F031379FE88
S31501012060FDF702420231553F06C0555F06C4513F95
S3150101207006C0515F06C4553F06D0555F06D4712887
S31501012080E0001D093CD8513F06D0515F06D45528C1
S3150101209002685548026C7120000071400000553FED
S315010120A00960555F096471200000353F06D8712822
S315010120B0E0001D293CD8714002835549031071285E
S315010120C0E0001D293CD871400008354903AF1D3F89
S315010120D0096048134854031579FF5C4F0231752A8B
S315010120E0063F7128E0001D293CD8354903A6313F39
S315010120F006D87529063F195F80087D2A4A143129B8
S315010121000958752A063F7128E0001D293CD8354931
S3150101211003A7313F06D87529063F19298001353FA5
S3150101212006D8313F06D87529063F195F80087D2AF1
S315010121304A1431290958752A063F7128E0001D29DB
S315010121403CD8354903A8313F06D87529063F1929D7
S315010121508001353F06D8313F06D87529063F195FFB
S3150101216080087D2A4A1431290958752A063F7128A2
S31501012170E0001D293CD8354903A9313F06D8752907
S31501012180063F19298001353F06D8313F06D8752901
S31501012190063F195F80087D2A4A1431290958752A93
S315010121A0063F7128E0001D293CD8354903AA313F74
S315010121B006D87529063F19298001353F06D8313FD1
S315010121C006D87529063F195F80087D2A4A143129E7
S315010121D00958752A063F7128E0001D293CD8354961
S315010121E003AB313F06D87529063F19298001353FD1
S315010121F006D8313F06D87529063F195F80087D2A21
S315010122004A1431290958752A063F7128E0001D290A
S315010122103CD8354903AC313F06D87529063F192902
S315010122208001353F06D8313F06D87529063F195F2A
S3150101223080087D2A4A1431290958752A063F7128D1
S31501012240E0001D293CD8354903AD313F06D8752932
S31501012250063F19298001353F06D8313F06D8752930
S31501012260063F195F80087D2A4A1431290958752AC2
S31501012270063F7128E0001D293CD8354903AE313F9F
S3150101228006D87529063F19298001353F06D87128D7
S31501012290E0001D293CD8312903A67529063F70099D
S315010122A098007F8000207D2000267529E0077D2882
S315010122B001207A12046471200000353F06D9712884
S315010122C0E0001D293CD871400008354900A9712853
S315010122D0E0001D293CD8514903107128E0001D2950
S315010122E03CD8554900AC7128E0001D293CD8714004
S315010122F00000354900A8313F06D97529063F7148C5
S31501012300E0001D4A3CD8314A03A7754A063F7108C8
S31501012310E0001D083CD87D284A14354900B8313FF3
S3150101232006D97529063F19298001353F06D9313F5D
S3150101233006D97529063F7148E0001D4A3CD8314A44
S3150101234003A8754A063F7108E0001D083CD87D289F
S315010123504A14354900B8313F06D97529063F19296D
S315010123608001353F06D9313F06D97529063F7148A6
S31501012370E0001D4A3CD8314A03A9754A063F710856
S31501012380E0001D083CD87D284A14354900B8313F83
S3150101239006D97529063F19298001353F06D9313FED
S315010123A006D97529063F7148E0001D4A3CD8314AD4
S315010123B003AA754A063F7108E0001D083CD87D282D
S315010123C04A14354900B8313F06D97529063F1929FD
S315010123D08001353F06D9313F06D97529063F714836
S315010123E0E0001D4A3CD8314A03AB754A063F7108E4
S315010123F0E0001D083CD87D284A14354900B8313F13
S3150101240006D97529063F19298001353F06D9313F7C
S3150101241006D97529063F7148E0001D4A3CD8314A63
S3150101242003AC754A063F7108E0001D083CD87D28BA
S315010124304A14354900B8313F06D97529063F19298C
S315010124408001353F06D9313F06D97529063F7148C5
S31501012450E0001D4A3CD8314A03AD754A063F710871
S31501012460E0001D083CD87D284A14354900B8313FA2
S3150101247006D97529063F19298001353F06D9313F0C
S3150101248006D97529063F7148E0001D4A3CD8314AF3
S3150101249003AE754A063F7108E0001D083CD87D2848
S315010124A04A14354900B8313F06D97529063F19291C
S315010124B08001353F06D97128E0001D293CD8312913
S315010124C000A97529063F7009A8087F8000207D2093
S315010124D000267529E0077D2801207A02023C712830
S315010124E0E0001D293CD8514900AC713F7FFF7F8A2D
S315010124F048007D2000267529E0077D2801207A12F2
S3150101250002187128E0001D293CD8512900AC700937
S31501012510AA837F8000207D2000267529E0077D287A
S3150101252001207A0201F47128E0001D293CD83129E4
S3150101253000A87529063F700998007F8000207D203B
S3150101254000267529E0077D2801207A0201CC712038
S31501012550000071400000553F06E0555F06E4712019
S315010125600000553F06E871200000553F06EC712831
S31501012570E0001D293CD8312900B87529063F7D2A7D
S315010125804B78513F06EC7D295378553F06EC71286E
S31501012590E0001D293CD8312900B97529063F7D295D
S315010125A04070515F06EC7D494B78553F06EC712829
S315010125B0E0001D293CD8312900BA7529063F7D293C
S315010125C08070515F06EC7D494B78553F06EC7128C9
S315010125D0E0001D293CD8312900BB7529063F7D291B
S315010125E0C070515F06EC7D494B78553F06EC513F72
S315010125F006EC553F06E8507F06E879FEF85B024294
S315010126000231553F06E0555F06E4513F06E0515F51
S3150101261006E4553F06F0555F06F47128E0001D09F1
S315010126203CD8513F06F0515F06F4552802705548D2
S3150101263002747120000071400000553F06F8555F94
S3150101264006FC71200000553F070071200000553F2F
S3150101265007047128E0001D293CD8312900BC7529E0
S31501012660063F7D2A4B78513F07047D295378553F13
S3150101267007047128E0001D293CD8312900BD7529BF
S31501012680063F7D294070515F07047D494B78553FCF
S3150101269007047128E0001D293CD8312900BE75299E
S315010126A0063F7D298070515F07047D494B78553F6F
S315010126B007047128E0001D293CD8312900BF75297D
S315010126C0063F7D29C070515F07047D494B78553F0F
S315010126D00704513F0704553F0700507F070079FE64
S315010126E0F77702420231553F06F8555F06FC513F25
S315010126F006F8515F06FC553F0708555F070C71281F
S31501012700E0001D091268513F0708515F070C552862
S3150101271000005548000471200000553F09687120E9
S3150101272000005D3F096C71200000353F07107128DB
S31501012730E0001D293CD871400285554903147128D1
S31501012740E0001D293CD871400006354903B71D3FFC
S31501012750096848134804031579FF55CF0231752AD3
S31501012760063F7128E0001D293CD8354903B0313FA8
S3150101277007107529063F195F80087D2A4A143129F8
S315010127800960752A063F7128E0001D293CD83549A3
S3150101279003B1313F07107529063F19298001353FDC
S315010127A00710313F07107529063F195F80087D2AF9
S315010127B04A1431290960752A063F7128E0001D294D
S315010127C03CD8354903B2313F07107529063F19290E
S315010127D08001353F0710313F07107529063F195F03
S315010127E080087D2A4A1431290960752A063F712814
S315010127F0E0001D293CD8354903B3313F071075293E
S31501012800063F19298001353F0710313F0710752908
S31501012810063F195F80087D2A4A1431290960752A04
S31501012820063F7128E0001D293CD8354903B4313FE3
S3150101283007107529063F19298001353F0710313FD8
S3150101284007107529063F195F80087D2A4A14312927
S315010128500960752A063F7128E0001D293CD83549D2
S3150101286003B5313F07107529063F19298001353F07
S315010128700710313F07107529063F195F80087D2A28
S315010128804A1431290960752A063F7128E0001D297C
S315010128903CD8354903B6313F07107529063F192939
S315010128A08001353F07107128E0001D293CD83129E7
S315010128B003B07529063F700998007F8000207D20AD
S315010128C000267529E0077D2801207A1204BA7120B4
S315010128D00000353F07117128E0001D293CD87140E0
S315010128E00006354900917128E0001D293CD851495E
S315010128F003147128E0001D293CD85549009471281B
S31501012900E0001D293CD87140000035490090313F56
S3150101291007117529063F7148E0001D4A3CD8314A25
S3150101292003B1754A063F7108E0001D083CD87D28B0
S315010129304A14354900A0313F07117529063F192966
S315010129408001353F0711313F07117529063F71484E
S31501012950E0001D4A3CD8314A03B2754A063F710867
S31501012960E0001D083CD87D284A14354900A0313FB5
S3150101297007117529063F19298001353F0711313F95
S3150101298007117529063F7148E0001D4A3CD8314AB5
S3150101299003B3754A063F7108E0001D083CD87D283E
S315010129A04A14354900A0313F07117529063F1929F6
S315010129B08001353F0711313F07117529063F7148DE
S315010129C0E0001D4A3CD8314A03B4754A063F7108F5
S315010129D0E0001D083CD87D284A14354900A0313F45
S315010129E007117529063F19298001353F0711313F25
S315010129F007117529063F7148E0001D4A3CD8314A45
S31501012A0003B5754A063F7108E0001D083CD87D28CB
S31501012A104A14354900A0313F07117529063F192985
S31501012A208001353F0711313F07117529063F71486D
S31501012A30E0001D4A3CD8314A03B6754A063F710882
S31501012A40E0001D083CD87D284A14354900A0313FD4
S31501012A5007117529063F19298001353F071171288B
S31501012A60E0001D293CD8312900917529063F7009DD
S31501012A70A8067F8000207D2000267529E0077D2894
S31501012A8001207A0203027128E0001D293CD851492F
S31501012A900094713F7FFF7F8A48007D2000267529BA
S31501012AA0E0077D2801207A1202DE7128E0001D2946
S31501012AB03CD8512900947009AA857F8000207D2088
S31501012AC000267529E0077D2801207A0202BA7128BC
S31501012AD0E0001D293CD8312900907529063F70096E
S31501012AE098007F8000207D2000267529E0077D283A
S31501012AF001207A0202927120000071400000553FC7
S31501012B000718555F071C712000005D3F07207120E2
S31501012B1000005D3F07227128E0001D293CD83129BB
S31501012B2000A47529063F752A043F593F07227D49AD
S31501012B304B785D3F07227128E0001D293CD83129D8
S31501012B4000A57529063F7529043F7D294070752A1F
S31501012B50043F593F07227D494B785D3F0722593F83
S31501012B6007225D3F0720593F07207529043F0313BB
S31501012B7079FEF2E502420231553F0718555F071CFE
S31501012B80513F0718515F071C553F0728555F072C11
S31501012B90507F0728509F072C70A7E7B970B3C199D9
S31501012BA070D3E19970D3C19A79FEEA2502420231C5
S31501012BB0553F0728555F072C7128E0001D0912A80A
S31501012BC0513F0728515F072C55280000554800043D
S31501012BD07120000071400000553F0730555F0734F1
S31501012BE0712000005D3F0738712000005D3F073A03
S31501012BF07128E0001D293CD8312900A27529063F1B
S31501012C00752A043F593F073A7D494B785D3F073A9B
S31501012C107128E0001D293CD8312900A37529063FF9
S31501012C207529043F7D294070752A043F593F073AAA
S31501012C307D494B785D3F073A593F073A5D3F073872
S31501012C40593F07387529043F031379FEF20B0242F6
S31501012C500231553F0730555F0734513F0730515F08
S31501012C600734553F0740555F0744507F0740509F42
S31501012C70074470A7E7B970B3C19970D3E19970D3CD
S31501012C80C19A79FEE94B02420231553F0740555F30
S31501012C9007447128E0001D091250513F0740515F59
S31501012CA00744552800005548000471200000714071
S31501012CB00000553F0748555F074C712000005D3FF5
S31501012CC00750712000005D3F07527128E0001D2960
S31501012CD03CD8312900A07529063F752A043F593F81
S31501012CE007527D494B785D3F07527128E0001D2946
S31501012CF03CD8312900A17529063F7529043F7D2953
S31501012D004070752A043F593F07527D494B785D3F13
S31501012D100752593F07525D3F0750593F07507529E1
S31501012D20043F031379FEF13102420231553F07484F
S31501012D30555F074C513F0748515F074C553F0758AF
S31501012D40555F075C507F0758509F075C70A7E7B92D
S31501012D5070B3C19970D3E19970D3C19A79FEE871C3
S31501012D6002420231553F0758555F075C7128E00061
S31501012D701D091200513F0758515F075C5528000094
S31501012D80554800044813482479FF5F550231752AD5
S31501012D90043F7128E0005D4911D24813484479FF87
S31501012DA05F3F0231752A043F7128E0005D4912B483
S31501012DB04813480479FF5F290231752A043F7128B6
S31501012DC0E0005D491210480348D479FF5F130231CF
S31501012DD0752A043F7128E0005D49115871200000F0
S31501012DE071400000553F0970555F0974712000005B
S31501012DF0353F07607128E0001D293CD87140020169
S31501012E00554903207128E0001D293CD8714000086D
S31501012E10354903D51D3F097048234914031579FF27
S31501012E204F090231752A063F7128E0001D293CD858
S31501012E30354903CC313F07607529063F195F800883
S31501012E407D2A4A1431290968752A063F7128E0004D
S31501012E501D293CD8354903CD313F07607529063F08
S31501012E6019298001353F0760313F07607529063F02
S31501012E70195F80087D2A4A1431290968752A063F96
S31501012E807128E0001D293CD8354903CE313F076041
S31501012E907529063F19298001353F0760313F0760D2
S31501012EA07529063F195F80087D2A4A143129096867
S31501012EB0752A063F7128E0001D293CD8354903CF03
S31501012EC0313F07607529063F19298001353F0760A2
S31501012ED0313F07607529063F195F80087D2A4A142B
S31501012EE031290968752A063F7128E0001D293CD858
S31501012EF0354903D0313F07607529063F19298001FC
S31501012F00353F0760313F07607529063F195F800824
S31501012F107D2A4A1431290968752A063F7128E0007C
S31501012F201D293CD8354903D1313F07607529063F33
S31501012F3019298001353F0760313F07607529063F31
S31501012F40195F80087D2A4A1431290968752A063FC5
S31501012F507128E0001D293CD8354903D2313F07606C
S31501012F607529063F19298001353F0760313F076001
S31501012F707529063F195F80087D2A4A143129096896
S31501012F80752A063F7128E0001D293CD8354903D32E
S31501012F90313F07607529063F19298001353F0760D1
S31501012FA0313F07607529063F195F80087D2A4A145A
S31501012FB031290968752A063F7128E0001D293CD887
S31501012FC0354903D4313F07607529063F1929800127
S31501012FD0353F07607128E0001D293CD8312903CC12
S31501012FE07529063F700998007F8000207D20002603
S31501012FF07529E0077D2801207A1207C27120000098
S31501013000353F07617128E0001D293CD87140000850
S31501013010354901397128E0001D293CD85149032060
S315010130207128E0001D293CD85549013C7128E00071
S315010130301D293CD87140000035490138313F0761EE
S315010130407529063F7148E0001D4A3CD8314A03CD36
S31501013050754A063F7108E0001D083CD87D284A14CF
S3150101306035490148313F07617529063F1929800113
S31501013070353F0761313F07617529063F7148E00018
S315010130801D4A3CD8314A03CE754A063F7108E00014
S315010130901D083CD87D284A1435490148313F07614D
S315010130A07529063F19298001353F0761313F0761BE
S315010130B07529063F7148E0001D4A3CD8314A03CFC4
S315010130C0754A063F7108E0001D083CD87D284A145F
S315010130D035490148313F07617529063F19298001A3
S315010130E0353F0761313F07617529063F7148E000A8
S315010130F01D4A3CD8314A03D0754A063F7108E000A2
S315010131001D083CD87D284A1435490148313F0761DC
S315010131107529063F19298001353F0761313F07614D
S315010131207529063F7148E0001D4A3CD8314A03D151
S31501013130754A063F7108E0001D083CD87D284A14EE
S3150101314035490148313F07617529063F1929800132
S31501013150353F0761313F07617529063F7148E00037
S315010131601D4A3CD8314A03D2754A063F7108E0002F
S315010131701D083CD87D284A1435490148313F07616C
S315010131807529063F19298001353F0761313F0761DD
S315010131907529063F7148E0001D4A3CD8314A03D3DF
S315010131A0754A063F7108E0001D083CD87D284A147E
S315010131B035490148313F07617529063F19298001C2
S315010131C0353F0761313F07617529063F7148E000C7
S315010131D01D4A3CD8314A03D4754A063F7108E000BD
S315010131E01D083CD87D284A1435490148313F0761FC
S315010131F07529063F19298001353F07617128E000CC
S315010132001D293CD8312901397529063F7009A808BC
S315010132107F8000207D2000267529E0077D28012079
S315010132207A02059A7128E0001D293CD85149013CD1
S31501013230713F7FFF7F8A48007D2000267529E007BF
S315010132407D2801207A1205767128E0001D293CD8D6
S315010132505129013C7009AA017F8000207D200026A9
S315010132607529E0077D2801207A0205527128E000BF
S315010132701D293CD8312901387529063F7009980065
S315010132807F8000207D2000267529E0077D28012009
S315010132907A02052A7120000071400000553F076836
S315010132A0555F076C71200000353F077071200000E2
S315010132B0353F07717128E0001D293CD831290148A4
S315010132C07529063F1929C0027D290E70752A063F07
S315010132D0313F07717D494B78353F0771313F0771A1
S315010132E0353F0770313F07707529063F031379FE94
S315010132F0EB6702420231553F0768555F076C513F43
S315010133000768515F076C553F0778555F077C712840
S31501013310E0001D093CD8513F0778515F077C5528CC
S3150101332002985548029C7120000071400000553FEA
S315010133300780555F0784712000005D3F0788712072
S3150101334000005D3F078A7128E0001D293CD831291B
S31501013350014D7529063F752A043F593F078A7D4963
S315010133604B785D3F078A7128E0001D293CD8312938
S31501013370014E7529063F7529043F7D294070752A3D
S31501013380043F593F078A7D494B785D3F078A593F7B
S31501013390078A5D3F0788593F07887529043F03134B
S315010133A079FEEAB502420231553F0780555F07842E
S315010133B0513F0780515F0784553F0790555F079439
S315010133C0507F0790509F079470A7E72370B5C12AD4
S315010133D070C6E05570C6C26179FEE1F5024202315D
S315010133E00313032470A8E01370B5C12A70C6E05512
S315010133F070C6C26179FEE17302420231553F0790FF
S31501013400555F07947128E0001D091198513F0790F6
S31501013410515F0794552800005548000471200000AA
S3150101342071400000553F0798555F079C71200000C8
S31501013430353F07A071200000353F07A17128E00043
S315010134401D293CD8312901487529063F1929C0048E
S315010134507D291670752A063F313F07A17D494B78B3
S31501013460353F07A1313F07A1353F07A0313F07A0EE
S315010134707529063F031379FEE9DF02420231553F01
S315010134800798555F079C513F0798515F079C553F28
S3150101349007A8555F07AC7128E0001D093CD8513FCB
S315010134A007A8515F07AC552802A0554802A471200F
S315010134B0000071400000553F07B0555F07B4712008
S315010134C000005D3F07B8712000005D3F07BA712812
S315010134D0E0001D293CD83129014B7529063F752A82
S315010134E0043F593F07BA7D494B785D3F07BA7128B9
S315010134F0E0001D293CD83129014C7529063F752962
S31501013500043F7D294070752A043F593F07BA7D4919
S315010135104B785D3F07BA593F07BA5D3F07B8593F37
S3150101352007B87529043F031379FEE92D02420231D9
S31501013530553F07B0555F07B4513F07B0515F07B417
S31501013540553F07C0555F07C4507F07C0509F07C449
S3150101355070A7E72370B5C12A70C6E05570C6C2616E
S3150101356079FEE06D024202310313032470A8E013D0
S3150101357070B5C12A70C6E05570C6C26179FEDFEB2E
S3150101358002420231553F07C0555F07C47128E00069
S315010135901D091298513F07C0515F07C45528000004
S315010135A0554800047120000071400000553F07C8CD
S315010135B0555F07CC71200000353F07D0712000000F
S315010135C0353F07D17128E0001D293CD83129014831
S315010135D07529063F7D292470752A063F313F07D19A
S315010135E07D494B78353F07D1313F07D1353F07D06B
S315010135F0313F07D07529063F031379FEE85B024285
S315010136000231553F07C8555F07CC513F07C8515F86
S3150101361007CC553F07D8555F07DC7128E0001D0926
S315010136203CD8513F07D8515F07DC552802A85548B8
S3150101363002AC7120000071400000553F07E0555F63
S3150101364007E471200000353F07E871200000353F8E
S3150101365007E97128E0001D293CD83129014875295E
S31501013660063F1929C0087D291E70752A063F313F7B
S3150101367007E97D494B78353F07E9313F07E9353F91
S3150101368007E8313F07E87529063F031379FEE7C9C4
S3150101369002420231553F07E0555F07E4513F07E01A
S315010136A0515F07E4553F07F0555F07F47128E000C4
S315010136B01D093CD8513F07F0515F07F4552802B067
S315010136C0554802B47120000071400000553F07F8CA
S315010136D0555F07FC712000005D3F08007120000065
S315010136E05D3F08027128E0001D293CD831290149B5
S315010136F07529063F752A043F593F08027D494B78D2
S315010137005D3F08027128E0001D293CD83129014A93
S315010137107529063F7529043F7D294070752A043FA5
S31501013720593F08027D494B785D3F0802593F08021E
S315010137305D3F0800593F08007529043F031379FECF
S31501013740E71702420231553F07F8555F07FC513F22
S3150101375007F8515F07FC553F0808555F080C507F74
S315010137600808509F080C70A7E77770ACC35E70CE4E
S31501013770E42970D3C58879FEDE570242023103136B
S31501013780032470A8E06770ACC7AE70C2E47A70DC3E
S31501013790C14879FEDDD502420231553F0808555F20
S315010137A0080C7128E0001D091260513F0808515F9C
S315010137B0080C55280000554800047120000071408D
S315010137C00000553F0978555F097C71200000353F9E
S315010137D008107128E0001D293CD87143E060714849
S315010137E0C0F3554903247128E0001D293CD87140D5
S315010137F00008354903DF1D3F09784803483403159D
S3150101380079FF45270231752A063F7128E0001D29F6
S315010138103CD8354903D6313F08107529063F195F52
S3150101382080087D2A4A1431290970752A063F7128B3
S31501013830E0001D293CD8354903D7313F08107529C8
S31501013840063F19298001353F0810313F08107529B6
S31501013850063F195F80087D2A4A1431290970752AA4
S31501013860063F7128E0001D293CD8354903D8313F6F
S3150101387008107529063F19298001353F0810313F86
S3150101388008107529063F195F80087D2A4A143129D6
S315010138900970752A063F7128E0001D293CD8354972
S315010138A003D9313F08107529063F19298001353F92
S315010138B00810313F08107529063F195F80087D2AD6
S315010138C04A1431290970752A063F7128E0001D291C
S315010138D03CD8354903DA313F08107529063F1929C4
S315010138E08001353F0810313F08107529063F195FE0
S315010138F080087D2A4A1431290970752A063F7128E3
S31501013900E0001D293CD8354903DB313F08107529F3
S31501013910063F19298001353F0810313F08107529E5
S31501013920063F195F80087D2A4A1431290970752AD3
S31501013930063F7128E0001D293CD8354903DC313F9A
S3150101394008107529063F19298001353F0810313FB5
S3150101395008107529063F195F80087D2A4A14312905
S315010139600970752A063F7128E0001D293CD83549A1
S3150101397003DD313F08107529063F19298001353FBD
S315010139800810313F08107529063F195F80087D2A05
S315010139904A1431290970752A063F7128E0001D294B
S315010139A03CD8354903DE313F08107529063F1929EF
S315010139B08001353F08107128E0001D293CD83129C5
S315010139C003D67529063F700998007F8000207D2066
S315010139D000267529E0077D2801207A12020471204B
S315010139E00000353F08117128E0001D293CD87140BE
S315010139F00008354901517128E0001D293CD851497A
S31501013A0003247128E0001D293CD855490154712828
S31501013A10E0001D293CD87140000135490150313F73
S31501013A2008117529063F7148E0001D4A3CD8314A03
S31501013A3003D7754A063F7108E0001D083CD87D2869
S31501013A404A1435490160313F08117529063F192983
S31501013A508001353F0811313F08117529063F71482B
S31501013A60E0001D4A3CD8314A03D8754A063F710820
S31501013A70E0001D083CD87D284A1435490160313FD3
S31501013A8008117529063F19298001353F0811313F72
S31501013A9008117529063F7148E0001D4A3CD8314A93
S31501013AA003D9754A063F7108E0001D083CD87D28F7
S31501013AB04A1435490160313F08117529063F192913
S31501013AC08001353F0811313F08117529063F7148BB
S31501013AD0E0001D4A3CD8314A03DA754A063F7108AE
S31501013AE0E0001D083CD87D284A1435490160313F63
S31501013AF008117529063F19298001353F0811313F02
S31501013B0008117529063F7148E0001D4A3CD8314A22
S31501013B1003DB754A063F7108E0001D083CD87D2884
S31501013B204A1435490160313F08117529063F1929A2
S31501013B308001353F0811313F08117529063F71484A
S31501013B40E0001D4A3CD8314A03DC754A063F71083B
S31501013B50E0001D083CD87D284A1435490160313FF2
S31501013B6008117529063F19298001353F0811313F91
S31501013B7008117529063F7148E0001D4A3CD8314AB2
S31501013B8003DD754A063F7108E0001D083CD87D2812
S31501013B904A1435490160313F08117529063F192932
S31501013BA08001353F0811313F08117529063F7148DA
S31501013BB0E0001D4A3CD8314A03DE754A063F7108C9
S31501013BC0E0001D083CD87D284A1435490160313F82
S31501013BD008117529063F19298001353F08117128F8
S31501013BE0E0001D293950312902757529063F7009F1
S31501013BF098007F8000207D2000267529E0077D2819
S31501013C0001207A12001071200000553F00B07800A2
S31501013C1000247128E0001D29393851490000712815
S31501013C20E0001D293950512901DC7D295050553FAC
S31501013C3000B07128E0001D29393851490000712869
S31501013C40E0001D293950554901DC7128E0001D2983
S31501013C50395071400000354902757128E000592932
S31501013C6012107529043F03137120E1031C8995285C
S31501013C707120E1031CA99528481679FF5593023154
S31501013C807D2A4B787128E0005D4913607128E000B7
S31501013C90592913607529043F11204AD0553F000C5B
S31501013CA0513F000C11204ADA553F08147128E000F2
S31501013CB0592912B47529043F7D2A4B7871200000D8
S31501013CC07136C3337D2A49D6553F08187128E0005C
S31501013CD01D2939505929025C7529043F7D2A4B78E2
S31501013CE0712000007133C19A7D2A49D6553F081CBE
S31501013CF0513F081C7D2A0C70513F08187D4A4A1410
S31501013D007128E000554912707128E000514912707D
S31501013D107120E1F47F8A48407FDDE8427D2000265B
S31501013D207529FFFF7529063F353F00087128E00017
S31501013D30514912707122E193713FC7FF7F8A484051
S31501013D407D2000267529F7FF7529063F353F015A62
S31501013D50313F00087529063F700998007F800020D0
S31501013D607D2000267529E0077D2801207A0200249D
S31501013D70313F015A7529063F700998007F8000205D
S31501013D807D2000267529E0077D2801207A12000C85
S31501013D90712000017800000871200000353F0008FC
S31501013DA07128E000592911D27529043F7D2A4B78E2
S31501013DB0712000007136C3337D2A49D6553F081C4F
S31501013DC07128E0001D2939505929025E752A043FDF
S31501013DD07128E0001D2939505D49025C7128E00016
S31501013DE01D2939505929025C7529043F7D2A4B78D1
S31501013DF0712000007133C19A7D2A49D6553F0818B1
S31501013E00513F08187D2A0C70513F081C7D4A4A14FE
S31501013E107128E000554912B07128E000514912B0EC
S31501013E207120E1F47F8A48407FDDE8427D2000264A
S31501013E307529FFFF7529063F353F015A7128E000B3
S31501013E40514912B07122E193713FC7FF7F8A484000
S31501013E507D2000267529F7FF7529063F353F082084
S31501013E60313F015A7529063F700998007F8000206C
S31501013E707D2000267529E0077D2801207A0200248C
S31501013E80313F08207529063F700998007F8000207F
S31501013E907D2000267529E0077D2801207A12000C74
S31501013EA0712000017800000871200000353F015A98
S31501013EB0313F015A7529063F700998007F8000201C
S31501013EC07D2000267529E0077D2801207A0200243C
S31501013ED0313F00087529063F700998007F8000204F
S31501013EE07D2000267529E0077D2801207A12000C24
S31501013EF0712000017800000871200000353F015A48
S31501013F007128E000512912B003137120E1031C89C4
S31501013F1095387120E1031CA99530481679FF54F9AA
S31501013F2002327128E000554913187128E000512920
S31501013F30131811404AD07126E780112A4AC8553F04
S31501013F40000C7128E0005129127003137120E1035D
S31501013F501C8995407120E1031CA99530481679FF0A
S31501013F6054B702327128E000554911807128E000E9
S31501013F705129118011404AD07126E780112A4AC878
S31501013F80553F002C515F000C513F002C112A4AC1AB
S31501013F90553F0028513F0028112902C4553F0028E9
S31501013FA0515F00287128E120138A4ACC7D20002621
S31501013FB07529F7FF7529063F353F0820515F000C2A
S31501013FC07128E2C8138A4ACC7D2000267529F7FF9C
S31501013FD07529063F353F0008515F002C7128E2C85B
S31501013FE0138A4ACC7D2000267529F7FF7529063FDC
S31501013FF0353F08F6313F00087529063F70099800DB
S315010140007F8000207D2000267529E0077D2801207B
S315010140107A020024313F08F67529063F7009980096
S315010140207F8000207D2000267529E0077D2801205B
S315010140307A12000C7120000178000008712000003D
S31501014040353F00087128E000592912107529043FEE
S315010140507009A92C7F8000207FDDE8427D200026A2
S315010140607529FFFF7529063F353F08F67128E000DE
S31501014070592912107529043F7049A9937F8000209F
S315010140807D2000267529F7FF7529063F353F082151
S31501014090313F08F67529063F700998007F80002097
S315010140A07D2000267529E0077D2801207A0200245A
S315010140B0313F08217529063F700998007F8000204C
S315010140C07D2000267529E0077D2801207A12000C42
S315010140D07120000178000008712000007529063F52
S315010140E0353F08F67128E000592911587529043F11
S315010140F07009A92C7F8000207FDDE8427D20002602
S315010141007529FFFF7529063F353F08217128E00012
S31501014110592911587529043F7049A9937F800020B7
S315010141207D2000267529F7FF7529063F353F0822AF
S31501014130313F08217529063F700998007F800020CB
S315010141407D2000267529E0077D2801207A020024B9
S31501014150313F08227529063F700998007F800020AA
S315010141607D2000267529E0077D2801207A12000CA1
S31501014170712000017800000871200000353F0821F7
S31501014180313F08F67529063F700998007F800020A6
S315010141907D2000267529E0077D2801207A02002469
S315010141A0313F08217529063F700998007F8000205B
S315010141B07D2000267529E0077D2801207A12000C51
S315010141C07120000178000008712000007529063F61
S315010141D0353F08F6313F00087529063F70099800F9
S315010141E07F8000207D2000267529E0077D2801209A
S315010141F07A020064313F08207529063F700998004B
S315010142007F8000207D2000267529E0077D28012079
S315010142107A020044313F015A7529063F7009980017
S315010142207F8000207D2000267529E0077D28012059
S315010142307A020024313F08F67529063F7009980074
S315010142407F8000207D2000267529E0077D28012039
S315010142507A12000C7120000178000008712000001B
S31501014260353F0008313F00087529063F0313708762
S31501014270E5E17088C7AE7128E0001CA913707128A9
S31501014280E0001CC93C9879FF6A3B7128E0001D29B1
S31501014290395051290154553F0028507F00B079FE0C
S315010142A0DBB7024202310313032470A7E78470AF1F
S315010142B0C2E170C8E7AE70C2C47B79FED313024274
S315010142C00231553F08F8555F08FC513F08F8515F27
S315010142D008FC0313032470A8E09218A5D1C048066F
S315010142E079FED2ED024202310313032479FEDB1F6B
S315010142F00231553F000C7128E0001D2913785149FF
S315010143000004512900000313032479FEDB01023164
S31501014310553F0030515F0030513F0028112A4AC1F3
S31501014320553F0030515F0030513F000C138A4ACC92
S315010143307D2000267529F7FF7529063F353F08229D
S31501014340313F08227529063F700998007F800020B8
S315010143507D2000267529E0077D2801207A02007C4F
S31501014360513F08F8515F08FC0313032470B8E0922A
S3150101437018A5D1C0480679FED2570242023103136C
S31501014380032479FEDA890231553F000C515F003071
S31501014390513F000C138A4ACD7D2000267529F7FF6E
S315010143A07529063F353F0008313F00087529063F4B
S315010143B0700998007F8000207D2000267529E0077D
S315010143C07D2801207A12000C513F000C553F003027
S315010143D0513F0030553F000C515F000C513F002801
S315010143E0114A4AC07128E0001D2939505549015425
S315010143F07128E0001D29395051290154112902C49E
S31501014400553F0028515F00287128E2F0138A4ACCF2
S315010144107D2000267529F7FF7529063F353F0008DE
S31501014420313F00087529063F03137087E5E170885E
S31501014430C7AE7128E0001CA93EC87128E0001CC95D
S315010144403C8879FF64217128E0001D291300514937
S31501014450000451290000031303244805480679FE87
S31501014460D6030231700998007F8000207D20002645
S315010144707529E0077D2801207A02003A7128E000BA
S315010144801D2912185149000451290000031303245F
S315010144904805480679FED5CD0231700998007F801D
S315010144A000207D2000267529E0077D2801207A124A
S315010144B0000C712000017800000871200000353FD1
S315010144C00008313F00087529063F03137087E64C42
S315010144D07099C4CD7128E0001CA93EC07128E00085
S315010144E01CC93C7879FF637F7128E0001D293CD8FE
S315010144F0514901EC512901E8481C031303244805DC
S31501014500480679FED5CB0231700998007F800020DB
S315010145107D2000267529E0077D2801207A110006F4
S31501014520480C7789063F353F08207128E0001D298F
S31501014530395031290264353F0822313F0820752A55
S31501014540063F313F08227529063F7F8A48407D2073
S3150101455000267529F7FF7529063F353F0821712880
S31501014560E0001D293938514900007128E0001D2953
S315010145703950512901E07D295050553F08187128BC
S31501014580E0001D293938514900007128E0001D2933
S315010145903950554901E07128E0001D293950312969
S315010145A002727529063F7D2A4B78513F08187D2AEB
S315010145B04A147009A81F7F8000207D2000267529D5
S315010145C0E0077D2801207A1100347128E0001D29B8
S315010145D0395031290272752A063F513F081875294A
S315010145E0063F7D2A4A14752A063F7128E0001D29D6
S315010145F0395035490272780000147128E0001D29ED
S3150101460039507140001F354902727128E0001D2998
S315010146103950512902541929C102700998007F8024
S3150101462000207D2000267529E0077D2801207A02D8
S3150101463000687128E0001D493950512A0254710060
S31501014640000175094DAC552A02547128E0001D4936
S315010146503950512A02507100000275093DF0552A5F
S3150101466002507128E0001D493950512A025071004A
S31501014670000275092E74552A02507128E0001D2980
S315010146803950714000003549027271200000353FF1
S3150101469000087800013C7128E0001D293950512993
S315010146A00250752905F17009A8807F8000207D20BF
S315010146B000267529E0077D2801207A020010712064
S315010146C00001353F0008780001087128E0001D2925
S315010146D03950512902501929C0607009A8207F80DB
S315010146E000207D2000267529E0077D2801207A0218
S315010146F000407128E0001D493950512A02507100CC
S31501014700000075092E74552A02507128E0001D49D1
S315010147103950512A02507100000175093DF0552A9F
S31501014720025071200001353F0008780000A4712074
S315010147300000353F00087128E0001D293950312953
S3150101474002727529063F7009A8137F8000207D201A
S3150101475000267529E0077D2801207A01002C313FC9
S3150101476008217529063F700998007F8000207D2068
S3150101477000267529E0077D2801207A12000C712097
S3150101478000017800000871200000353F015A313FD0
S31501014790015A7529063F700998007F8000207D2006
S315010147A000267529E0077D2801207A120024712847
S315010147B0E0001D493950512A025071000001750965
S315010147C02E74552A025071200001353F00087128C7
S315010147D0E0001D2939505149000451290000553F76
S315010147E00900555F0904507F00B079FED66B02427C
S315010147F002310313032470A7E78470AFC2E170C8C5
S31501014800E7AE70C2C47B79FECDC702420231553F84
S3150101481008F8555F08FC513F08F8515F08FC03137E
S31501014820032470A8E024480679FECDA5024202318F
S31501014830553F0010555F00147128E0001D2911C86C
S3150101484050E9000051090004513F0900515F090473
S31501014850017303040315032679FECD0F02420231CA
S31501014860553F0038555F003C481CCE3FCF4FC45FD2
S31501014870C56F79FED25B0231700998007F800020F5
S315010148807D2000267529E0077D2801207A11000681
S31501014890480C7789063F353F0822313F08227529A1
S315010148A0063F700998007F8000207D20002675292A
S315010148B0E0077D2801207A0200A0513F08F8515FE7
S315010148C008FC0313032470B8E024480679FECD01E0
S315010148D002420231553F08F8555F08FC513F08F87D
S315010148E0515F08FC481CCE3FCF4F0315032679FEC5
S315010148F0D2B70231700998007F8000207D20002601
S315010149007529E0077D2801207A100006480C778970
S31501014910063F353F0821313F08217529063F7009B8
S3150101492098007F8000207D2000267529E0077D28DB
S3150101493001207A120014513F08F8515F08FC553FD6
S315010149400038555F003C513F0038515F003C553FEF
S315010149500010555F0014513F0900515F090403130B
S315010149600324C45FC56F79FECBA7024202317108E8
S31501014970E0001D08395055280000554800047128EA
S31501014980E0001D2939505149000451290000031342
S31501014990032470A8E03E480679FED135023170093B
S315010149A098007F8000207D2000267529E0077D285B
S315010149B001207A0100187128E03E71400000553F3F
S315010149C00010555F0014780000667128E0001D296A
S315010149D039505149000451290000031303244805A4
S315010149E0480679FED1C30231700998007F80002003
S315010149F07D2000267529E0077D2801207A0000180F
S31501014A007120000071400000553F0010555F0014F0
S31501014A107800001C7128E0001D2939505149000414
S31501014A2051290000553F0010555F0014C43FC54F81
S31501014A3070A7E7D170B8C71C70CEE1C770C3C47245
S31501014A4079FECB8D02420231553F0010555F0014AC
S31501014A50481CC43FC54F4805480679FED0DF0231DF
S31501014A60700998007F8000207D2000267529E007C6
S31501014A707D2801207A000006480C7789063F353FDB
S31501014A800822481CC43FC54F70A8E044480679FE78
S31501014A90D1170231700998007F8000207D20002600
S31501014AA07529E0077D2801207A100006480C7789CF
S31501014AB0063F353F0821313F08227529063F700916
S31501014AC098007F8000207D2000267529E0077D283A
S31501014AD001207A020024313F08217529063F700918
S31501014AE098007F8000207D2000267529E0077D281A
S31501014AF001207A12000C7120000178000008712052
S31501014B000000353F0821313F08217529063F03136E
S31501014B107087E5E17088C7AE7128E0001CA93EB82F
S31501014B207128E0001CC93C6879FF5D3B7128E000F2
S31501014B301D2939505149000C51290008553F0900D9
S31501014B40555F0904507F00B079FED30D024202314F
S31501014B500313032470A7E78470AFC2E170C8E7AEFF
S31501014B6070C2C47B79FECA6902420231553F08F817
S31501014B70555F08FC513F08F8515F08FC03130324F4
S31501014B8070A8E024480679FECA4702420231553F20
S31501014B900018555F001C7128E0001D2911C050E95C
S31501014BA0000051090004513F0900515F09040173D5
S31501014BB003040315032679FEC9B102420231553FA9
S31501014BC00038555F003C481CCE3FCF4FC65FC76FCB
S31501014BD079FECEFD0231700998007F8000207D208B
S31501014BE000267529E0077D2801207A110006480C67
S31501014BF07789063F353F0822313F08227529063F4D
S31501014C00700998007F8000207D2000267529E00724
S31501014C107D2801207A0200A0513F08F8515F08FC66
S31501014C200313032470B8E024480679FEC9A302429E
S31501014C300231553F08F8555F08FC513F08F8515FAD
S31501014C4008FC481CCE3FCF4F0315032679FECF59E9
S31501014C500231700998007F8000207D200026752988
S31501014C60E0077D2801207A100006480C7789063F66
S31501014C70353F0821313F08217529063F7009980002
S31501014C807F8000207D2000267529E0077D280120EF
S31501014C907A120014513F08F8515F08FC553F00385C
S31501014CA0555F003C513F0038515F003C553F0018AC
S31501014CB0555F001C513F0900515F09040313032489
S31501014CC0C65FC76F79FEC849024202317108E00029
S31501014CD01D083950552800085548000C7128E00077
S31501014CE01D2939505149000C512900080313032488
S31501014CF070A8E03E480679FECDD7023170099800C9
S31501014D007F8000207D2000267529E0077D2801206E
S31501014D107A0100187128E03E71400000553F0018E4
S31501014D20555F001C780000667128E0001D29395085
S31501014D305149000C5129000803130324480548066B
S31501014D4079FECE650231700998007F8000207D20B1
S31501014D5000267529E0077D2801207A0000187120B7
S31501014D60000071400000553F0018555F001C780096
S31501014D70001C7128E0001D2939505149000C5129A7
S31501014D800008553F0018555F001CC63FC74F70A765
S31501014D90E7D170B8C71C70CEE1C770C3C47279FE82
S31501014DA0C82F02420231553F0018555F001C481CAD
S31501014DB0C63FC74F4805480679FECD8102317009C4
S31501014DC098007F8000207D2000267529E0077D2837
S31501014DD001207A000006480C7789063F353F0822F3
S31501014DE0481CC63FC74F70A8E044480679FECDB9B5
S31501014DF00231700998007F8000207D2000267529E7
S31501014E00E0077D2801207A100006480C7789063FC4
S31501014E10353F0821313F08227529063F700998005F
S31501014E207F8000207D2000267529E0077D2801204D
S31501014E307A020024313F08217529063F700998003D
S31501014E407F8000207D2000267529E0077D2801202D
S31501014E507A12000C7120000178000008712000000F
S31501014E60353F0821313F08217529063F0313708714
S31501014E70E5E17088C7AE7128E0001CA93EB0712832
S31501014E80E0001CC93C5879FF59DD7128E0001D2954
S31501014E9039505149001451290010553F0900555FF8
S31501014EA00904507F00B079FECFAF024202310313EC
S31501014EB0032470A7E78470AFC2E170C8E7AE70C280
S31501014EC0C47B79FEC70B02420231553F08F8555F93
S31501014ED008FC513F08F8515F08FC0313032470A82D
S31501014EE0E024480679FEC6E902420231553F002017
S31501014EF0555F00247128E0001D2912D850E90000F0
S31501014F0051090004513F0900515F0904017303046A
S31501014F100315032679FEC65302420231553F003875
S31501014F20555F003C481CCE3FCF4FC85FC96F79FE24
S31501014F30CB9F0231700998007F8000207D200026D9
S31501014F407529E0077D2801207A110006480C778929
S31501014F50063F353F0822313F08227529063F700970
S31501014F6098007F8000207D2000267529E0077D2895
S31501014F7001207A0200A0513F08F8515F08FC031392
S31501014F80032470B8E024480679FEC645024202317F
S31501014F90553F08F8555F08FC513F08F8515F08FC79
S31501014FA0481CCE3FCF4F0315032679FECBFB0231B9
S31501014FB0700998007F8000207D2000267529E00771
S31501014FC07D2801207A100006480C7789063F353F76
S31501014FD00821313F08217529063F700998007F8014
S31501014FE000207D2000267529E0077D2801207A12FF
S31501014FF00014513F08F8515F08FC553F0038555FD1
S31501015000003C513F0038515F003C553F0020555F40
S315010150100024513F0900515F090403130324C85FAA
S31501015020C96F79FEC4EB024202317108E0001D0825
S31501015030395055280010554800147128E0001D29E2
S31501015040395051490014512900100313032470A842
S31501015050E03E480679FECA790231700998007F80DF
S3150101506000207D2000267529E0077D2801207A018F
S3150101507000187128E03E71400000553F0020555F40
S315010150800024780000667128E0001D293950514934
S31501015090001451290010031303244805480679FE1B
S315010150A0CB070231700998007F8000207D20002600
S315010150B07529E0077D2801207A000018712000007A
S315010150C071400000553F0020555F00247800001C07
S315010150D07128E0001D293950514900145129001048
S315010150E0553F0020555F0024C83FC94F70A7E762AD
S315010150F070A9C73D70CDE13A70D2C45179FEC4D1D0
S3150101510002420231553F0020555F0024481CC83F29
S31501015110C94F4805480679FECA230231700998002C
S315010151207F8000207D2000267529E0077D2801204A
S315010151307A000006480C7789063F353F0822481C4C
S31501015140C83FC94F70A8E044480679FECA5B0231DF
S31501015150700998007F8000207D2000267529E007CF
S315010151607D2801207A100006480C7789063F353FD4
S315010151700821313F08227529063F700998007F8071
S3150101518000207D2000267529E0077D2801207A026D
S315010151900024313F08217529063F700998007F8057
S315010151A000207D2000267529E0077D2801207A123D
S315010151B0000C712000017800000871200000353FC4
S315010151C00821313F08217529063F03137087E5E15F
S315010151D07088C7AE7128E0001CA93EA87128E000BD
S315010151E01CC93C4879FF567F7128E0001D293950B9
S315010151F05149001C51290018553F0900555F090401
S31501015200507F00B079FECC510242023103130324CF
S3150101521070A7E78470AFC2E170C8E7AE70C2C47B04
S3150101522079FEC3AD02420231553F08F8555F08FCCC
S31501015230513F08F8515F08FC0313032470A8E024C9
S31501015240480679FEC38B02420231553F0038555F4C
S31501015250003C7128E0001D29116050E90000510947
S315010152600004513F0900515F090401730304031549
S31501015270032679FEC2F502420231553F0040555FD0
S315010152800044481C507F0040509F0044CE5FCF6FC1
S3150101529079FEC83D0231700998007F8000207D208A
S315010152A000267529E0077D2801207A110006480CA0
S315010152B07789063F353F0822313F08227529063F86
S315010152C0700998007F8000207D2000267529E0075E
S315010152D07D2801207A0200A4513F08F8515F08FC9C
S315010152E00313032470B8E024480679FEC2E302429F
S315010152F00231553F08F8555F08FC513F08F8515FE7
S3150101530008FC481C507F0040509F004403150326AA
S3150101531079FEC8950231700998007F8000207D20B1
S3150101532000267529E0077D2801207A100006480C20
S315010153307789063F353F0821313F08217529063F07
S31501015340700998007F8000207D2000267529E007DD
S315010153507D2801207A120014513F08F8515F08FC9B
S31501015360553F0040555F0044513F0040515F0044A5
S31501015370553F0038555F003C513F0900515F090413
S3150101538003130324CE5FCF6F79FEC1850242023139
S315010153907108E0001D083950552800185548001CB0
S315010153A07128E0001D2939505149001C5129001865
S315010153B00313032470A8E03E480679FEC7130231A0
S315010153C0700998007F8000207D2000267529E0075D
S315010153D07D2801207A0100187128E03E7140000004
S315010153E0553F0038555F003C780000667128E000A2
S315010153F01D2939505149001C512900180313032451
S315010154004805480679FEC7A10231700998007F80D7
S3150101541000207D2000267529E0077D2801207A00DC
S3150101542000187120000071400000553F0038555F9A
S31501015430003C7800001C7128E0001D2939505149B2
S31501015440001C51290018553F0038555F003CCE3FDD
S31501015450CF4F70A7E76270A9C73D70CDE13A70D20F
S31501015460C45179FEC16B02420231553F0038555F85
S31501015470003C481CCE3FCF4F4805480679FEC6BDC4
S315010154800231700998007F8000207D200026752950
S31501015490E0077D2801207A000006480C7789063F3E
S315010154A0353F0822481CCE3FCF4F70A8E04448063D
S315010154B079FEC6F50231700998007F8000207D20B2
S315010154C000267529E0077D2801207A100006480C7F
S315010154D07789063F353F0821313F08227529063F65
S315010154E0700998007F8000207D2000267529E0073C
S315010154F07D2801207A020024313F08217529063FC2
S31501015500700998007F8000207D2000267529E0071B
S315010155107D2801207A12000C712000017800000813
S3150101552071200000353F0821313F08217529063FC9
S3150101553003137087E5E17088C7AE7128E0001CA9E5
S315010155403EA07128E0001CC93C3879FF5319513F2F
S315010155500038515F003C553F0900555F0904513F31
S315010155600020515F0024553F0908555F090C513F41
S315010155700018515F001C553F00B8555F00BC513FF3
S315010155800010515F0014553F00C0555F00C47128DA
S31501015590E0001D293950514901547127E73371261C
S315010155A0C333112A4AC8553F00287128E0001D2935
S315010155B0395051290158553F000C515F000C712793
S315010155C0E6997133C19A112A4AC8553F000C515FB8
S315010155D00028513F000C112A4AC0553F0028507F2F
S315010155E000287120E1031C8995A87120E1031CA9FA
S315010155F09548497679FF4035547F000C513F000C9F
S31501015600553F00C8507F00287120E1031C89966827
S315010156107120E1031CA99608497679FF400F547F51
S31501015620000C513F0028553F00307128E0005129F7
S31501015630131811404AD07126E780114A4AC8513FD1
S31501015640002C112A4AC0553F0028515F00287128B4
S31501015650E000112A4AC9553F002C513F002C553F04
S3150101566000CC7128E0001D293950514900245129E6
S315010156700020553F0038555F003C507F00B079FE50
S31501015680C7D7024202310313032470A7E78470AF1F
S31501015690C2E170C8E7AE70C2C47B79FEBF33024274
S315010156A00231553F08F8555F08FC513F08F8515F33
S315010156B008FC0313032470A8E0B318A5D188480692
S315010156C079FEBF0D02420231553F0020555F00248C
S315010156D07128E0001D2939505149002C5129002812
S315010156E0553F0018555F001CC63FC74F70A7E7D34A
S315010156F070A6C33370C6E33370C6C33379FEBED118
S3150101570002420231553F0018555F001C7128E00025
S315010157101D2911985149000451290000031303243D
S3150101572070A8E02370B3C19970D3E19970D3C19A7E
S3150101573079FEBE9D024202317108E0001D08395011
S31501015740552800285548002C7128E0001D2939509B
S315010157505149002C512900280313032470A7E7E6B8
S3150101576070ACC66670CCE66670CCC66679FEBE6163
S3150101577002420231553F0010555F0014C63FC74F23
S31501015780C45FC56F79FEBD8902420231553F0040B2
S31501015790555F0044507F0040509F0044CE5FCF6F5C
S315010157A079FEBDC702420231553F0040555F0044B3
S315010157B0481C507F0040509F0044C85FC96F79FE65
S315010157C0C30F0231700998007F8000207D200026D9
S315010157D07529E0077D2801207A110006480C778991
S315010157E0063F353F0822313F08227529063F7009D8
S315010157F098007F8000207D2000267529E0077D28FD
S3150101580001207A0200A8513F08F8515F08FC0313F1
S31501015810032470B8E0B318A5D188480679FEBDB155
S3150101582002420231553F08F8555F08FC513F08F81D
S31501015830515F08FC481C507F0040509F00440315EE
S31501015840032679FEC3630231700998007F80002027
S315010158507D2000267529E0077D2801207A100006A2
S31501015860480C7789063F353F0821313F08217529C3
S31501015870063F700998007F8000207D20002675294A
S31501015880E0077D2801207A120014513F08F8515F83
S3150101589008FC553F0040555F0044513F0040515FB0
S315010158A00044553F0020555F0024C83FC94FCE5FD4
S315010158B0CF6F79FEBC5B024202317108E0001D081F
S315010158C0395055280020554800247128E0001D292A
S315010158D039505149002451290020481C031303243E
S315010158E070A7E7F8480679FEC1E702317009980009
S315010158F07F8000207D2000267529E0077D28012073
S315010159007A110006480C7789063F353F0822313F57
S3150101591008227529063F700998007F8000207D20A5
S3150101592000267529E0077D2801207A1200187127C2
S31501015930E7F871400000553F0038555F003C78009B
S3150101594000947128E0001D2939505149002451293B
S315010159500020481C0313032470B7E7F8480679FEB3
S31501015960C2470231700998007F8000207D20002600
S315010159707529E0077D2801207A100006480C7789F0
S31501015980063F353F0821313F08217529063F700938
S3150101599098007F8000207D2000267529E0077D285B
S315010159A001207A1200187137E7F871400000553F5E
S315010159B00038555F003C7800001C7128E0001D2964
S315010159C039505149002451290020553F0038555F6E
S315010159D0003C513F0038515F003C553F0040555F47
S315010159E000447128E0001D293950514900345129DB
S315010159F00030553F0038555F003C507F00B079FEBD
S31501015A00C457024202310313032470A7E78470AF1E
S31501015A10C2E170C8E7AE70C2C47B79FEBBB3024274
S31501015A200231553F08F8555F08FC513F08F8515FAF
S31501015A3008FC0313032470A8E0B318A5D18848060E
S31501015A4079FEBB8D02420231553F0020555F00248C
S31501015A507128E0001D2912985149000451290000BD
S31501015A600313032470A8E02370B3C19970D3E1999C
S31501015A7070D3C19A79FEBB5902420231553F0048A2
S31501015A80555F004C507F0048509F004C70A7E7E6D8
S31501015A9070ACC66670CCE66670CCC66679FEBB3163
S31501015AA002420231553F0018555F001C7128E00082
S31501015AB01D2939505149003C51290038553F0010E3
S31501015AC0555F0014C43FC54F70A7E7D370A6C33312
S31501015AD070C6E33370C6C33379FEBAF502420231A9
S31501015AE0553F0010555F0014C63FC74FC45FC56FD0
S31501015AF079FEBA1D02420231553F0050555F0054ED
S31501015B00507F0050509F0054CE5FCF6F79FEBA5B34
S31501015B1002420231553F0050555F0054481C507FE7
S31501015B200050509F0054C85FC96F79FEBFA302316F
S31501015B30700998007F8000207D2000267529E007E5
S31501015B407D2801207A110006480C7789063F353FE9
S31501015B500822313F08227529063F700998007F8086
S31501015B6000207D2000267529E0077D2801207A0283
S31501015B7000A8513F08F8515F08FC0313032470B8CC
S31501015B80E0B318A5D188480679FEBA450242023129
S31501015B90553F08F8555F08FC513F08F8515F08FC6D
S31501015BA0481C507F0050509F00540315032679FE6F
S31501015BB0BFF70231700998007F8000207D20002601
S31501015BC07529E0077D2801207A100006480C77899E
S31501015BD0063F353F0821313F08217529063F7009E6
S31501015BE098007F8000207D2000267529E0077D2809
S31501015BF001207A120014513F08F8515F08FC553F04
S31501015C000050555F0054513F0050515F0054553FBC
S31501015C100020555F0024C83FC94FCE5FCF6F79FE83
S31501015C20B8EF024202317108E0001D0839505528CA
S31501015C300030554800347128E0001D293950514979
S31501015C40003451290030481C0313032470A7E7F8D7
S31501015C50480679FEBE7B0231700998007F800020DB
S31501015C607D2000267529E0077D2801207A1100068D
S31501015C70480C7789063F353F0822313F08227529AD
S31501015C80063F700998007F8000207D200026752936
S31501015C90E0077D2801207A1200187127E7F8714083
S31501015CA00000553F0038555F003C7800009471288B
S31501015CB0E0001D2939505149003451290030481C51
S31501015CC00313032470B7E7F8480679FEBEDB0231F8
S31501015CD0700998007F8000207D2000267529E00744
S31501015CE07D2801207A100006480C7789063F353F49
S31501015CF00821313F08217529063F700998007F80E7
S31501015D0000207D2000267529E0077D2801207A12D1
S31501015D1000187137E7F871400000553F0038555FAB
S31501015D20003C7800001C7128E0001D2939505149B9
S31501015D30003451290030553F0038555F003C513F31
S31501015D400038515F003C553F0050555F0054507F6C
S31501015D5000B079FEC103024202310313032470A785
S31501015D60E78470AFC2E170C8E7AE70C2C47B79FE49
S31501015D70B85F02420231553F08F8555F08FC513FB1
S31501015D8008F8515F08FC0313032470A8E09218A5D3
S31501015D90D1C0480679FEB839024202310313032400
S31501015DA079FEC06B0231553F00287128E0001D299B
S31501015DB0128051490004512900000313032479FE7D
S31501015DC0C04D0231553F00587128E0001D29395057
S31501015DD05129015C553F002C515F0058513F002C60
S31501015DE0112A4AC1553F0058515F0058513F0028B9
S31501015DF0138A4ACC7D2000267529F7FF7529063FAE
S31501015E00353F0822313F08227529063F700998005E
S31501015E107F8000207D2000267529E0077D2801204D
S31501015E207A02007C513F08F8515F08FC03130324F1
S31501015E3070B8E09218A5D1C0480679FEB79302421F
S31501015E4002310313032479FEBFC50231553F0028F0
S31501015E50515F0058513F0028138A4ACD7D20002603
S31501015E607529F7FF7529063F353F0821313F08217D
S31501015E707529063F700998007F8000207D20002644
S31501015E807529E0077D2801207A12000C513F00286F
S31501015E90553F0058513F0058553F0028515F002892
S31501015EA0513F002C114A4AC07128E0001D29395081
S31501015EB05549015C7128E0001D2939505149015CA0
S31501015EC07128E496138A4ACC7D2000267529E007BC
S31501015ED07D2801207A0100107128E496553F00586A
S31501015EE0780000447128E0001D2939505149015CAF
S31501015EF071200000138A4ACD7D2000267529E0070D
S31501015F007D2801207A01001071200000553F0058BB
S31501015F10780000147128E0001D2939505129015CCE
S31501015F20553F0058515F00587127E7337126C33336
S31501015F30112A4AC8553F00287128E0001D29395008
S31501015F4051290160553F002C515F002C7127E699BB
S31501015F507133C19A112A4AC8553F002C515F002855
S31501015F60513F002C112A4AC0553F00287128E000F3
S31501015F701D2939505149004451290040553F0038E6
S31501015F80555F003C507F00B079FEBECD0242023121
S31501015F900313032470A7E78470AFC2E170C8E7AEAB
S31501015FA070C2C47B79FEB62902420231553F08F817
S31501015FB0555F08FC513F08F8515F08FC03130324A0
S31501015FC070A8E0B318A5D188480679FEB603024246
S31501015FD00231553F0020555F00247128E0001D293B
S31501015FE0126051490004512900000313032470A7CB
S31501015FF0E7E670ACC66670CCE66670CCC66679FE1D
S31501016000B5CF02420231553F0018555F001C712878
S31501016010E0001D2939505149004C51290048553F8D
S315010160200010555F0014C43FC54F70A7E7D370A692
S31501016030C33370C6E33370C6C33379FEB5930242E7
S315010160400231553F0010555F0014C43FC54FC65F6D
S31501016050C76F79FEB4BB02420231553F0010555F4D
S315010160600014C43FC54FCE5FCF6F79FEB4FD024226
S315010160700231553F0010555F0014481CC43FC54FFE
S31501016080C85FC96F79FEBA490231700998007F80EC
S3150101609000207D2000267529E0077D2801207A113F
S315010160A00006480C7789063F353F0822313F082211
S315010160B07529063F700998007F8000207D20002602
S315010160C07529E0077D2801207A0200A4513F08F8CD
S315010160D0515F08FC0313032470B8E0B318A5D188F6
S315010160E0480679FEB4EB02420231553F08F8555F85
S315010160F008FC513F08F8515F08FC481CC43FC54FD5
S315010161000315032679FEBAA10231700998007F8031
S3150101611000207D2000267529E0077D2801207A10BF
S315010161200006480C7789063F353F0821313F082192
S315010161307529063F700998007F8000207D20002681
S315010161407529E0077D2801207A120014513F08F8CC
S31501016150515F08FC553F0010555F0014513F001077
S31501016160515F0014553F0020555F0024C83FC94FB8
S31501016170CE5FCF6F79FEB399024202317108E00019
S315010161801D08395055280040554800447128E00042
S315010161901D29395051490044512900400313032453
S315010161A070A8E0666505480679FEB92502317009D0
S315010161B098007F8000207D2000267529E0077D2833
S315010161C001207A01001C7128E0661929D1807140EC
S315010161D00000553F0038555F003C7800006E71287C
S315010161E0E0001D293950514900445129004003134A
S315010161F0032470B8E0666505480679FEB9AB02313C
S31501016200700998007F8000207D2000267529E0070E
S315010162107D2801207A00001C7138E0661929D18098
S3150101622071400000553F0038555F003C7800001C65
S315010162307128E0001D293950514900445129004076
S31501016240553F0038555F003C7128E0001D293CD8B7
S3150101625051490204512902007108E0001D0812305A
S3150101626055280000554800047128E0001D293CD835
S31501016270312903E5353F015A7128E0001D293CD832
S31501016280312903E4353F08217128E0001D293CD855
S31501016290312903E6353F08227128E0001D2911B88D
S315010162A051490004512900000313032448054806F6
S315010162B079FEB7B10231700998007F8000207D20F7
S315010162C000267529E0077D2801207A1200B471287C
S315010162D0E0001D2911B85149000451290000031399
S315010162E0032470A7E78470AFC2E1621678010181C8
S315010162F002420231553F08F8555F08FC7128E0005A
S315010163001D29117850E90000510900047128E000A6
S315010163101D2911605149000451290000017303042B
S315010163200315032679FEB2A902420231553F002027
S31501016330555F0024C83FC94F70A8E0C218A5D1A76F
S31501016340480679FEB50702420231553F0020555FE5
S315010163500024513F08F8515F08FCC83FC94F031596
S31501016360032679FEB4E7024202317108E0001D08F5
S31501016370122855280000554800047800001C712890
S31501016380E0001D0912287120000071400000552806
S315010163900000554800047128E0001D291290514959
S315010163A0000451290000031303244805480679FE18
S315010163B0B6B30231700998007F8000207D20002646
S315010163C07529E0077D2801207A1200B47128E000C1
S315010163D01D29129051490004512900000313032478
S315010163E070A7E78470AFC2E16216780100830242A9
S315010163F00231553F08F8555F08FC7128E0001D2957
S31501016400133050E90000510900047128E0001D29EB
S3150101641012D85149000451290000017303040315DF
S31501016420032679FEB1AB02420231553F0020555F89
S315010164300024C83FC94F70A8E0C218A5D1A74806D4
S3150101644079FEB40902420231553F0020555F00240D
S31501016450513F08F8515F08FCC83FC94F0315032690
S3150101646079FEB3E9024202317108E0001D0812B852
S3150101647055280000554800047800001C7128E000E9
S315010164801D0912B871200000714000005528000055
S31501016490554800047128E0001D2911F850E9000052
S315010164A0510900047128E0001D29136851490004AE
S315010164B051290000017303040315032679FEB11165
S315010164C0024202317108E0001D08117055280000D1
S315010164D0554800047128E000592912B4752A043F70
S315010164E07128E0001D2939505D49025C7128E000DF
S315010164F0592911D2752A043F7128E0001D29395005
S315010165005D49025E7128E0001D293950315F08207D
S31501016510354902647128E0001D2939505149015458
S315010165207128E0001D293950554901587128E000AB
S315010165301D093950513F0048515F004C552800381B
S315010165405548003C7128E0001D293950515F00581A
S31501016550554901607128E0001D2912605149000465
S31501016560512900007108E0001D08395055280048DD
S315010165705548004C7128E0001D2939503129027412
S315010165807529063F700998007F8000207D2000262D
S315010165907529E0077D2801207A120010712000007B
S315010165A0553F00B0780000247128E0001D293938D3
S315010165B0514900007128E0001D293950512901D89E
S315010165C07D295050553F00B07128E0001D29393809
S315010165D0514900007128E0001D293950554901D85A
S315010165E07128E0001D2939507140000035490274B6
S315010165F07128E0001D293CD85149029C5129029874
S315010166000313032470A8E024480679FEAFC30242AE
S315010166100231553F08F8555F08FC513F08F8515FB3
S3150101662008FC0313032479FEB7E50231553F08241B
S315010166307128E0001D293950514900A87127E699B1
S315010166407133C19A114A4AC87128E0001D2939508E
S31501016650554900A87128E0001D293950512900AC7E
S31501016660553F006C507F00B079FEB7ED0242023111
S315010166700313032470A7E78470AFC2E170C8E7AEC4
S3150101668070C2C47B79FEAF4902420231553F08F817
S31501016690555F08FC513F08F8515F08FC03130324B9
S315010166A070A8E059480679FEAF2702420231031369
S315010166B0032479FEB7590231553F005C513F090068
S315010166C0515F09040313032479FEB7430231553F90
S315010166D00060515F00C87127E48E713FC235112AEE
S315010166E04AC8553F0064507F006478010451547FC4
S315010166F00064515F0060513F0064112A4AC8553F49
S315010167000060CE3FCF4F79FEB7050231553F006498
S31501016710515F00647127E48E713FC235112A4AC85F
S31501016720553F0064515F00647127E7197133C19ABE
S31501016730112A4AC8553F0068515F0060513F006800
S31501016740112A4AC1553F002C7128E0001D293950F3
S31501016750512900B0553F0060515F002C513F006047
S31501016760112A4AC1553F0060515F00607127E42338
S31501016770713AC70A112A4AC9553F0058515F005853
S315010167807128E2C8138A4ACC7D2000267529F7FFB4
S315010167907529063F353F08F6313F08F67529063F4B
S315010167A0700998007F8000207D2000267529E00769
S315010167B07D2801207A1200107128E2C8553F005840
S315010167C078000048515F00587138E2C8138A4ACDF2
S315010167D07D2000267529F7FF7529063F353F0820DB
S315010167E0313F08207529063F700998007F800020F6
S315010167F07D2000267529E0077D2801207A12000CEB
S315010168007138E2C8553F0058515F0058513F006C3D
S31501016810112A4AC1553F0058515F0058513F005C4A
S31501016820138A4ACC7D2000267529F7FF7529063F73
S31501016830353F08F6313F08F67529063F700998007C
S315010168407F8000207D2000267529E0077D28012013
S315010168507A020078513F08F8515F08FC03130324BB
S3150101686070B8E059480679FEAD6702420231031359
S31501016870032479FEB5990231553F00A4515F0058B1
S31501016880513F00A4138A4ACD7D2000267529F7FFC1
S315010168907529063F353F0820313F08207529063FF6
S315010168A0700998007F8000207D2000267529E00768
S315010168B07D2801207A12000C513F00A4553F005852
S315010168C0513F0058553F005C515F005C513F006CE0
S315010168D0114A4AC07128E0001D293950554900ACB9
S315010168E07128E0001D293950514900AC7127E73360
S315010168F07126C333112A4AC8553F00607128E00049
S315010169001D293950514900A8513F0060114A4AC019
S315010169107128E0001D293950554900A87128E00068
S315010169201D293950514900A8513F0824114A4AC12C
S315010169307128E0001D293950554900A87128E00048
S315010169401D293950512900A8114902C47128E000B5
S315010169501D293950554900A87128E0001D293950D2
S31501016960514900A87127E700138A4ACD130A4ACE75
S315010169707FBDCB827D2000267529F7FF7529063F4C
S31501016980353F08F67128E0001D293950512900B417
S31501016990553F0060515F00607127E6997133C19AD5
S315010169A0112A4AC8553F00607128E0001D29395056
S315010169B0512900B8553F005C507F00B079FEB4996A
S315010169C0024202310313032470A7E78470AFC2E1C7
S315010169D070C8E7AE70C2C47B79FEABF502420231E3
S315010169E0553F08F8555F08FC513F08F8515F08FC0F
S315010169F00313032470A8E059480679FEABD302427A
S31501016A0002310313032479FEB4050231553F006CAB
S31501016A10513F0908515F090C0313032479FEB3EFB2
S31501016A2002327128E0001D293950554900A8515FEC
S31501016A30000C7127E48E713FC235112A4AC8553FB0
S31501016A400098507F0098780100F5547F00987128CD
S31501016A50E0001D293950512900A8515F0098112ADA
S31501016A604AC8553F0098515F0068513F0098112A65
S31501016A704AC0553F00587128E0001D293950512956
S31501016A8000BC553F0098515F0058513F0098112AAB
S31501016A904AC1553F0098515F00987127E423713A25
S31501016AA0C70A112A4AC9553F00A4515F00A471289A
S31501016AB0E2C8138A4ACC7D2000267529F7FF75297C
S31501016AC0063F353F0828313F08287529063F7009D9
S31501016AD098007F8000207D2000267529E0077D280A
S31501016AE001207A1200107128E2C8553F00A47800EE
S31501016AF00048515F00A47138E2C8138A4ACD7D204E
S31501016B0000267529F7FF7529063F353F0820313FD4
S31501016B1008207529063F700998007F8000207D2095
S31501016B2000267529E0077D2801207A12000C7138AB
S31501016B30E2C8553F00A4515F00A4513F005C112AF0
S31501016B404AC1553F00A4515F00A4513F006C138A0D
S31501016B504ACC7D2000267529F7FF7529063F353F69
S31501016B600828313F08287529063F700998007F805A
S31501016B7000207D2000267529E0077D2801207A0263
S31501016B800078513F08F8515F08FC0313032470B8DC
S31501016B90E059480679FEAA39024202310313032458
S31501016BA079FEB26B0231553F00A8515F00A4513FF6
S31501016BB000A8138A4ACD7D2000267529F7FF75297C
S31501016BC0063F353F0820313F08207529063F7009E8
S31501016BD098007F8000207D2000267529E0077D2809
S31501016BE001207A12000C513F00A8553F00A4513FE4
S31501016BF000A4553F006C515F006C513F005C114A86
S31501016C004AC07128E0001D293950554900B871283B
S31501016C10E0001D293950514900B87127E733712622
S31501016C20C333112A4AC8553F0098515F0060513F4D
S31501016C300098112A4AC0553F0060515F0060513FDB
S31501016C400824112A4AC1553F0060513F00601129AC
S31501016C5002C4553F0060515F00607127E700138A46
S31501016C604ACD130A4ACE7FBDCB827D2000267529E6
S31501016C70F7FF7529063F353F08287128E0001D29D0
S31501016C803950512900C0553F0098515F009871272D
S31501016C90E6997133C19A112A4AC8553F009871285C
S31501016CA0E0001D293950512900C4553F0068507F24
S31501016CB000B079FEB1A3024202310313032470A786
S31501016CC0E78470AFC2E170C8E7AE70C2C47B79FEDA
S31501016CD0A8FF02420231553F08F8555F08FC513FB2
S31501016CE008F8515F08FC0313032470A8E05948060C
S31501016CF079FEA8DD024202310313032479FEB10FA5
S31501016D000231553F0060507F00C0509F00C479FE9B
S31501016D10B0FD0231553F005C515F00647127E714F4
S31501016D20712FC2E1112A4AC8553F0064515F005CC7
S31501016D30513F0064112A4AC1553F00A47128E00060
S31501016D401D293950512900C8553F005C515F00A4E6
S31501016D50513F005C112A4AC1553F005C515F005CFD
S31501016D607127E423713AC70A112A4AC9553F00A876
S31501016D70515F00A87128E2C8138A4ACC7D200026FA
S31501016D807529F7FF7529063F353F0829313F08293E
S31501016D907529063F700998007F8000207D20002615
S31501016DA07529E0077D2801207A1200107128E2C8B1
S31501016DB0553F00A878000048515F00A87138E2C824
S31501016DC0138A4ACD7D2000267529F7FF7529063FCD
S31501016DD0353F0820313F08207529063F7009980083
S31501016DE07F8000207D2000267529E0077D2801206E
S31501016DF07A12000C7138E2C8553F00A8515F00A80C
S31501016E00513F0068112A4AC1553F00A8515F00A8A8
S31501016E10513F0060138A4ACC7D2000267529F7FF70
S31501016E207529063F353F0829313F08297529063F4E
S31501016E30700998007F8000207D2000267529E007D2
S31501016E407D2801207A020078513F08F8515F08FC3C
S31501016E500313032470B8E059480679FEA773024269
S31501016E6002310313032479FEAFA50231553F0060B8
S31501016E70515F00A8513F0060138A4ACD7D2000264B
S31501016E807529F7FF7529063F353F0820313F08204F
S31501016E907529063F700998007F8000207D20002614
S31501016EA07529E0077D2801207A12000C513F006007
S31501016EB0553F00A8513F00A8553F0060515F006052
S31501016EC0513F0068114A4AC07128E0001D29395015
S31501016ED0554900C47128E0001D293950514900C4A2
S31501016EE07127E7337126C333112A4AC8553F006812
S31501016EF0515F0098513F0068112A4AC0553F0098D9
S31501016F00515F0098513F0824112A4AC1553F009803
S31501016F10513F0098112902C4553F0098515F0098CD
S31501016F207127E700138A4ACD130A4ACE7FBDCB8268
S31501016F307D2000267529F7FF7529063F353F08296A
S31501016F407128E0001D293950512900CC553F00987F
S31501016F50515F00987127E6997133C19A112A4AC87E
S31501016F60553F00987128E0001D293950512900D05B
S31501016F70553F0068507F00B079FEAEDD0242023115
S31501016F800313032470A7E78470AFC2E170C8E7AEAB
S31501016F9070C2C47B79FEA63902420231553F08F817
S31501016FA0555F08FC513F08F8515F08FC03130324A0
S31501016FB070A8E059480679FEA61702420231031369
S31501016FC0032479FEAE490231553F0060507F00B876
S31501016FD0509F00BC79FEAE370231553F005C515FCF
S31501016FE00064513F005C112A4AC0553F00A871282F
S31501016FF0E0001D293950512900D4553F0064515FE4
S3150101700000A8513F0064112A4AC1553F0064515FEE
S3150101701000647127E423713AC70A112A4AC9553F07
S315010170200064515F00647128E2C8138A4ACC7D204D
S3150101703000267529F7FF7529063F353F0820313F9F
S3150101704008207529063F700998007F8000207D2060
S3150101705000267529E0077D2801207A120010712882
S31501017060E2C8553F006478000048515F00647138F9
S31501017070E2C8138A4ACD7D2000267529F7FF7529B5
S31501017080063F353F0820313F08207529063F700923
S3150101709098007F8000207D2000267529E0077D2844
S315010170A001207A12000C7138E2C8553F0064515F24
S315010170B00064513F0068112A4AC1553F0064515F7E
S315010170C00064513F0060138A4ACC7D200026752950
S315010170D0F7FF7529063F353F0820313F08207529FD
S315010170E0063F700998007F8000207D2000267529C2
S315010170F0E0077D2801207A020078513F08F8515FA7
S3150101710008FC0313032470B8E059480679FEA4C1AB
S31501017110024202310313032479FEACF30231553FD6
S315010171200060515F0064513F0060138A4ACD7D20A2
S3150101713000267529F7FF7529063F353F0820313F9E
S3150101714008207529063F700998007F8000207D205F
S3150101715000267529E0077D2801207A12000C513F8E
S315010171600060553F0064513F0064553F0060515F27
S315010171700060513F0068114A4AC07128E0001D298B
S315010171803950554900D07128E0001D29395051491E
S3150101719000D07127E7337126C333112A4AC8553FF7
S315010171A00068515F0098513F0068112A4AC0553F56
S315010171B00098515F0098513F0824112A4AC1553F51
S315010171C00098513F0098112902C4553F0098515F1B
S315010171D000987127E700138A4ACD130A4ACE7FBD6B
S315010171E0CB827D2000267529F7FF7529063F353F9C
S315010171F008207128E0001D293950512900D8553F31
S315010172000098515F00987127E700112A4AC8553F36
S3150101721000987128E0001D293950512900DC553F9C
S315010172200068507F00B079FEAC2F02420231031390
S31501017230032470A7E78470AFC2E170C8E7AE70C2DC
S31501017240C47B79FEA38B02420231553F08F8555F93
S3150101725008FC513F08F8515F08FC0313032470A889
S31501017260E034480679FEA36902420231031303247D
S3150101727079FEAB9B0231553F00647128E0001D295F
S315010172803950512900E0553F00607128E0001D2960
S315010172903950512900E4553F005C515F002C513FA3
S315010172A0005C112A4AC1553F005C515F005C7127A0
S315010172B0E423713AC70A112A4AC9553F005C515F55
S315010172C0005C513F0824114A4AC17128E0001D2979
S315010172D03950554900E07128E0001D2939505149BD
S315010172E000E0513F0060112A4AC1553F0060515FDC
S315010172F000607127E423713AC70A112A4AC9553F29
S315010173000060515F00607128E2C8138A4ACC7D2072
S3150101731000267529F7FF7529063F353F082A313FB2
S31501017320082A7529063F700998007F8000207D2073
S3150101733000267529E0077D2801207A12001071289F
S31501017340E2C8553F006078000048515F006071381E
S31501017350E2C8138A4ACD7D2000267529F7FF7529D2
S31501017360063F353F082A313F082A7529063F70092C
S3150101737098007F8000207D2000267529E0077D2861
S3150101738001207A12000C7138E2C8553F0060515F45
S315010173900060513F0068112A4AC1553F0060515FA3
S315010173A00060513F0064138A4ACC7D20002675296D
S315010173B0F7FF7529063F353F082A313F082A752906
S315010173C0063F700998007F8000207D2000267529DF
S315010173D0E0077D2801207A020078513F08F8515FC4
S315010173E008FC0313032470B8E034480679FEA1E1D1
S315010173F0024202310313032479FEAA130231553FD6
S315010174000064515F0060513F0064138A4ACD7D20BB
S3150101741000267529F7FF7529063F353F082A313FB1
S31501017420082A7529063F700998007F8000207D2072
S3150101743000267529E0077D2801207A12000C513FAB
S315010174400064553F0060513F0060553F0064515F44
S315010174500064513F0068114A4AC07128E0001D29A4
S315010174603950554900DC7128E0001D29395051492F
S3150101747000DC7127E700112A4AC8553F0068515FB0
S315010174800098513F0068112A4AC0553F0098513F63
S315010174900098112902C4553F0098515F0098712740
S315010174A0E74C7139C4CD138A4ACD130A4ACE7FBD41
S315010174B0CB827D2000267529F7FF7529063F353FC9
S315010174C0082A7128E0001D293950512900E8553F44
S315010174D00098515F00987127E700112A4AC8553F64
S315010174E000987128E0001D293950512900EC553FBA
S315010174F00068507F00B079FEA95F02420231031391
S31501017500032470A7E78470AFC2E170C8E7AE70C209
S31501017510C47B79FEA0BB02420231553F08F8555F93
S3150101752008FC513F08F8515F08FC0313032470A8B6
S31501017530E034480679FEA09902420231031303247D
S3150101754079FEA8CB0231553F00647128E0001D295F
S315010175503950512900F0553F00607128E0001D297D
S315010175603950512900F4553F005C515F0058513F94
S31501017570005C112A4AC1553F005C515F005C7127CD
S31501017580E423713AC70A112A4AC9553F005C515F82
S31501017590005C513F0824114A4AC17128E0001D29A6
S315010175A03950554900F07128E0001D2939505149DA
S315010175B000F0513F0060112A4AC1553F0060515FF9
S315010175C000607127E423713AC70A112A4AC9553F56
S315010175D00060515F00607128E2C8138A4ACC7D20A0
S315010175E000267529F7FF7529063F353F082B313FDF
S315010175F0082B7529063F700998007F8000207D20A0
S3150101760000267529E0077D2801207A1200107128CC
S31501017610E2C8553F006078000048515F006071384B
S31501017620E2C8138A4ACD7D2000267529F7FF7529FF
S31501017630063F353F082B313F082B7529063F700957
S3150101764098007F8000207D2000267529E0077D288E
S3150101765001207A12000C7138E2C8553F0060515F72
S315010176600060513F0068112A4AC1553F0060515FD0
S315010176700060513F0064138A4ACC7D20002675299A
S31501017680F7FF7529063F353F082B313F082B752931
S31501017690063F700998007F8000207D20002675290C
S315010176A0E0077D2801207A020078513F08F8515FF1
S315010176B008FC0313032470B8E034480679FE9F11D0
S315010176C0024202310313032479FEA7430231553FD6
S315010176D00064515F0060513F0064138A4ACD7D20E9
S315010176E000267529F7FF7529063F353F082B313FDE
S315010176F0082B7529063F700998007F8000207D209F
S3150101770000267529E0077D2801207A12000C513FD8
S315010177100064553F0060513F0060553F0064515F71
S315010177200064513F0068114A4AC07128E0001D29D1
S315010177303950554900EC7128E0001D29395051494C
S3150101774000EC7127E700112A4AC8553F0068515FCD
S315010177500098513F0068112A4AC0553F0098513F90
S315010177600098112902C4553F0098515F009871276D
S31501017770E74C7139C4CD138A4ACD130A4ACE7FBD6E
S31501017780CB827D2000267529F7FF7529063F353FF6
S31501017790082B7128E0001D293950512900F8553F60
S315010177A00098515F00987127E700112A4AC8553F91
S315010177B000987128E0001D293950512900FC553FD7
S315010177C00068507F00B079FEA68F02420231031391
S315010177D0032470A7E78470AFC2E170C8E7AE70C237
S315010177E0C47B79FE9DEB02420231553F08F8555F94
S315010177F008FC513F08F8515F08FC0313032470A8E4
S31501017800E034480679FE9DC902420231031303247D
S3150101781079FEA5FB0231553F00647128E0001D295F
S31501017820395051290100553F00607128E0001D2999
S31501017830395051290104553F005C515F00A4513F64
S31501017840005C112A4AC1553F005C515F005C7127FA
S31501017850E423713AC70A112A4AC9553F005C515FAF
S31501017860005C513F0824114A4AC17128E0001D29D3
S315010178703950554901007128E0001D2939505149F6
S315010178800100513F0060112A4AC1553F0060515F15
S3150101789000607127E423713AC70A112A4AC9553F83
S315010178A00060515F00607128E2C8138A4ACC7D20CD
S315010178B000267529F7FF7529063F353F082C313F0B
S315010178C0082C7529063F700998007F8000207D20CC
S315010178D000267529E0077D2801207A1200107128FA
S315010178E0E2C8553F006078000048515F0060713879
S315010178F0E2C8138A4ACD7D2000267529F7FF75292D
S31501017900063F353F082D313F082D7529063F700980
S3150101791098007F8000207D2000267529E0077D28BB
S3150101792001207A12000C7138E2C8553F0060515F9F
S315010179300060513F0068112A4AC1553F0060515FFD
S315010179400060513F0064138A4ACC7D2000267529C7
S31501017950F7FF7529063F353F082C313F082C75295C
S31501017960063F700998007F8000207D200026752939
S31501017970E0077D2801207A020078513F08F8515F1E
S3150101798008FC0313032470B8E034480679FE9C41D0
S31501017990024202310313032479FEA4730231553FD6
S315010179A00064515F0060513F0064138A4ACD7D2016
S315010179B000267529F7FF7529063F353F082D313F09
S315010179C0082D7529063F700998007F8000207D20CA
S315010179D000267529E0077D2801207A12000C513F06
S315010179E00064553F0060513F0060553F0064515F9F
S315010179F00064513F0068114A4AC07128E0001D29FF
S31501017A003950554900FC7128E0001D293950514969
S31501017A1000FC7127E700112A4AC8553F0068515FEA
S31501017A200098513F0068112A4AC0553F0098513FBD
S31501017A300098112902C4553F0098515F009871279A
S31501017A40E74C7139C4CD138A4ACD130A4ACE7FBD9B
S31501017A50CB827D2000267529F7FF7529063F353F23
S31501017A60082C7128E0001D29395051290108553F7B
S31501017A700098515F00987127E700112A4AC8553FBE
S31501017A8000987128E0001D2939505129010C553FF3
S31501017A900068507F00B079FEA3BF02420231031391
S31501017AA0032470A7E78470AFC2E170C8E7AE70C264
S31501017AB0C47B79FE9B1B02420231553F08F8555F93
S31501017AC008FC513F08F8515F08FC0313032470A811
S31501017AD0E034480679FE9AF902420231031303247E
S31501017AE079FEA32B0231553F00647128E0001D295F
S31501017AF0395051290110553F00607128E0001D29B7
S31501017B00395051290114553F005C515F00A8513F7D
S31501017B10005C112A4AC1553F005C515F005C712727
S31501017B20E423713AC70A112A4AC9553F005C515FDC
S31501017B30005C513F0824114A4AC17128E0001D2900
S31501017B403950554901107128E0001D293950514913
S31501017B500110513F0060112A4AC1553F0060515F32
S31501017B6000607127E423713AC70A112A4AC9553FB0
S31501017B700060515F00607128E2C8138A4ACC7D20FA
S31501017B8000267529F7FF7529063F353F082D313F37
S31501017B90082D7529063F700998007F8000207D20F8
S31501017BA000267529E0077D2801207A120010712827
S31501017BB0E2C8553F006078000048515F00607138A6
S31501017BC0E2C8138A4ACD7D2000267529F7FF75295A
S31501017BD0063F353F082D313F082D7529063F7009AE
S31501017BE098007F8000207D2000267529E0077D28E9
S31501017BF001207A12000C7138E2C8553F0060515FCD
S31501017C000060513F0068112A4AC1553F0060515F2A
S31501017C100060513F0064138A4ACC7D2000267529F4
S31501017C20F7FF7529063F353F082D313F082D752987
S31501017C30063F700998007F8000207D200026752966
S31501017C40E0077D2801207A020078513F08F8515F4B
S31501017C5008FC0313032470B8E034480679FE9971D0
S31501017C60024202310313032479FEA1A30231553FD6
S31501017C700064515F0060513F0064138A4ACD7D2043
S31501017C8000267529F7FF7529063F353F082D313F36
S31501017C90082D7529063F700998007F8000207D20F7
S31501017CA000267529E0077D2801207A12000C513F33
S31501017CB00064553F0060513F0060553F0064515FCC
S31501017CC00064513F0068114A4AC07128E0001D292C
S31501017CD039505549010C7128E0001D293950514986
S31501017CE0010C7127E700112A4AC8553F0068515F07
S31501017CF00098513F0068112A4AC0553F0098513FEB
S31501017D000098112902C4553F0098515F00987127C7
S31501017D10E74C7139C4CD138A4ACD130A4ACE7FBDC8
S31501017D20CB827D2000267529F7FF7529063F353F50
S31501017D30082D313F08F67529063F700998007F80A5
S31501017D4000207D2000267529E0077D2801207A0281
S31501017D500024313F082A7529063F700998007F8062
S31501017D6000207D2000267529E0077D2801207A1251
S31501017D70000C712000017800000871200000353FD8
S31501017D80082E313F08287529063F700998007F8022
S31501017D9000207D2000267529E0077D2801207A0231
S31501017DA00024313F082B7529063F700998007F8011
S31501017DB000207D2000267529E0077D2801207A1201
S31501017DC0000C712000017800000871200000353F88
S31501017DD00828313F08297529063F700998007F80D7
S31501017DE000207D2000267529E0077D2801207A02E1
S31501017DF00024313F082C7529063F700998007F80C0
S31501017E0000207D2000267529E0077D2801207A12B0
S31501017E10000C712000017800000871200000353F37
S31501017E200829313F08207529063F700998007F808E
S31501017E3000207D2000267529E0077D2801207A0290
S31501017E400024313F082D7529063F700998007F806E
S31501017E5000207D2000267529E0077D2801207A1260
S31501017E60000C7120000178000008712000007529BD
S31501017E70063F353F08F67128E0001D293950512981
S31501017E800118553F0098515F002C513F0098112A66
S31501017E904AC1553F0068513F0068112902C4553F47
S31501017EA00068515F00687128E000138A4ACD130A00
S31501017EB04ACE7FBDCB827D2000267529F7FF752924
S31501017EC0063F353F082D313F082D7529063F7009BB
S31501017ED098007F8000207D2000267529E0077D28F6
S31501017EE001207A1200427128E0001D293CD851492E
S31501017EF001CC512901C8031303244805480679FE1B
S31501017F009B630231700998007F8000207D20002645
S31501017F107529E0077D2801207A12000C71200001E4
S31501017F207800000871200000353F082C515F005888
S31501017F30513F0098112A4AC1553F0068513F0068D7
S31501017F40112902C4553F0068515F00687128E0009C
S31501017F50138A4ACD130A4ACE7FBDCB827D200026E4
S31501017F607529F7FF7529063F353F082D313F082D44
S31501017F707529063F700998007F8000207D20002623
S31501017F807529E0077D2801207A1200427128E00057
S31501017F901D293CD8514901D4512901D00313032488
S31501017FA04805480679FE9ABD0231700998007F801D
S31501017FB000207D2000267529E0077D2801207A12FF
S31501017FC0000C712000017800000871200000353F86
S31501017FD0082B515F00A4513F0098112A4AC1553F10
S31501017FE00068513F0068112902C4553F0068515F7D
S31501017FF000687128E000138A4ACD130A4ACE7FBD73
S31501018000CB827D2000267529F7FF7529063F353F6D
S31501018010082D313F082D7529063F700998007F808B
S3150101802000207D2000267529E0077D2801207A128E
S3150101803000427128E0001D293CD8514901E451292A
S3150101804001E0031303244805480679FE9A17023114
S31501018050700998007F8000207D2000267529E007A0
S315010180607D2801207A12000C712000017800000898
S3150101807071200000353F082A515F00A8513F009841
S31501018080112A4AC1553F0098513F0098112902C44E
S31501018090553F0098515F00987128E000138A4ACD37
S315010180A0130A4ACE7FBDCB827D2000267529F7FFB3
S315010180B07529063F353F082D313F082D7529063FA4
S315010180C0700998007F8000207D2000267529E00730
S315010180D07D2801207A1200427128E0001D293CD831
S315010180E0514901DC512901D80313032448054806E6
S315010180F079FE99710231700998007F8000207D20F7
S3150101810000267529E0077D2801207A12000C7120CD
S3150101811000017800000871200000353F0820313F39
S31501018120082C7529063F700998007F8000207D2063
S3150101813000267529E0077D2801207A12002C313F9E
S31501018140082E7529063F700998007F8000207D2041
S3150101815000267529E0077D2801207A12000C71207D
S3150101816000017800000871200000353F082D313FDC
S31501018170082B7529063F700998007F8000207D2014
S3150101818000267529E0077D2801207A12002C313F4E
S3150101819008287529063F700998007F8000207D20F7
S315010181A000267529E0077D2801207A12000C71202D
S315010181B000017800000871200000353F0828313F91
S315010181C0082A7529063F700998007F8000207D20C5
S315010181D000267529E0077D2801207A12002C313FFE
S315010181E008297529063F700998007F8000207D20A6
S315010181F000267529E0077D2801207A12000C7120DD
S3150101820000017800000871200000353F0829313F3F
S3150101821008207529063F700998007F8000207D207E
S3150101822000267529E0077D2801207A12002C313FAD
S3150101823008F67529063F700998007F8000207D2088
S3150101824000267529E0077D2801207A12000C71208C
S3150101825000017800000871200000353F0820313FF8
S31501018260082D7529063F03137087E7007128E00081
S315010182701CA93E987128E0001CC93C2879FF25E715
S31501018280313F08287529063F03137087E7007128D6
S31501018290E0001CA93E907128E0001CC93C1879FF39
S315010182A025C5313F08297529063F03137087E70064
S315010182B07128E0001CA93E887128E0001CC93C0810
S315010182C079FF25A3313F08207529063F03137087DE
S315010182D0E7007128E0001CA93E807128E0001CC955
S315010182E03BF879FF25817128E0001D293CD85149C8
S315010182F001C4512901C0031303244805480679FE27
S3150101830097630231700998007F8000207D20002645
S315010183107529E0077D2801207A0200A67128E0006F
S315010183201D293CD8514901BC512901B80313032424
S315010183304805480679FE972D0231700998007F801C
S3150101834000207D2000267529E0077D2801207A027B
S3150101835000707128E0001D293CD8514901B4512909
S3150101836001B0031303244805480679FE96F7023145
S31501018370700998007F8000207D2000267529E0077D
S315010183807D2801207A02003A7128E0001D293CD896
S31501018390514901AC512901A8031303244805480693
S315010183A079FE96C10231700998007F8000207D20F7
S315010183B000267529E0077D2801207A12000C71201B
S315010183C000017800000871200000353F082D313F7A
S315010183D0082D7529063F700998007F8000207D20B0
S315010183E000267529FFFF7529063F353F082D71289E
S315010183F0E0001D2939505129011C553F0098515F53
S3150101840000CC513F0098112A4AC1553F0098515F4E
S3150101841000987127E5CC7139C4CD138A4ACC7D20E8
S3150101842000267529F7FF7529063F353F082C313F8F
S31501018430082D7529063F700998007F8000207D204F
S3150101844000267529E0077D2801207A020024313FA3
S31501018450082C7529063F700998007F8000207D2030
S3150101846000267529E0077D2801207A12000C71206A
S3150101847000017800000871200000353F082D7128A0
S31501018480E0001D293CD85149029C51290298031348
S3150101849003244805480679FE95CB023170099800F7
S315010184A07F8000207D2000267529E0077D28012097
S315010184B07A12002C313F082D7529063F7009980063
S315010184C07F8000207D2000267529E0077D28012077
S315010184D07A12000C71200001780000087120000059
S315010184E0353F08207128E0001D29395031290263E1
S315010184F0353F082D313F082D7529063F7009980032
S315010185007F8000207D2000267529FFFF7529063F02
S31501018510353F082D313F082D7529063F7009980011
S315010185207F8000207D2000267529E0077D28012016
S315010185307A12004C313F08207529063F70099800CF
S315010185407F8000207D2000267529E0077D280120F6
S315010185507A0200147128E0001D293950714000008A
S31501018560554901207128E0001D2939505149012041
S315010185707128E0001D293950554901247128E0006F
S315010185801D29395051290128553F00987128E000CC
S315010185901D2939505149012C513F0098112A4AC1CF
S315010185A0553F0098515F00987127E423713AC70A34
S315010185B0112A4AC9553F00987128E0001D293950F1
S315010185C051290130553F0068515F0068513F0098BC
S315010185D0112A4AC1553F00687128E0001D29395009
S315010185E051290134553F0064515F00647127E5CC7F
S315010185F07139C4CD112A4AC0553F0064515F0064E7
S315010186007128E000112A4AC0553F00607147E78091
S31501018610513F0060114A4AC9513F0064112A4AC8B3
S31501018620553F00607128E0001D293CD8514901C41C
S31501018630512901C0031303244805480679FE9425EF
S315010186400231700998007F8000207D20002675295E
S31501018650E0077D2801207A0200A67128E0001D2984
S315010186603CD8514901BC512901B8031303244805DA
S31501018670480679FE93EF0231700998007F80002048
S315010186807D2000267529E0077D2801207A020070E8
S315010186907128E0001D293CD8514901B4512901B085
S315010186A0031303244805480679FE93B9023170097B
S315010186B098007F8000207D2000267529E0077D280E
S315010186C001207A02003A7128E0001D293CD851495E
S315010186D001AC512901A8031303244805480679FE73
S315010186E093830231700998007F8000207D20002646
S315010186F07529E0077D2801207A12000C71200001FD
S3150101870078000008712000007529063F353F08F6FB
S31501018710313F08F67529063F700998007F800020D0
S315010187207D2000267529E0077D2801207A12001097
S31501018730513F0060553F005C7800000C7127E780CE
S31501018740553F005C515F0068513F005C112A4AC8E0
S31501018750553F0068515F0068513F0098112A4AC090
S31501018760553F0074313F08207529063F700998006D
S315010187707F8000207D2000267529E0077D280120C4
S315010187807A1200A87128E0001D2939505149013892
S315010187907128E348138A4ACC7D2000267529E00712
S315010187A07D2801207A0100187128E0001D29395020
S315010187B07148E34855490138780000387128E000CD
S315010187C01D293950514901387138E120138A4ACDA1
S315010187D07D2000267529E0077D2801207A010014F4
S315010187E07128E0001D2939507158E1205549013898
S315010187F0515F00747127E423713AC70A112A4AC8E5
S31501018800553F00687128E0001D2939505149013849
S31501018810513F0068114A4AC07128E0001D293950AB
S3150101882055490138780000147128E0001D29395095
S3150101883071400000554901387128E0001D29395060
S31501018840514901387128E348138A4ACC7D20002613
S315010188507529E0077D2801207A0100107128E34876
S31501018860553F0098780000447128E0001D293950D0
S31501018870514901387138E120138A4ACD7D200026FC
S315010188807529E0077D2801207A0100107138E12060
S31501018890553F0098780000147128E0001D293950D0
S315010188A051290138553F00987128E0001D29395099
S315010188B051490124513F0098112A4AC0553F007080
S315010188C0507F002C509F00587800DBFD547F00AC8F
S315010188D0507F00AC509F00A47800DBED547F00ACC3
S315010188E0507F00AC509F00A87800DBDD547F0098D3
S315010188F0515F0098513F0070112A4AC1553F0098B6
S31501018900515F009871200000138A4ACD130A4ACE9D
S315010189107FBDCB827D2000267529F7FF7529063F8C
S31501018920353F082D313F082D7529063F70099800FD
S315010189307F8000207D2000267529E0077D28012002
S315010189407A1200247128E0001D2939505149013C50
S315010189507127E423713AC70A112A4AC0553F009883
S315010189607800000C71200000553F0098507F009857
S315010189707087E5CC7099C4CD7800DBE902327128A4
S31501018980E0001D2939505549013C7128E0001D2996
S3150101899039505149013C7127E5CC7139C4CD138A4E
S315010189A04ACC130A4ACE7FBDCB827D20002675298A
S315010189B0F7FF7529063F353F0828515F0074713766
S315010189C0E700138A4ACD7D2000267529F7FF75290F
S315010189D0063F353F0829313F08297529063F03130B
S315010189E07087E5E17088C7AE7128E0001CA93E7069
S315010189F07128E0001CC93BD879FF1E6B7128E00084
S31501018A001D29395051290140553F0098507F00B029
S31501018A1079FE9445024202310313032470A7E784C8
S31501018A2070AFC2E170C8E7AE70C2C47B79FE8BA19B
S31501018A3002420231553F08F8555F08FC513F08F8DB
S31501018A40515F08FC0313032470A8E024480679FE4C
S31501018A508B7F024202310313032479FE93B1023162
S31501018A60553F0068515F00A8513F00A4114A4AC011
S31501018A70513F0058114A4AC0513F002C112A4AC0A0
S31501018A80553F005C507F002C509F00587800DAD585
S31501018A90547F006C507F006C509F00A47800DAC5AA
S31501018AA0547F006C507F006C509F00A87800DAB5A6
S31501018AB0547F006C507F002C509F00587800DA09D2
S31501018AC0547F00AC507F00AC509F00A47800D9F9C7
S31501018AD0547F00AC507F00AC509F00A87800D9E9C3
S31501018AE002327128E0001D293950554900A8515F0C
S31501018AF0005C513F006C114A4AC17128E0001D29F1
S31501018B003950512900A8112A4AC1553F005C515FCC
S31501018B10005C7127E700112A4AC8553F005C515F85
S31501018B20005C513F0098112A4AC1553F005C515FD3
S31501018B30005C513F0068138A4ACC7D2000267529C5
S31501018B40F7FF7529063F353F082D313F082D752958
S31501018B50063F700998007F8000207D200026752937
S31501018B60E0077D2801207A020078513F08F8515F1C
S31501018B7008FC0313032470B8E024480679FE8A51E0
S31501018B80024202310313032479FE92830231553FD6
S31501018B900068515F005C513F0068138A4ACD7D2010
S31501018BA000267529F7FF7529063F353F0829313F0B
S31501018BB008297529063F700998007F8000207D20CC
S31501018BC000267529E0077D2801207A12000C513F04
S31501018BD00068553F005C513F005C553F0068515F9D
S31501018BE00068513F0098114A4AC07128E0001D29C9
S31501018BF0395055490140515F00747127E700138AC5
S31501018C004ACC7D2000267529F7FF7529063F353F98
S31501018C100829313F08297529063F03137087E5E1C4
S31501018C207088C7AE7128E0001CA93E787128E00062
S31501018C301CC93BE879FF1C2F7128E0001D293CD88E
S31501018C40514901A4512901A0481C031303244805D4
S31501018C50480679FE8DA30231700998007F800020B4
S31501018C607D2000267529E0077D2801207A1200065C
S31501018C70480C7789063F353F082D313F082D752967
S31501018C80063F700998007F8000207D200026752906
S31501018C90E0077D2801207A1201AA7128E0001D2929
S31501018CA03CD85149019C51290198031303244805D4
S31501018CB0480679FE8DAF0231700998007F80002048
S31501018CC07D2000267529E0077D2801207A120160A1
S31501018CD07128E0001D293CD8514901AC512901A84F
S31501018CE0031303244805480679FE8D79023170097B
S31501018CF098007F8000207D2000267529E0077D28C8
S31501018D0001207A120010513F00A8553F00687800F2
S31501018D10000C71200000553F00687128E0001D29F3
S31501018D203CD8514901B4512901B003130324480523
S31501018D30480679FE8D2F0231700998007F80002047
S31501018D407D2000267529E0077D2801207A12001071
S31501018D50513F00A4553F00987800000C7120000096
S31501018D60553F00987128E0001D293CD8514901BCA5
S31501018D70512901B8031303244805480679FE8CE5F8
S31501018D800231700998007F8000207D200026752917
S31501018D90E0077D2801207A120010513F0058553F06
S31501018DA0005C7800000C71200000553F005C7128C1
S31501018DB0E0001D293CD8514901C4512901C00313C1
S31501018DC003244805480679FE8C9B023170099800F7
S31501018DD07F8000207D2000267529E0077D2801205E
S31501018DE07A120010513F002C553F006C7800000C9F
S31501018DF071200000553F006C507F006C509F005C54
S31501018E007800D6C5547F00AC507F00AC509F0098C6
S31501018E107800D6B5547F00AC507F00AC509F0068F6
S31501018E207800D6A5547F00AC780001807128E00056
S31501018E301D29395051290140553F00AC7800016C7B
S31501018E407128E0001D293CD8514901AC512901A8DD
S31501018E50031303244805480679FE8C09023170097A
S31501018E6098007F8000207D2000267529E0077D2856
S31501018E7001207A120010513F00A8553F0068780081
S31501018E8000107128E61C1929D13C553F006871284B
S31501018E90E0001D293CD8514901B4512901B0031300
S31501018EA003244805480679FE8BBB023170099800F7
S31501018EB07F8000207D2000267529E0077D2801207D
S31501018EC07A120010513F00A4553F00987800001016
S31501018ED07128E61C1929D13C553F00987128E000FB
S31501018EE01D293CD8514901BC512901B80313032459
S31501018EF04805480679FE8B6D0231700998007F801D
S31501018F0000207D2000267529E0077D2801207A129F
S31501018F100010513F0058553F005C78000010712840
S31501018F20E61C1929D13C553F005C7128E0001D2939
S31501018F303CD8514901C4512901C0031303244805F1
S31501018F40480679FE8B1F0231700998007F80002047
S31501018F507D2000267529E0077D2801207A1200105F
S31501018F60513F002C553F006C780000107128E61C1A
S31501018F701929D13C553F006C507F006C509F005C14
S31501018F807800D5E1547F006C507F006C509F0098AA
S31501018F907800D5D1547F006C507F006C509F0068DA
S31501018FA07800D5C1547F00AC313F08F67529063FDB
S31501018FB0700998007F8000207D2000267529FFFF1A
S31501018FC07529063F353F082D313F082D7529063F85
S31501018FD0700998007F8000207D2000267529E00711
S31501018FE07D2801207A12002C313F08287529063F78
S31501018FF0700998007F8000207D2000267529E007F1
S315010190007D2801207A12000C7120000178000008E8
S3150101901071200000353F082D313F082D7529063F86
S31501019020700998007F8000207D2000267529FFFFA9
S315010190307529063F353F082D313F082D7529063F14
S31501019040700998007F8000207D2000267529E007A0
S315010190507D2801207A120080313F08287529063FB3
S31501019060700998007F8000207D2000267529E00780
S315010190707D2801207A020024313F08F67529063F31
S31501019080700998007F8000207D2000267529E00760
S315010190907D2801207A12000C712000017800000858
S315010190A071200000353F0828313F08287529063F00
S315010190B0700998007F8000207D2000267529E00730
S315010190C07D2801207A120020513F00AC553F0070E6
S315010190D0780000147128E0001D29395051290140F9
S315010190E0553F00707128E0001D293950512901446D
S315010190F0553F0098515F0070513F0098112A4AC1AE
S31501019100553F0070313F08F67529063F70099800F1
S315010191107F8000207D2000267529E0077D2801201A
S315010191207A1200147127E5CC7139C4CD553F006817
S31501019130780000107127E54C7139C4CD553F00689F
S31501019140515F0074513F0068112A4AC0553F005CC6
S31501019150507F00B079FE8D010242023103130324CF
S3150101916070A7E78470AFC2E170C8E7AE70C2C47B75
S3150101917079FE845D02420231553F08F8555F08FCCC
S31501019180507F005C79FE801D02400137513F08F88E
S31501019190515F08FC017303040315032679FE84312B
S315010191A0024202310313032479FE8C630231553FD6
S315010191B0006C515F0070513F006C138A4ACC7D20CF
S315010191C000267529F7FF7529063F353F082D515FA1
S315010191D00074513F0068112A4AC1553F0074313F5D
S315010191E0082D7529063F700998007F8000207D2092
S315010191F000267529E0077D2801207A020082507F29
S31501019200007479FE7F9F02400137513F08F8515F93
S3150101921008FC017303040315032679FE83B3024295
S3150101922002310313032479FE8BE50231553F0068B0
S31501019230515F0070513F0068138A4ACD7D20002697
S315010192407529F7FF7529063F353F08F6313F08F6BF
S315010192507529063F700998007F8000207D20002630
S315010192607529E0077D2801207A12000C513F00681B
S31501019270553F0070513F0070553F006C515F006CC6
S31501019280513F0098114A4AC07128E0001D29395001
S31501019290554901447128E0001D29395051490144BC
S315010192A07128E2C8138A4ACC7D2000267529F7FF69
S315010192B07529063F353F082D313F082D7529063F92
S315010192C0700998007F8000207D2000267529E0071E
S315010192D07D2801207A1200107128E2C8553F0068E5
S315010192E0780000647128E0001D2939505149014473
S315010192F071200000138A4ACD7D2000267529F7FFCA
S315010193007529063F353F08F6313F08F67529063FAF
S31501019310700998007F8000207D2000267529E007CD
S315010193207D2801207A12001071200000553F006846
S31501019330780000147128E0001D2939505129014492
S31501019340553F00687128E0001D293950512901480E
S31501019350553F0098515F0068513F0098112A4AC153
S31501019360553F006C507F00B079FE8AED0242023111
S315010193700313032470A7E78470AFC2E170C8E7AE97
S3150101938070C2C47B79FE824902420231553F08F817
S31501019390555F08FC513F08F8515F08FC031303248C
S315010193A070A8E02E480679FE822702420231031394
S315010193B0032479FE8A590231553F0068515F006CD9
S315010193C0513F0068138A4ACC7D2000267529F7FF93
S315010193D07529063F353F082D313F082D7529063F71
S315010193E0700998007F8000207D2000267529E007FD
S315010193F07D2801207A020078513F08F8515F08FC67
S315010194000313032470B8E02E480679FE81C3024294
S3150101941002310313032479FE89F50231553F0068B0
S31501019420515F006C513F0068138A4ACD7D200026A9
S315010194307529F7FF7529063F353F08F6313F08F6CD
S315010194407529063F700998007F8000207D2000263E
S315010194507529E0077D2801207A12000C513F006829
S31501019460553F006C513F006C553F0068515F0068E4
S31501019470513F0098114A4AC07128E0001D2939500F
S31501019480554901487128E0001D2939505129014CDE
S31501019490553F0098515F009871200000112A4AC872
S315010194A0553F00987128E0001D293950514901485D
S315010194B0513F0098114A4AC07128E0005549114CA3
S315010194C0507F00B079FE89910242023103130324D0
S315010194D070A7E78470AFC2E170C8E7AE70C2C47B02
S315010194E079FE80ED02420231553F08F8555F08FCCD
S315010194F07128E0001D29395051290150553F009825
S31501019500515F00AC513F0098112A4AC1553F006C89
S31501019510507F005C79FE7C8D02400137513F08F88E
S31501019520515F08FC017303040315032679FE80A12B
S31501019530024202310313032479FE88D30231553FD6
S315010195400068515F006C513F0068138A4ACC7D2047
S3150101955000267529F7FF7529063F353F082D313F4D
S31501019560082D7529063F700998007F8000207D200E
S3150101957000267529E0077D2801207A020082507FA5
S31501019580007479FE7C1F02400137513F08F8515F93
S3150101959008FC017303040315032679FE8033024295
S315010195A002310313032479FE88650231553F0068B0
S315010195B0515F006C513F0068138A4ACD7D20002618
S315010195C07529F7FF7529063F353F08F6313F08F63C
S315010195D07529063F700998007F8000207D200026AD
S315010195E07529E0077D2801207A12000C513F006898
S315010195F0553F006C513F006C553F0068515F006853
S31501019600513F0098114A4AC07128E0001D2939507D
S31501019610554901507147E780513F0060112A4AC1FE
S31501019620553F0060515F0060513F0064114A4AC8CD
S315010196307128E0001D293950554901347128E0008E
S315010196401D293950514900AC7128E0001D293950B5
S31501019650554900A87128E0001D293950515F002C98
S31501019660554900B07128E0001D293950514900B80A
S315010196707128E0001D293950554900B47128E000CF
S315010196801D293950515F0058554900BC7128E00028
S315010196901D293950514900C47128E0001D2939504D
S315010196A0554900C07128E0001D293950515F00A4B8
S315010196B0554900C87128E0001D293950514900D08A
S315010196C07128E0001D293950554900CC7128E00067
S315010196D01D293950515F00A8554900D47128E00070
S315010196E01D293950514900DC7128E0001D293950E5
S315010196F0554900D87128E0001D293950515F002CC8
S31501019700554900E47128E0001D293950514900EC01
S315010197107128E0001D293950554900E87128E000FA
S315010197201D293950515F0058554900F47128E0004F
S315010197301D293950514900FC7128E0001D29395074
S31501019740554900F87128E0001D293950515F00A4DF
S31501019750554901047128E0001D2939505149010C6F
S315010197607128E0001D293950554901087128E00089
S315010197701D293950515F00A8554901147128E0008E
S315010197805149114C7128E0001D29395055490118DB
S315010197907128E0001D293950515F00CC5549011C42
S315010197A07128E0005149114C7128E0001D293950F9
S315010197B0554901207128E0001D293950315F0820E2
S315010197C0354902637128E0001D2939505149012C9F
S315010197D07128E0001D293950554901287128E000F9
S315010197E01D293950514901507128E0001D2939506F
S315010197F05549012C7128E0001D293950515F082472
S31501019800554901307128E0001D2939505149014856
S315010198107128E0001D2939505549014C7128E00094
S315010198201D2913705149000451290000481C0313D5
S3150101983003244805480679FE81BF02317009980063
S315010198407F8000207D2000267529E0077D280120E3
S315010198507A120006480C7789063F353F08207128A0
S31501019860E0001D291230514900045129000003135A
S3150101987003244805480679FE81EB023170099800F7
S315010198807F8000207D2000267529E0077D280120A3
S315010198907A12002C313F08207529063F700998007C
S315010198A07F8000207D2000267529E0077D28012083
S315010198B07A12000C71200001780000087120000065
S315010198C07529063F353F08F6513F081470099A5725
S315010198D07F8000207D2000267529F7FF7529063F27
S315010198E07D2A4B787128E0003549114A515F00CC38
S315010198F07128E248138A4ACD130A4ACE7FBDCB822B
S315010199007D2000267529F7FF7529063F7D2A4B78AB
S315010199107128E000354911387128E0001D293CD82C
S31501019920514901FC512901F8481C03130324480537
S31501019930480679FE80C30231700998007F800020B4
S315010199407D2000267529E0077D2801207A1200066F
S31501019950480C7789063F353F0820313F0820752994
S31501019960063F700998007F8000207D200026752919
S31501019970E0077D2801207A1200707128E0001D2977
S3150101998013385149000451290000553F08F8555F24
S3150101999008FC7128E0001D2912585149000451297A
S315010199A00000553F0900555F09047128E0001D2992
S315010199B012785149000451290000553F0908555FA4
S315010199C0090C7128E0001D2911685149000451292A
S315010199D000007108E0001D083CD8552802B8554819
S315010199E002BC7800004C7127E7F071400000553F39
S315010199F008F8555F08FC7127E7F071400000553FF3
S31501019A000900555F09047127E7F071400000553FD0
S31501019A100908555F090C7128E0001D093CD8712719
S31501019A20E7F071400000552802B8554802BC71287B
S31501019A30E0001D293938514900007128E0001D292E
S31501019A403950512901E47D295050553F00B0712803
S31501019A50E0001D293938514900007128E0001D290E
S31501019A603950554901E47128E0001D293950312940
S31501019A7002737529063F7D2A4B78513F00B07D2A35
S31501019A804A147009A8FF7F8000207D2000267529D0
S31501019A90E0077D2801207A1100347128E0001D2993
S31501019AA0395031290273752A063F513F00B0752994
S31501019AB0063F7D2A4A14752A063F7128E0001D29B1
S31501019AC0395035490273780000147128E0001D29C7
S31501019AD03950715F7FFF354902737128E0001D29F5
S31501019AE03950592902607529043F7D2A4B78513F26
S31501019AF000B07D2A4A147009ABFF7F8000207D20CA
S31501019B0000267529E0077D2801207A110034712884
S31501019B10E0001D29395059290260752A043F513F38
S31501019B2000B07529043F7D2A4A14752A043F71281C
S31501019B30E0001D2939505D49026078000014712841
S31501019B40E0001D293950714003FF5D49026071280A
S31501019B50E0001D293950715F7FFF554901CC7128FC
S31501019B60E0001D293950512902541929C080700973
S31501019B7098007F8000207D2000267529E0077D2839
S31501019B8001207A0202187128E0001D493950512A33
S31501019B9002547100000175093E30552A025471289B
S31501019BA0E0001D493950512A02547100000175091D
S31501019BB03672552A02547128E0001D493950512A3D
S31501019BC00250710000027509E006552A02507128FA
S31501019BD0E0001D2939507140000035490273712891
S31501019BE0E0001D093CD87127E7F0714000005528B6
S31501019BF002C0554802C47128E0001D493950512A55
S31501019C0002547100000175092EB4552A02547128B6
S31501019C10E0001D493950512A0250710000017509B0
S31501019C200F7C552A02507128E0001D493950512AED
S31501019C30025471000001750926F6552A025471284C
S31501019C40E0001D493950512A02547100000175097C
S31501019C50F002552A02547128E0001D493950512A52
S31501019C6002547100000175091F38552A02547128E1
S31501019C70E0001D493950512A02547100000175094C
S31501019C80E086552A02547128E0001D493950512AAE
S31501019C900254710000017509177A552A0254712877
S31501019CA0E0001D493950512A02547100000175091C
S31501019CB0D10A552A02547128E0001D493950512A09
S31501019CC002547100000175090FBC552A025471280D
S31501019CD0E0001D493950512A02507100000A7509E7
S31501019CE0C10E552A02507128E0001D2939507140D3
S31501019CF000005D4902607128E0001D493950512A71
S31501019D00025471000001750907FE552A0254712892
S31501019D10E0001D29395031490258715FD7FF715F42
S31501019D20C780354902587128E0001D493950512A29
S31501019D300254710000017509C18E552A0254712818
S31501019D40E0001D29395031490258194AD040354997
S31501019D5002587128E0001D493950512A02547100F7
S31501019D6000017509B212552A02547128E0001D2914
S31501019D70395031490258194AD020354902587128BA
S31501019D80E0001D493950512A02547100000175093B
S31501019D90A296552A0254780009647128E0001D290A
S31501019DA03950512902541929C040700998007F8000
S31501019DB000207D2000267529E0077D2801207A12E1
S31501019DC000281CDF08F61CFF08F8191F81091D5F11
S31501019DD009087128E0001C6912F001640175030686
S31501019DE0032779FF19C17128E0001D29395051292D
S31501019DF002541929C020700998007F8000207D2016
S31501019E0000267529E0077D2801207A1200D67128DE
S31501019E10E0001D293950512902507D290C7019295B
S31501019E20C0037529063F700998017F8000207D4096
S31501019E300026754AE0077D4801207A120020700943
S31501019E4098027F8000207D2000267529E0077D2864
S31501019E5001207A12004C7800008A7128E0001D2940
S31501019E603950512901CC700998057F8000207D2048
S31501019E7000267529E0077D2801207A020020712834
S31501019E80E0001D493950512A02507100000275093D
S31501019E900F7C552A02507800004A78000046712845
S31501019EA0E0001D293950512901CC700998047F80A0
S31501019EB000207D2000267529E0077D2801207A02F0
S31501019EC000207128E0001D493950512A02507100C4
S31501019ED0000175090F7C552A0250780000044400DF
S31501019EE07128E0001D293950512902541929C01040
S31501019EF0700998007F8000207D2000267529E007E2
S31501019F007D2801207A1200D27128E0001D293950DD
S31501019F10512902547D29F4707529063F700998016A
S31501019F207F8000207D400026754AE0077D4801209B
S31501019F307A120020700998027F8000207D20002678
S31501019F407529E0077D2801207A12004C7800008AE4
S31501019F507128E0001D293950512901CC7009980356
S31501019F607F8000207D2000267529E0077D280120BC
S31501019F707A0200207128E0001D493950512A025404
S31501019F80710000027509F002552A02547800004A4F
S31501019F90780000467128E0001D293950512901CC6C
S31501019FA0700998027F8000207D2000267529E0072F
S31501019FB07D2801207A0200207128E0001D493950CF
S31501019FC0512A0254710000017509F002552A025401
S31501019FD07800000444007128E0001D2939505129F7
S31501019FE002541929C008700998007F8000207D203C
S31501019FF000267529E0077D2801207A1200D67128ED
S3150101A000E0001D293950512902547D29E47019298D
S3150101A010C0037529063F700998017F8000207D40A4
S3150101A0200026754AE0077D4801207A120020700951
S3150101A03098027F8000207D2000267529E0077D2872
S3150101A04001207A12004C7800008A7128E0001D294E
S3150101A0503950512901CC7009980D7F8000207D204E
S3150101A06000267529E0077D2801207A020020712842
S3150101A070E0001D493950512A025471000002750947
S3150101A080E086552A02547800004A78000046712874
S3150101A090E0001D293950512901CC7009980C7F80A6
S3150101A0A000207D2000267529E0077D2801207A02FE
S3150101A0B000207128E0001D493950512A02547100CE
S3150101A0C000017509E086552A02547800000444000E
S3150101A0D07128E0001D293950512902541929C0045A
S3150101A0E0700998007F8000207D2000267529E007F0
S3150101A0F07D2801207A1200D67128E0001D293950E8
S3150101A100512902547D29D4701929C0037529063FA5
S3150101A110700998017F8000207D400026754AE0077D
S3150101A1207D4801207A120020700998027F80002063
S3150101A1307D2000267529E0077D2801207A12004C31
S3150101A1407800008A7128E0001D293950512901CC76
S3150101A1507009980F7F8000207D2000267529E00770
S3150101A1607D2801207A0200207128E0001D4939501D
S3150101A170512A0254710000027509D10A552A025465
S3150101A1807800004A780000467128E0001D293950FF
S3150101A190512901CC7009980E7F8000207D2000266F
S3150101A1A07529E0077D2801207A0200207128E00047
S3150101A1B01D493950512A0254710000017509D10A0C
S3150101A1C0552A02547800000444007128E0001D2933
S3150101A1D03950512902541929C002700998007F800A
S3150101A1E000207D2000267529E0077D2801207A12AD
S3150101A1F000321CDF08F61CFF08F8191F81091D5FD3
S3150101A20009087128E0001C6911E07128E0001C8928
S3150101A21013500165017603077D48537879FF1FC104
S3150101A2207128E0001D293950512902541929C0010B
S3150101A230700998007F8000207D2000267529E0079E
S3150101A2407D2801207A1201C87128E0001D293950A3
S3150101A25051290250192AC3F0712AE0007F8A480068
S3150101A2607D2000267529FFFF7529063F7D2A4B783A
S3150101A2707128E0001D293CD8354903E87128E00021
S3150101A2801D293950512902501929C0067009A804FE
S3150101A2907F8000207D2000267529FFFF7529063F55
S3150101A2A07D2A4B787128E000354911D07128E000EB
S3150101A2B01D29395051290254192AC3C07130E000B0
S3150101A2C07F8A48007D2000267529FFFF7529063FF3
S3150101A2D07D2A4B787128E000354913807128E00009
S3150101A2E01D29395051290254192AC3307124E0001C
S3150101A2F07F8A48007D2000267529FFFF7529063FC3
S3150101A3007D2A4B787128E0001D293CD8354903E99E
S3150101A3107128E0001D29395051290254192AC330E7
S3150101A3207124E0007F8A48007D2000267529FFFF00
S3150101A3307529063F7D2A4B787128E000354911E8D8
S3150101A3407128E0001D29395051290254192AC2C028
S3150101A3507120E0807F8A48007D2000267529FFFF54
S3150101A3607529063F7D2A4B787128E0001D293CD8C5
S3150101A370354903EC7128E0001D2939505129025450
S3150101A380192AC2307120E0207F8A48007D200026EB
S3150101A3907529FFFF7529063F7D2A4B787128E00053
S3150101A3A0354911497128E0001D29395051290254B5
S3150101A3B0192AC30C7121E0007F8A48007D200026FD
S3150101A3C07529FFFF7529063F7D2A4B787128E00023
S3150101A3D01D293CD8354903EB7128E0001D29395067
S3150101A3E051290254192AC30C7121E0007F8A4800C0
S3150101A3F07D2000267529FFFF7529063F7D2A4B78A9
S3150101A4007128E0001D293CD8354903EA7128E0008D
S3150101A4101D293950512902581929C38070099800FB
S3150101A4207F8000207D2000267529E0077D280120F7
S3150101A4307A1200D67128E0001D293950512902549A
S3150101A4407D29C4701929C0037529063F7009980130
S3150101A4507F8000207D400026754AE0077D48012066
S3150101A4607A120020700998027F8000207D20002643
S3150101A4707529E0077D2801207A12004C7800008AAF
S3150101A4807128E0001D293950512901CC7009980123
S3150101A4907F8000207D2000267529E0077D28012087
S3150101A4A07A0200207128E0001D493950512A0254CF
S3150101A4B0710000027509C18E552A02547800004ABD
S3150101A4C0780000467128E0001D293950512901CC37
S3150101A4D0700998007F8000207D2000267529E007FC
S3150101A4E07D2801207A0200207128E0001D4939509A
S3150101A4F0512A0254710000017509C18E552A02546F
S3150101A5007800000444007128E0001D2939505129C1
S3150101A51002581929C340700998007F8000207D20C7
S3150101A52000267529E0077D2801207A1200D67128B7
S3150101A530E0001D293950512902547D29B470192988
S3150101A540C0037529063F700998017F8000207D406F
S3150101A5500026754AE0077D4801207A12002070091C
S3150101A56098027F8000207D2000267529E0077D283D
S3150101A57001207A12004C7800008A7128E0001D2919
S3150101A5803950512901CC700998077F8000207D201F
S3150101A59000267529E0077D2801207A02002071280D
S3150101A5A0E0001D493950512A025471000002750912
S3150101A5B0B212552A02547800004A780000467128E1
S3150101A5C0E0001D293950512901CC700998067F8077
S3150101A5D000207D2000267529E0077D2801207A02C9
S3150101A5E000207128E0001D493950512A0254710099
S3150101A5F000017509B212552A02547800000444007B
S3150101A6007128E0001D293950512902581929C32001
S3150101A610700998007F8000207D2000267529E007BA
S3150101A6207D2801207A1200D67128E0001D293950B2
S3150101A630512902547D29A4701929C0037529063FA0
S3150101A640700998017F8000207D400026754AE00748
S3150101A6507D4801207A120020700998027F8000202E
S3150101A6607D2000267529E0077D2801207A12004CFC
S3150101A6707800008A7128E0001D293950512901CC41
S3150101A680700998097F8000207D2000267529E00741
S3150101A6907D2801207A0200207128E0001D493950E8
S3150101A6A0512A0254710000027509A296552A0254D3
S3150101A6B07800004A780000467128E0001D293950CA
S3150101A6C0512901CC700998087F8000207D20002640
S3150101A6D07529E0077D2801207A0200207128E00012
S3150101A6E01D493950512A0254710000017509A2967A
S3150101A6F0552A0254780000044400313F0820752987
S3150101A700063F700998007F8000207D20002675296B
S3150101A710E0077D2801207A1200307128E0003129F5
S3150101A72013807529063F700998007F8000207D20DE
S3150101A73000267529E0077D2801207A12000C712077
S3150101A74000017800000871200000752A063F712872
S3150101A750E0001D293CD8354903E7313F015A7529E6
S3150101A760063F700998007F8000207D20002675290B
S3150101A770FFFF7529063F353F015A7128E00031294E
S3150101A78011D0752A063F7128E0001D29139C354910
S3150101A79000027128E0001C69139C79FEE689712883
S3150101A7A0E000312911D0752A063F7128E0001D29E3
S3150101A7B0139C354900067128E0001C69139C79FE3A
S3150101A7C0E665313F015A7529063F03137087E78014
S3150101A7D07128E0001CA93E607128E0001CC93BC834
S3150101A7E079FF00837128E0001D293CD85149018C6C
S3150101A7F051290188481C031303244805480679FE9B
S3150101A80072CF0231700998007F8000207D200026D9
S3150101A8107529E0077D2801207A110006480C778900
S3150101A820063F353F08207128E0001D29395031299D
S3150101A83002627529063F315F0820754A063F7F8A04
S3150101A84048407D2000267529F7FF7529063F7D2A97
S3150101A8504B787128E0001D2939503549026271286A
S3150101A860E0001D29395031290262353F015A71280B
S3150101A870E0001D293938514900007128E0001D29E0
S3150101A8803950512901D47D295050553F00B07128C5
S3150101A890E0001D293938514900007128E0001D29C0
S3150101A8A03950554901D47128E0001D293950312902
S3150101A8B002717529063F7D2A4B78513F00B07D2AE9
S3150101A8C04A147009A81F7F8000207D200026752962
S3150101A8D0E0077D2801207A1100347128E0001D2945
S3150101A8E0395031290271752A063F513F00B0752948
S3150101A8F0063F7D2A4A14752A063F7128E0001D2963
S3150101A900395035490271780000147128E0001D297A
S3150101A91039507140001F354902717128E0001D2926
S3150101A9203950512902541929C104700998007F80AF
S3150101A93000207D2000267529E0077D2801207A0265
S3150101A940006C7128E0001D493950512A02547100E9
S3150101A95000017509556A552A02547128E0001D49FD
S3150101A9603950512A02507100000275096C64552A49
S3150101A97002507128E0001D493950512A02507100D7
S3150101A980000275095CE8552A02507128E0001D296B
S3150101A990395071400000354902717128E00071405A
S3150101A9A00000354911D1780002A07128E0001D2966
S3150101A9B03950512902501929C1607089A8007F8037
S3150101A9C000207D2000267529E0077D2801207A02D5
S3150101A9D001407128E0001D293950512902501929D8
S3150101A9E0C1067009AA007F8000207D2000267529F5
S3150101A9F0E0077D2801207A02006C7128E0001D49DB
S3150101AA003950512A02507100000075094D6C552AC1
S3150101AA1002507128E0001D493950512A0250710036
S3150101AA20000275096C64552A02507128E0001D491E
S3150101AA303950512A02507100000275095CE8552A04
S3150101AA4002507128E0001D29395071400000354935
S3150101AA5002717128E00071400000354911D1780079
S3150101AA6001E87128E00071400001354911D17128D1
S3150101AA70E0001D293950312902717529063F7009F6
S3150101AA80A8137F8000207D2000267529E0077D28F7
S3150101AA9001207A01002C313F015A7529063F7009BF
S3150101AAA098007F8000207D2000267529E0077D28FA
S3150101AAB001207A12000C7120000178000008712032
S3150101AAC00000353F015A313F015A7529063F700988
S3150101AAD098007F8000207D2000267529E0077D28CA
S3150101AAE001207A1201647128E0001D493950512A69
S3150101AAF002507100000175094D6C552A02507128E9
S3150101AB00E00071400000354911D17800013C7128FE
S3150101AB10E0001D293950512902501929C1187029FE
S3150101AB20A8007F8000207D2000267529E0077D2869
S3150101AB3001207A02006C7128E0001D493950512A21
S3150101AB4002507100000075095CE8552A025071280E
S3150101AB50E0001D493950512A025071000001750961
S3150101AB606C64552A02507128E0001D493950512A59
S3150101AB7002507100000275094D6C552A0250712867
S3150101AB80E0001D29395071400000354902717128D3
S3150101AB90E00071400001354911D1780000AC7128FE
S3150101ABA0E00071400000354911D17128E0001D29ED
S3150101ABB03950312902717529063F7009A8137F8021
S3150101ABC000207D2000267529E0077D2801207A01D4
S3150101ABD0002C313F015A7529063F700998007F8083
S3150101ABE000207D2000267529E0077D2801207A12A3
S3150101ABF0000C712000017800000871200000353F2A
S3150101AC00015A313F015A7529063F700998007F8023
S3150101AC1000207D2000267529E0077D2801207A1272
S3150101AC2000287128E0001D493950512A025071004E
S3150101AC30000175095CE8552A02507128E00071404E
S3150101AC400001354911D17128E000312911D1752948
S3150101AC50063F4B93031479FE97B37128E0001D2932
S3150101AC601300514900045129000003130324480527
S3150101AC70480679FE6DEF0231700998007F80002048
S3150101AC807D2000267529E0077D2801207A02003AF8
S3150101AC907128E0001D2912185149000451290000AB
S3150101ACA0031303244805480679FE6DB9023170097B
S3150101ACB098007F8000207D2000267529E0077D28E8
S3150101ACC001207A12000C7120000178000008712020
S3150101ACD000007529063F353F08F6313F08F675290B
S3150101ACE0063F700998007F8000207D200026752986
S3150101ACF0E0077D2801207A120ABA7128E0001D2990
S3150101AD003950312902777529063F700998007F80EC
S3150101AD1000207D2000267529E0077D2801207A0281
S3150101AD20002C7128E0001D2939385149000071288C
S3150101AD30E0001D293950554901D07128E0001D292E
S3150101AD40395071400001354902777128E0001D290A
S3150101AD503938514900007128E0001D29395051291E
S3150101AD6001D07D295050553F00B07128E0001D29C1
S3150101AD703938514900007128E0001D2939505549DA
S3150101AD8001D07128E0001D29395031290270752938
S3150101AD90063F7D2A4B78513F00B07D2A4A1470093E
S3150101ADA0A87F7F8000207D2000267529E0077D2868
S3150101ADB001207A1100347128E0001D293950312909
S3150101ADC00270752A063F513F00B07529063F7D2A5B
S3150101ADD04A14752A063F7128E0001D293950354963
S3150101ADE00270780000147128E0001D293950714064
S3150101ADF0007F354902707128E0001D29395051291A
S3150101AE0002541929C108700998007F8000207D200C
S3150101AE1000267529E0077D2801207A02003871286C
S3150101AE20E0001D493950512A02547100000175098A
S3150101AE305D28552A02547128E0001D493950512ACD
S3150101AE400250710000017509AA14552A02507800B1
S3150101AE500A467128E0001D293950512902507D29E0
S3150101AE60AC701929C0077529063F700998027F80C0
S3150101AE7000207D400026754AE0077D4801207A12AF
S3150101AE800320700998037F8000207D400026754AC2
S3150101AE90E0077D4801207A12050C700998017F802F
S3150101AEA000207D2000267529E0077D2801207A02F0
S3150101AEB006F87128E0001D291300514900045129A2
S3150101AEC00000031303244805480679FE6B970231F6
S3150101AED0700998007F8000207D2000267529E007F2
S3150101AEE07D2801207A1200427128E0001D291218DD
S3150101AEF0514900045129000003130324480548065A
S3150101AF0079FE6AF50231700998007F8000207D2063
S3150101AF1000267529E0077D2801207A02000C71209F
S3150101AF2000017800000871200000353F015A313FC8
S3150101AF30015A7529063F700998007F8000207D20FE
S3150101AF4000267529E0077D2801207A120060712803
S3150101AF50E0001D493950512A02507100000275095C
S3150101AF60AA14552A02507128E0001D493950512A67
S3150101AF7002507100000275099AD8552A02507128AA
S3150101AF80E0001D29395071400000354902707128D0
S3150101AF90E0001D093CD871200000714000005528D0
S3150101AFA0019055480194780001F47128E0001D29AA
S3150101AFB013005149000451290000031303244805D4
S3150101AFC0480679FE6A330231700998007F800020B4
S3150101AFD07D2000267529E0077D2801207A0200429D
S3150101AFE07128E0001D291218514900045129000058
S3150101AFF0031303244805480679FE6A69023170097B
S3150101B00098007F8000207D2000267529E0077D2894
S3150101B01001207A12000C71200001780000087120CC
S3150101B0200000353F015A313F015A7529063F700922
S3150101B03098007F8000207D2000267529E0077D2864
S3150101B04001207A1200607128E0001D493950512A08
S3150101B0500250710000037509AA14552A025071287C
S3150101B060E0001D493950512A02507100000275094B
S3150101B0708B5C552A02507128E0001D293950714017
S3150101B0800000354902707128E0001D093CD8712084
S3150101B090000071400000552801905548019478003F
S3150101B0A000FC7128E0001D291300514900045129B2
S3150101B0B00000031303244805480679FE69A70231F6
S3150101B0C0700998007F8000207D2000267529E00700
S3150101B0D07D2801207A1200427128E0001D291218EB
S3150101B0E05149000451290000031303244805480668
S3150101B0F079FE69710231700998007F8000207D20F7
S3150101B10000267529E0077D2801207A12000C71209D
S3150101B11000017800000871200000353F015A313FD6
S3150101B120015A7529063F700998007F8000207D200C
S3150101B13000267529E0077D2801207A120060712811
S3150101B140E0001D493950512A025071000004750968
S3150101B150AA14552A02507128E0001D493950512A75
S3150101B16002507100000275097BE0552A02507128CF
S3150101B170E0001D29395071400000354902707128DE
S3150101B180E0001D093CD871200000714000005528DE
S3150101B1900190554801947800061678000612712827
S3150101B1A0E0001D2913005149000451290000031330
S3150101B1B003244805480679FE683F02317009980063
S3150101B1C07F8000207D2000267529E0077D2801204A
S3150101B1D07A12003A7128E0001D291218514900041A
S3150101B1E051290000031303244805480679FE6875B1
S3150101B1F00231700998007F8000207D200026752983
S3150101B200E0077D2801207A12000C712000017800E7
S3150101B210000871200000353F015A313F015A752955
S3150101B220063F700998007F8000207D200026752940
S3150101B230E0077D2801207A1200387128E0001D49B6
S3150101B2403950512A02507100000075099AD8552AC0
S3150101B25002507128E0001D493950512A02507100EE
S3150101B26000017509AA14552A025078000134712882
S3150101B270E0001D29395051290250192AC21871209D
S3150101B280E0087F8A48007D2000267529E0077D2890
S3150101B29001207A0200887128E0001D093CD8712736
S3150101B2A0E7F0714000005528019055480194712835
S3150101B2B0E0001D293950312902707529063F7009AF
S3150101B2C0A84F7F8000207D2000267529E0077D2873
S3150101B2D001207A0100CC7128E0001D493950512A1B
S3150101B2E002507100000275099AD8552A0250712837
S3150101B2F0E0001D293950714000003549027071285D
S3150101B300E0001D093CD8712000007140000055285C
S3150101B310019055480194780004967128E0001D09B1
S3150101B3203CD8712000007140000055280190554814
S3150101B33001947128E0001D293950312902707529BE
S3150101B340063F7009A84F7F8000207D2000267529C0
S3150101B350E0077D2801207A0100487128E0001D4996
S3150101B3603950512A02507100000175099AD8552A9E
S3150101B37002507128E0001D293950714000003549FC
S3150101B38002707128E0001D093CD87127E7F0714070
S3150101B390000055280190554801947800041278005F
S3150101B3A0040E7128E0001D29130051490004512999
S3150101B3B00000031303244805480679FE66A70231F6
S3150101B3C0700998007F8000207D2000267529E007FD
S3150101B3D07D2801207A02003A7128E0001D29121800
S3150101B3E05149000451290000031303244805480665
S3150101B3F079FE66050231700998007F8000207D2063
S3150101B40000267529E0077D2801207A02000C7120AA
S3150101B41000017800000871200000353F015A313FD3
S3150101B420015A7529063F700998007F8000207D2009
S3150101B43000267529E0077D2801207A120038712836
S3150101B440E0001D493950512A025071000000750969
S3150101B4508B5C552A02507128E0001D493950512A49
S3150101B4600250710000017509AA14552A025078008B
S3150101B47001347128E0001D29395051290250192A38
S3150101B480C206712010007F8A48007D200026752999
S3150101B490E0077D2801207A0200887128E0001D0954
S3150101B4A03CD87127E7F071400000552801905548B5
S3150101B4B001947128E0001D2939503129027075293D
S3150101B4C0063F7009A8277F8000207D200026752967
S3150101B4D0E0077D2801207A0100CC7128E0001D4991
S3150101B4E03950512A02507100000275098B5C552AA7
S3150101B4F002507128E0001D2939507140000035497B
S3150101B50002707128E0001D093CD8712000007140CC
S3150101B510000055280190554801947800029271283E
S3150101B520E0001D093CD8712000007140000055283A
S3150101B5300190554801947128E0001D29395031299E
S3150101B54002707529063F7009A8277F8000207D209A
S3150101B55000267529E0077D2801207A010048712816
S3150101B560E0001D493950512A025071000001750947
S3150101B5708B5C552A02507128E0001D293950714012
S3150101B5800000354902707128E0001D093CD8712778
S3150101B590E7F0714000005528019055480194780063
S3150101B5A0020E7800020A7128E0001D291300514993
S3150101B5B0000451290000031303244805480679FEB6
S3150101B5C064370231700998007F8000207D200026B2
S3150101B5D07529E0077D2801207A12003A7128E000D9
S3150101B5E01D2912185149000451290000031303248E
S3150101B5F04805480679FE64010231700998007F8089
S3150101B60000207D2000267529E0077D2801207A0288
S3150101B610000C712000017800000871200000353FFF
S3150101B620015A313F015A7529063F700998007F80F9
S3150101B63000207D2000267529E0077D2801207A1248
S3150101B64000387128E0001D493950512A0250710014
S3150101B650000075097BE0552A02507128E0001D4959
S3150101B6603950512A0250710000017509AA14552A4F
S3150101B6700250780001387128E0001D2939505129FD
S3150101B6800250752A03E1712000001929D1807F8AB0
S3150101B69048007D2000267529E0077D2801207A02D0
S3150101B6A000887128E0001D093CD87127E7F0714037
S3150101B6B0000055280190554801947128E0001D2983
S3150101B6C03950312902707529063F7009A8097F8011
S3150101B6D000207D2000267529E0077D2801207A01B9
S3150101B6E000CC7128E0001D493950512A02507100E0
S3150101B6F0000275097BE0552A02507128E0001D29D7
S3150101B700395071400000354902707128E0001D0968
S3150101B7103CD8712000007140000055280190554820
S3150101B7200194780000887128E0001D093CD8712038
S3150101B7300000714000005528019055480194712877
S3150101B740E0001D293950312902707529063F70091A
S3150101B750A8097F8000207D2000267529E0077D2824
S3150101B76001207A0100487128E0001D493950512A0A
S3150101B77002507100000175097BE0552A02507128BA
S3150101B780E0001D29395071400000354902707128C8
S3150101B790E0001D093CD87127E7F0714000005528EA
S3150101B7A0019055480194780000044400780000E8AE
S3150101B7B07128E0001D293950312902777529063F83
S3150101B7C0700998007F8000207D2000267529E007F9
S3150101B7D07D2801207A1200C07128E0001D2939381F
S3150101B7E0514900007128E0001D293950512901D024
S3150101B7F07D295050553F00B07128E0001D29393887
S3150101B800514900007128E0001D293950554901D0DF
S3150101B8107128E0001D293950312902707529063F29
S3150101B8207D2A4B78513F00B07D2A4A147009A87FC1
S3150101B8307F8000207D2000267529E0077D280120D3
S3150101B8407A1100347128E0001D293950312902701D
S3150101B850752A063F513F00B07529063F7D2A4A14D4
S3150101B860752A063F7128E0001D29395035490270B4
S3150101B870780000147128E0001D2939507140007FBC
S3150101B880354902707128E0001D29395071400000C7
S3150101B89035490277313F08F67529063F7009980047
S3150101B8A07F8000207D2000267529FFFF7529063F2F
S3150101B8B07D2A4B787128E0001D29395035490262EC
S3150101B8C07128E0001D293950312902627529063F87
S3150101B8D0700998007F8000207D2000267529E007E8
S3150101B8E07D2801207A02003A7128E0001D293CD801
S3150101B8F0514901945129019003130324480548062E
S3150101B90079FE61610231700998007F8000207D20F6
S3150101B91000267529E0077D2801207A12000C712085
S3150101B92000017800000871200000752A063F712880
S3150101B930E000354911847128E00031291184752A05
S3150101B940063F7128E0001D29139C35490003712822
S3150101B950E0001C69139C79FED4CD7128E0003129E0
S3150101B9601184752A063F7128E0001D2913AC35495A
S3150101B97000017128E0001C6913AC79FED677313FCD
S3150101B98008217529063F700998007F8000207D20D6
S3150101B99000267529E0077D2801207A12002C313F06
S3150101B9A008227529063F700998007F8000207D20B5
S3150101B9B000267529E0077D2801207A12000C7120E5
S3150101B9C000017800000871200000752A063F7128E0
S3150101B9D0E0001D293CD8354903E07128E0001D2905
S3150101B9E03CD8312903E0752A063F7128E0001D295B
S3150101B9F013AC354900067128E0001C6913AC79FEC8
S3150101BA00D5F37128E0001D293CD8312903E0752AB7
S3150101BA10063F7128E0001D2913AC35490003712841
S3150101BA20E0001C6913AC79FED5CB7128E0001D2914
S3150101BA303950315F0820354902627128E0001D291C
S3150101BA4012C850E90000510900047128E0001D29BE
S3150101BA5012A8514900045129000001730304031579
S3150101BA6003267800AA0B02420231553F08F8555FB9
S3150101BA7008FC50FF08F8511F08FC7128E0001D2938
S3150101BA8011B0514900045129000001730304031542
S3150101BA9003267800A9DB02420231553F08F8555FBA
S3150101BAA008FC50FF08F8511F08FC7128E0001D2908
S3150101BAB01250514900045129000001730304031571
S3150101BAC003267800A9AB02420231553F08F8555FBA
S3150101BAD008FC513F08F8515F08FC481C0313032475
S3150101BAE070A8E0416505480679FE5FE502317009F6
S3150101BAF098007F8000207D2000267529E0077D289A
S3150101BB0001207A110006480C7789063F353F082244
S3150101BB10513F08F8515F08FC481C0313032470A820
S3150101BB20E0466505480679FE5FA70231700998006E
S3150101BB307F8000207D2000267529E0077D280120D0
S3150101BB407A110006480C7789063F353F015A313F84
S3150101BB50015A7529063F700998007F8000207D20D2
S3150101BB6000267529FFFF7529063F353F0820313F1C
S3150101BB7008227529063F700998007F8000207D20E3
S3150101BB8000267529E0077D2801207A12002C313F14
S3150101BB9008207529063F700998007F8000207D20C5
S3150101BBA000267529E0077D2801207A12000C7120F3
S3150101BBB000017800000871200000353F0822313F5D
S3150101BBC008227529063F700998007F8000207D2093
S3150101BBD000267529E0077D2801207A120036513F9A
S3150101BBE008F8515F08FC031303247120E1031CA922
S3150101BBF08F107120E1031CC98ED0487779FEDC7D57
S3150101BC0002420231553F0908555F090C78000014BB
S3150101BC107120000071400000553F0908555F090C6C
S3150101BC207128E0001D29124050E900005109000464
S3150101BC307128E0001D291200514900045129000013
S3150101BC4001730304031503267800A8250242023174
S3150101BC50553F0900555F0904513F0900515F090428
S3150101BC60481C0313032470A8E0466505480679FEBE
S3150101BC705E5F0231700998007F8000207D200026D9
S3150101BC807529E0077D2801207A110006480C77897C
S3150101BC90063F353F0820313F08207529063F7009C7
S3150101BCA098007F8000207D2000267529FFFF7529D8
S3150101BCB0063F353F0822513F0900515F0904481CDF
S3150101BCC00313032470A8E0416505480679FE5E0168
S3150101BCD00231700998007F8000207D200026752998
S3150101BCE0E0077D2801207A110006480C7789063F75
S3150101BCF0353F0821313F08227529063F7009980011
S3150101BD007F8000207D2000267529E0077D280120FE
S3150101BD107A12002C313F08217529063F70099800D6
S3150101BD207F8000207D2000267529E0077D280120DE
S3150101BD307A12000C712000017800000871200000C0
S3150101BD40353F0822313F08227529063F70099800BF
S3150101BD507F8000207D2000267529E0077D280120AE
S3150101BD607A120032513F0900515F0904031303247A
S3150101BD707120E1031CA98F107120E1031CC98ED02A
S3150101BD80487779FEDAF7547F00C0549F00C47800E2
S3150101BD9000147120000071400000553F00C0555F3D
S3150101BDA000C4513F0908515F090C507F00C0509FE3
S3150101BDB000C4031503267800A6B7547F00C0549F1B
S3150101BDC000C4513F00C0515F00C4553F00B8555FE3
S3150101BDD000BC313F08207529063F700998007F8014
S3150101BDE000207D2000267529E0077D2801207A1291
S3150101BDF0002C313F015A7529063F700998007F8051
S3150101BE0000207D2000267529E0077D2801207A1270
S3150101BE10000C712000017800000871200000353FF7
S3150101BE200821313F08217529063F03137087E5E192
S3150101BE307088C7AE7128E0001CA93FA87128E000EF
S3150101BE401CC93CC879FEEA1F7128E0001D291208A8
S3150101BE505149000451290000481C0313032470A809
S3150101BE60E054480679FE5C690231700998007F80C9
S3150101BE7000207D2000267529E0077D2801207A1101
S3150101BE800006480C7789063F353F0821313F0821D5
S3150101BE907529063F03137087E5E17088C7AE7128DE
S3150101BEA0E0001CA93FA07128E0001CC93CB879FE3D
S3150101BEB0E9B57128E0001D293CD8514902CC512927
S3150101BEC002C87108E0001D081308552800005548ED
S3150101BED00004313F08217529063F700998007F80CA
S3150101BEE000207D2000267529FFFF7529063F353F74
S3150101BEF008217128E0001D29120851490004512920
S3150101BF000000481C0313032470A8E0466505480692
S3150101BF1079FE5BBD0231700998007F8000207D208A
S3150101BF2000267529E0077D2801207A110006480CB3
S3150101BF307789063F353F0820313F08207529063F9D
S3150101BF40700998007F8000207D2000267529E00771
S3150101BF507D2801207A12002C313F08217529063FDF
S3150101BF60700998007F8000207D2000267529E00751
S3150101BF707D2801207A12000C712000017800000849
S3150101BF8071200000353F08207128E0001D291208A3
S3150101BF9050E90000510900047128E0001D2912E051
S3150101BFA051490004512900000173030403150326B5
S3150101BFB07800A4BD547F0048549F004C313F0820AE
S3150101BFC07529063F700998007F8000207D20002693
S3150101BFD07529E0077D2801207A12002E507F00483D
S3150101BFE0509F004C7120E1031CA98F507120E10380
S3150101BFF01CC98ED0487779FED883547F00C0549FDF
S3150101C00000C4780000147120000071400000553F02
S3150101C01000C0555F00C4513F00C0515F00C4553F88
S3150101C0200908555F090C507F0048509F004C71204B
S3150101C030E1031CA98FC87120E1031CC98F904867D0
S3150101C04079FED839547F00C0549F00C4507F00C087
S3150101C050509F00C479FE5DB70231553F0824515FF7
S3150101C06008247128E120112A4AC8553F082471285C
S3150101C070E0001D293CD8514902D4512902D0710849
S3150101C080E0001D0812D05528000055480004513F13
S3150101C0900900515F0904481C0313032470A8E049F0
S3150101C0A0480679FE5A2B0231700998007F800020DB
S3150101C0B07D2000267529E0077D2801207A110006D9
S3150101C0C0480C7789063F353F08217128E0001D2973
S3150101C0D03CD8315F0821354903ED513F08F8515FDD
S3150101C0E008FC481C0313032470A8E03E480679FEA8
S3150101C0F059DF0231700998007F8000207D200026DA
S3150101C1007529E0077D2801207A110006480C7789F7
S3150101C110063F353F08217128E0001D293CD8315FD2
S3150101C1200821354903EE7128E0001D2939503129CD
S3150101C13002767529063F700998007F8000207D20CF
S3150101C14000267529E0077D2801207A120010712049
S3150101C1500000553F00B0780000247128E0001D2938
S3150101C1603938514900007128E0001D2939505129FA
S3150101C17001E87D295050553F00B07128E0001D2985
S3150101C1803938514900007128E0001D2939505549B6
S3150101C19001E87128E0001D29395071400000354937
S3150101C1A002767128E0001D291178514900045129AF
S3150101C1B000000313032479FE5C550231553F0060EB
S3150101C1C07128E0001D29133051490004512900004D
S3150101C1D00313032479FE5C370231553F006471284C
S3150101C1E0E0001D29131051490004512900000313D0
S3150101C1F0032479FE5C190231553F00687128E0007C
S3150101C2001D2911605149000451290000031303241A
S3150101C21079FE5BFB0231553F006C7128E0001D2957
S3150101C22012D851490004512900000313032479FE50
S3150101C2305BDD0231553F00987128E0001D2911F09F
S3150101C24051490004512900000313032479FE5BBF00
S3150101C2500231553F005C515F0060513F006C112A6C
S3150101C2604AC8553F0060515F0098513F0064112A49
S3150101C2704AC8515F0060112A4AC0553F0060515FAB
S3150101C280005C513F0068112A4AC8515F0060112ABA
S3150101C2904AC0553F0060515F00607127E0DB713391
S3150101C2A0C0D9114A4AC87128E000554912A071281E
S3150101C2B0E0001D293CD8514901FC512901F803131C
S3150101C2C003244805480679FE579B023170099800F7
S3150101C2D07F8000207D2000267529E0077D28012029
S3150101C2E07A020024313F00087529063F700998003A
S3150101C2F07F8000207D2000267529E0077D28012009
S3150101C3007A12000C712000017800000871200000EA
S3150101C310353F08217128E0001D293950312902656F
S3150101C320353F00087128E0005149114C7128E2207E
S3150101C330138A4ACC7D2000267529E0077D28012034
S3150101C3407A0100107128E220553F00607800003C17
S3150101C3507128E0005149114C71200000138A4ACD20
S3150101C3607D2000267529E0077D2801207A0100102C
S3150101C37071200000553F0060780000107128E0002F
S3150101C3805129114C553F0060507F00607120E10336
S3150101C3901C89943C7120E1031CA9942C483679FE31
S3150101C3A0D83B547F0068515F0068513F0060112AF4
S3150101C3B04AC0553F0068515F00587128E248138A07
S3150101C3C04ACC7D2000267529E0077D2801207A01C6
S3150101C3D000107128E248553F005878000028515F46
S3150101C3E0005871200000138A4ACD7D200026752947
S3150101C3F0E0077D2801207A01000C71200000553FDC
S3150101C4000058515F0068513F0058112A4AC1553FF2
S3150101C4100064515F006471200000138A4ACD7D20BA
S3150101C42000267529F7FF7529063F353F08F6313F85
S3150101C43000087529063F700998007F8000207D203C
S3150101C44000267529E0077D2801207A02002C313F5B
S3150101C45008F67529063F700998007F8000207D2026
S3150101C46000267529E0077D2801207A02000C71203A
S3150101C47000017800000871200000353F0008313FB6
S3150101C48008F67529063F700998007F8000207D20F6
S3150101C49000267529FFFF7529063F353F08F67128E4
S3150101C4A0E0001D29395051290168553F0068515F46
S3150101C4B000687128E36B138A4ACC7D200026752911
S3150101C4C0F7FF7529063F7D2A4B787128E00035492A
S3150101C4D012B6313F08F67529063F700998007F802B
S3150101C4E000207D2000267529E0077D2801207A128A
S3150101C4F000307128E000312912B67529063F70090D
S3150101C50098007F8000207D2000267529E0077D287F
S3150101C51001207A12000C71200001780000087120B7
S3150101C52000007529063F353F08F6313F08F67529A2
S3150101C530063F700998007F8000207D20002675291D
S3150101C540E0077D2801207A1200247128E0001D29C7
S3150101C5503950514901647127E423713AC70A112AF5
S3150101C5604AC0553F00687800000C71200000553F14
S3150101C5700068507F00687087E5CC7099C4CD78005A
S3150101C5809FE302327128E0001D29395055490164A2
S3150101C5907128E0001D293950514901647127E5CC03
S3150101C5A07139C4CD138A4ACC130A4ACE7FBDCB82D7
S3150101C5B07D2000267529F7FF7529063F7D2A4B78CF
S3150101C5C07128E000354912B67128E0001D2939505C
S3150101C5D0312902667529063F353F08F67128E000C3
S3150101C5E0312912B67529063F700998007F8000200E
S3150101C5F07D2000267529E0077D2801207A02002485
S3150101C600313F08F67529063F700998007F800020A1
S3150101C6107D2000267529E0077D2801207A12000C6C
S3150101C620712000017800000871200000752A063F7B
S3150101C6307128E000354912B6313F00087529063FD8
S3150101C640700998007F8000207D2000267529E0076A
S3150101C6507D2801207A0200307128E000312912B6C5
S3150101C6607529063F700998007F8000207D200026EC
S3150101C6707529E0077D2801207A02000C712000014D
S3150101C6807800000871200000752A063F7128E00034
S3150101C6901D293950354902657128E0001D29395096
S3150101C6A031290267752A063F7128E000354912B61C
S3150101C6B07128E0001D2939505129016C553F006847
S3150101C6C0507F00B079FE57910242023103130324D0
S3150101C6D070A7E78470AFC2E170C8E7AE70C2C47BD0
S3150101C6E079FE4EED02420231553F08F8555F08FCCD
S3150101C6F0513F08F8515F08FC0313032470A8E0AF0A
S3150101C7006515480679FE4EC9024202310313032417
S3150101C71079FE56FB0231553F0098507F0040509FEC
S3150101C720004470A7E7BA70A3C75870DAE0FA70D867
S3150101C730C68779FE4E9B02420231553F0900555F7C
S3150101C74009047128E0005149114C513F0030114A49
S3150101C7504AC87128E0005109114C7128E3AA110850
S3150101C7604AC87128E0005129114C11084AC871289B
S3150101C770E1797128C7A011084AC87128E3E61108B1
S3150101C7804AC97128E3DC11084AC97127E7CB713817
S3150101C790C6A811084AC97128E00011084AC97127BA
S3150101C7A0E7CB7138C6A811284AC0112A4AC9553F93
S3150101C7B0005C515F005C71200000138A4ACD7D2027
S3150101C7C000267529E0077D2801207A0100107137BD
S3150101C7D0E780553F006C78000060515F005C712075
S3150101C7E00000138A4ACC7D2000267529E0077D28A1
S3150101C7F001207A0100107127E780553F006C78000E
S3150101C8000038515F005C71200000138A4ACE7D20F9
S3150101C81000267529E0077D2801207A010010712083
S3150101C8200000553F006C780000107128E000512985
S3150101C8301108553F006C513F0900515F090403136B
S3150101C840032479FE55C902327128E0BC7125C0F66F
S3150101C850112952C9114902C4513F005C112902C46F
S3150101C8600323031478009CFD02327127E74C7139C9
S3150101C870C4CD114A4AC8513F006C112A4AC8553FD5
S3150101C880005C515F005C513F0068112A4AC1553F66
S3150101C890005C515F005C513F0098138A4ACC7D20B0
S3150101C8A000267529F7FF7529063F353F08F6313F01
S3150101C8B008F67529063F700998007F8000207D20C2
S3150101C8C000267529E0077D2801207A02007A513F69
S3150101C8D008F8515F08FC0313032470B8E0AF65152E
S3150101C8E0480679FE4CEB024202310313032479FE19
S3150101C8F0551D0231553F0098515F005C513F00982B
S3150101C900138A4ACD7D2000267529F7FF7529063F31
S3150101C910353F0008313F00087529063F7009980027
S3150101C9207F8000207D2000267529E0077D280120D2
S3150101C9307A12000C513F0098553F005C513F005C53
S3150101C940553F0098515F0098513F0068114A4AC00E
S3150101C9507128E0001D2939505549016C7128E00003
S3150101C9601D2939505129016C031379FE48370242B9
S3150101C970023103130324CE5FCF6F79FE4BED0242E1
S3150101C9800231553F0900555F0904513F0900515FC5
S3150101C99009041928C77F551F00C0555F00C4481CEB
S3150101C9A0507F00C0509F00C470A8E010480679FE70
S3150101C9B0511F0231700998007F8000207D200026D9
S3150101C9C07529E0077D2801207A110006480C77892F
S3150101C9D0063F353F08F6513F00381929C77F553FB4
S3150101C9E000C0513F003C553F00C4481C507F00C068
S3150101C9F0509F00C470A7E7F0480679FE50D3023173
S3150101CA00700998007F8000207D2000267529E007A6
S3150101CA107D2801207A110006480C7789063F353FAA
S3150101CA2000087128E0005149114C7128E000138A70
S3150101CA304ACC7D2000267529F7FF7529063F353F2A
S3150101CA400820313F08F67529063F700998007F8055
S3150101CA5000207D2000267529E0077D2801207A1214
S3150101CA60004C313F00087529063F700998007F8007
S3150101CA7000207D2000267529E0077D2801207A12F4
S3150101CA80002C313F08207529063F700998007F80E7
S3150101CA9000207D2000267529E0077D2801207A12D4
S3150101CAA0000C712000017800000871200000752931
S3150101CAB0063F353F08F67128E000312912B675297E
S3150101CAC0063F700998007F8000207D200026752988
S3150101CAD0E0077D2801207A02002C313F08F67529ED
S3150101CAE0063F700998007F8000207D200026752968
S3150101CAF0E0077D2801207A02000C712000017800EF
S3150101CB00000871200000752A063F7128E0003549A9
S3150101CB1012B6513F0900515F09041928C77F551FF4
S3150101CB2000C0555F00C4481C507F00C0509F00C41F
S3150101CB3070A8E008480679FE506F02317009980025
S3150101CB407F8000207D2000267529E0077D280120B0
S3150101CB507A100006480C7789063F353F0820481CA4
S3150101CB60507F0040509F004470B8E014480679FE9A
S3150101CB7050370231700998007F8000207D20002600
S3150101CB807529E0077D2801207A100006480C77896E
S3150101CB90063F353F08F6313F08207529063F7009E2
S3150101CBA098007F8000207D2000267529E0077D28D9
S3150101CBB001207A020024313F08F67529063F7009E2
S3150101CBC098007F8000207D2000267529E0077D28B9
S3150101CBD001207A12000C71200001780000087120F1
S3150101CBE00000353F0820313F08207529063F7009AD
S3150101CBF098007F8000207D2000267529E0077D2889
S3150101CC0001207A1200247128E0001D293950514969
S3150101CC1001707127E423713AC70A112A4AC0553FA7
S3150101CC2000987800000C71200000553F0098507F54
S3150101CC3000987087E7807800992B02327128E0000D
S3150101CC401D293950554901707128E0001D293950B6
S3150101CC50514901707127E780138A4ACC130A4ACEDA
S3150101CC607FBDCB827D2000267529F7FF7529063FF9
S3150101CC70353F08207128E000312912B67529063F92
S3150101CC80700998007F8000207D2000267529E00724
S3150101CC907D2801207A02002C313F08207529063FA3
S3150101CCA0700998007F8000207D2000267529E00704
S3150101CCB07D2801207A02000C71200001780000080C
S3150101CCC071200000752A063F7128E0001D2939509F
S3150101CCD0354902677128E0001D2939503129026859
S3150101CCE0353F08207128E0005149114C7128E22095
S3150101CCF0138A4ACC7D2000267529E0077D2801206B
S3150101CD007A0100107128E220553F00987800003C15
S3150101CD107128E0005149114C71200000138A4ACD56
S3150101CD207D2000267529E0077D2801207A01001062
S3150101CD3071200000553F0098780000107128E0002D
S3150101CD405129114C553F0098507F00987120E103FC
S3150101CD501C89943C7120E1031CA9942C483679FE67
S3150101CD60CE7B547F0068515F0068513F0098112ABC
S3150101CD704AC0553F0068515F00A4513F00A8112ADE
S3150101CD804AC0553F005C515F005C7127E700112ADB
S3150101CD904AC8553F005C515F005C71200000138A4F
S3150101CDA04ACD7D2000267529E0077D2801207A01DB
S3150101CDB0000C71200000553F005C515F0068513F36
S3150101CDC0005C112A4AC1553F00A4515F00A471209C
S3150101CDD00000138A4ACD7D2000267529F7FF7529A2
S3150101CDE0063F7D2A4B787128E000354912B6313F5D
S3150101CDF008207529063F700998007F8000207D2053
S3150101CE0000267529E0077D2801207A020030712864
S3150101CE10E000312912B67529063F700998007F8015
S3150101CE2000207D2000267529E0077D2801207A0250
S3150101CE30000C712000017800000871200000353FC7
S3150101CE4008207128E000312912B67529063F7009BB
S3150101CE5098007F8000207D2000267529FFFF752916
S3150101CE60063F7D2A4B787128E000354912B67128B3
S3150101CE70E0001D29395051290178553F0068515F5C
S3150101CE8000687128E36B138A4ACC7D200026752937
S3150101CE90F7FF7529063F353F08F67128E00031296C
S3150101CEA012B67529063F700998007F8000207D2002
S3150101CEB000267529E0077D2801207A12002C313FD1
S3150101CEC008F67529063F700998007F8000207D20AC
S3150101CED000267529E0077D2801207A12000C7120B0
S3150101CEE000017800000871200000752A063F7128AB
S3150101CEF0E000354912B67128E000312912B67529CB
S3150101CF00063F700998007F8000207D200026752943
S3150101CF10E0077D2801207A1200247128E0001D29ED
S3150101CF203950514901747127E423713AC70A112A0B
S3150101CF304AC0553F00687800000C71200000553F3A
S3150101CF400068507F00687087E5CC7099C4CD780080
S3150101CF50961302327128E0001D2939505549017491
S3150101CF607128E0001D293950514901747127E5CC19
S3150101CF707139C4CD138A4ACC130A4ACE7FBDCB82FD
S3150101CF807D2000267529F7FF7529063F7D2A4B78F5
S3150101CF907128E000354912B67128E0001D29395082
S3150101CFA0312902697529063F353F08F67128E000E6
S3150101CFB0312912B67529063F700998007F80002034
S3150101CFC07D2000267529E0077D2801207A020024AB
S3150101CFD0313F08F67529063F700998007F800020C8
S3150101CFE07D2000267529E0077D2801207A12000C93
S3150101CFF0712000017800000871200000752A063FA2
S3150101D0007128E000354912B6313F08207529063FDE
S3150101D010700998007F8000207D2000267529E00790
S3150101D0207D2801207A0200307128E000312912B6EB
S3150101D0307529063F700998007F8000207D20002612
S3150101D0407529E0077D2801207A02000C7120000173
S3150101D0507800000871200000752A063F7128E0005A
S3150101D0601D29395035490268515F005C7120000064
S3150101D070138A4ACC7D2000267529F7FF7529063FBB
S3150101D080353F0820513F0030112902C4553F006840
S3150101D090515F00687128E1A0138A4ACD130A4ACE6D
S3150101D0A07FBDCB827D2000267529F7FF7529063FB5
S3150101D0B07D2A4B787128E000354912B6313F0820A7
S3150101D0C07529063F700998007F8000207D20002682
S3150101D0D07529E0077D2801207A1200307128E000C8
S3150101D0E0312912B67529063F700998007F80002003
S3150101D0F07D2000267529E0077D2801207A12000C82
S3150101D100712000017800000871200000353F0820D8
S3150101D1107128E0001D293950312902687529063F18
S3150101D120700998007F8000207D2000267529E0077F
S3150101D1307D2801207A12002C313F08207529063FEE
S3150101D140700998007F8000207D2000267529E0075F
S3150101D1507D2801207A12000C712000017800000857
S3150101D16071200000353F00087128E0001D29395062
S3150101D1703129026A353F08207128E0005149114CD5
S3150101D1807128E220138A4ACC7D2000267529E00701
S3150101D1907D2801207A0100107128E220553F00689F
S3150101D1A07800003C7128E0005149114C71200000C2
S3150101D1B0138A4ACD7D2000267529E0077D280120A5
S3150101D1C07A01001071200000553F006878000010B7
S3150101D1D07128E0005129114C553F0068507F0068C4
S3150101D1E07120E1031C89943C7120E1031CA9942C53
S3150101D1F0483679FEC9E7547F009C515F009C513F37
S3150101D2000068112A4AC0553F009C515F002C7120CC
S3150101D2100000138A4ACD7D2000267529E0077D2865
S3150101D22001207A01000C71200000553F002C515F4D
S3150101D230009C513F002C112A4AC1553F00A8515F5C
S3150101D24000A871200000138A4ACD7D200026752988
S3150101D250F7FF7529063F7D2A4B787128E00035498C
S3150101D26012B6313F08207529063F700998007F8063
S3150101D27000207D2000267529E0077D2801207A02FC
S3150101D28000307128E000312912B67529063F70096F
S3150101D29098007F8000207D2000267529E0077D28E2
S3150101D2A001207A02000C712000017800000871202A
S3150101D2B00000353F08207128E000312912B6752991
S3150101D2C0063F700998007F8000207D200026752980
S3150101D2D0FFFF7529063F7D2A4B787128E000354904
S3150101D2E012B67128E0001D29395051290180553F97
S3150101D2F0009C515F009C7128E36B138A4ACC7D2007
S3150101D30000267529F7FF7529063F353F08F671286D
S3150101D310E000312912B67529063F700998007F8010
S3150101D32000207D2000267529E0077D2801207A123B
S3150101D330002C313F08F67529063F700998007F8058
S3150101D34000207D2000267529E0077D2801207A121B
S3150101D350000C712000017800000871200000752A77
S3150101D360063F7128E000354912B67128E0003129DE
S3150101D37012B67529063F700998007F8000207D202D
S3150101D38000267529E0077D2801207A1200247128DB
S3150101D390E0001D2939505149017C7127E423713A75
S3150101D3A0C70A112A4AC0553F009C7800000C71201A
S3150101D3B00000553F009C507F009C7087E5CC709919
S3150101D3C0C4CD7800919F02327128E0001D293950A0
S3150101D3D05549017C7128E0001D2939505149017CCB
S3150101D3E07127E5CC7139C4CD138A4ACC130A4ACEC9
S3150101D3F07FBDCB827D2000267529F7FF7529063F62
S3150101D4007D2A4B787128E000354912B67128E00072
S3150101D4101D2939503129026B7529063F353F08F619
S3150101D4207128E000312912B67529063F7009980065
S3150101D4307F8000207D2000267529E0077D280120B7
S3150101D4407A020024313F08F67529063F70099800D2
S3150101D4507F8000207D2000267529E0077D28012097
S3150101D4607A12000C71200001780000087120000079
S3150101D470752A063F7128E000354912B6313F082069
S3150101D4807529063F700998007F8000207D200026BE
S3150101D4907529E0077D2801207A0200307128E00014
S3150101D4A0312912B67529063F700998007F8000203F
S3150101D4B07D2000267529E0077D2801207A02000CCE
S3150101D4C0712000017800000871200000752A063FCD
S3150101D4D07128E0001D2939503549026A7128E00099
S3150101D4E01D293950512902581929C310700998006B
S3150101D4F07F8000207D2000267529E0077D280120F7
S3150101D5007A0200FC7128E0001D293950314902587F
S3150101D510194AD010354902587128E0001D49395080
S3150101D520512A0254710000037509931A552A0254AE
S3150101D530507F0040509F004450BF004050DF0044DF
S3150101D54079FE408D02420231032E031D507F0050A8
S3150101D550509F005450BF005050DF005479FE407176
S3150101D5600242023101D301E40315032679FE3FA1EB
S3150101D570024202317108E0001D0839505528009810
S3150101D5805548009C7128E0001D2939505149009CDC
S3150101D590512900980313032478009871024202313C
S3150101D5A07108E0001D083950552800985548009C1E
S3150101D5B07128E0001D493950512A025471000003B6
S3150101D5C07509839E552A02547128E0001D49395077
S3150101D5D0512A02547100000175097422552A025417
S3150101D5E07128E0001D493950512A02547100000188
S3150101D5F0750964A6552A0254780007807128E0004E
S3150101D6001D293950512902547D2994701929C003C4
S3150101D6107529063F700998017F8000207D4000260B
S3150101D620754AE0077D4801207A12002070099802A7
S3150101D6307F8000207D2000267529E0077D280120B5
S3150101D6407A120024780001147128E0001D093CD8E2
S3150101D6507120000071400000552802D8554802DCAE
S3150101D660780001427128E0001D093CD87127E7F0D5
S3150101D67071400000552802D8554802DCCE3FCF4FF4
S3150101D68070A8E049480679FE44B302317009980051
S3150101D6907F8000207D2000267529E0077D28012055
S3150101D6A07A000068507F0050509F005470A8E01422
S3150101D6B0480679FE44870231700998007F8000206F
S3150101D6C07D2000267529E0077D2801207A00003C8E
S3150101D6D07128E0001D2939505149009C51290098B2
S3150101D6E00313032470A8E014480679FE444F02315E
S3150101D6F0700998007F8000207D2000267529E007AA
S3150101D7007D2801207A10000C7120000178000008A3
S3150101D71071200000353F015A313F015A7529063FF3
S3150101D720700998007F8000207D2000267529E00779
S3150101D7307D2801207A1200207128E0001D49395007
S3150101D740512A0254710000037509931A552A02548C
S3150101D750780000527800004E7128E0001D493950C9
S3150101D760512A0254710000017509931A552A02546E
S3150101D7707128E0001D093CD87120000071400000AC
S3150101D780552802D8554802DC7128E0001D09395097
S3150101D7907120000071400000552800A0554800A4E1
S3150101D7A04400513F0050193DC77F53DF005401D357
S3150101D7B001E470A7E7E0480679FE431502317009D5
S3150101D7C098007F8000207D2000267529E0077D28AD
S3150101D7D001207A010064507F0040509F004450BFF0
S3150101D7E0005050DF005479FE4063024202310313B7
S3150101D7F0032478008E43024202310313032470A8E5
S3150101D800E0666505480679FE3DC70242023103130A
S3150101D810032470A8E00970A4C1FB70CAE44470C571
S3150101D820C51879FE402702420231553F08F8555F76
S3150101D83008FC780000147120000071400000553F7A
S3150101D84008F8555F08FC507F0040509F004450BFC7
S3150101D850004050DF004479FE3D7702420231032E3A
S3150101D860031D507F0050509F005450BF005050DFA0
S3150101D870005479FE3D5B0242023101D301E40315F5
S3150101D880032679FE3C8B024202317108E0001D0834
S3150101D8903950552800985548009C7128E0001D29EA
S3150101D8A039505149009C51290098031303247800EA
S3150101D8B0955B024202317108E0001D083950552875
S3150101D8C000985548009C7128E0001D2939505129BD
S3150101D8D002547D2984701929C0037529063F7009EF
S3150101D8E098017F8000207D400026754AE0077D482A
S3150101D8F001207A120020700998027F8000207D2084
S3150101D90000267529E0077D2801207A1202AC7800EC
S3150101D910014A7128E0001D293950514900A45129B4
S3150101D92000A0031303244805480679FE40CB0231C2
S3150101D930700998007F8000207D2000267529E00767
S3150101D9407D2801207A1200C4CE3FCF4F70A8E03E58
S3150101D950480679FE417B0231700998007F800020DB
S3150101D9607D2000267529E0077D2801207A11009C7A
S3150101D970513F08F8515F08FC0313032470A8E03EE8
S3150101D980480679FE414B0231700998007F800020DB
S3150101D9907D2000267529E0077D2801207A11006C7A
S3150101D9A0513F08F8515F08FC0313032470B8E03EA8
S3150101D9B0480679FE411B0231700998007F800020DB
S3150101D9C07D2000267529E0077D2801207A11003C7A
S3150101D9D07128E0001D2939505149009C51290098AF
S3150101D9E00313032470A8E008480679FE40E30231D7
S3150101D9F0700998007F8000207D2000267529E007A7
S3150101DA007D2801207A01000C7120000178000008AF
S3150101DA1071200000353F015A313F015A7529063FF0
S3150101DA20700998007F8000207D2000267529E00776
S3150101DA307D2801207A1200207128E0001D49395004
S3150101DA40512A0254710000037509839E552A025415
S3150101DA5078000168780001647128E0001D293950B8
S3150101DA60514900A4512900A003130324480548067E
S3150101DA7079FE3F850231700998007F8000207D2063
S3150101DA8000267529E0077D2801207A1200C4CE3FC0
S3150101DA90CF4F70A8E03E480679FE40350231700944
S3150101DAA098007F8000207D2000267529E0077D28CA
S3150101DAB001207A11009C513F08F8515F08FC0313BC
S3150101DAC0032470A8E03E480679FE4005023170093B
S3150101DAD098007F8000207D2000267529E0077D289A
S3150101DAE001207A11006C513F08F8515F08FC0313BC
S3150101DAF0032470B8E03E480679FE3FD5023170092C
S3150101DB0098007F8000207D2000267529E0077D2869
S3150101DB1001207A11003C7128E0001D293950514933
S3150101DB20009C512900980313032470A8E0084806B4
S3150101DB3079FE3F9D0231700998007F8000207D208A
S3150101DB4000267529E0077D2801207A01000C712044
S3150101DB5000017800000871200000353F015A313F6C
S3150101DB60015A7529063F700998007F8000207D20A2
S3150101DB7000267529E0077D2801207A1200387128CF
S3150101DB80E0001D493950512A0254710000027509FC
S3150101DB90839E552A02547128E0001D093CD8712043
S3150101DBA0000071400000552802E0554802E4780062
S3150101DBB0000A7800000644007128E0001D29395049
S3150101DBC0512902547D2974701929C0037529063F0B
S3150101DBD0700998017F8000207D400026754AE00783
S3150101DBE07D4801207A120020700998027F80002069
S3150101DBF07D2000267529E0077D2801207A12007013
S3150101DC00780000387128E0001D493950512A025423
S3150101DC107100000275097422552A02547128E00027
S3150101DC201D093CD87120000071400000552802E011
S3150101DC30554802E47800003A7128E0001D4939503F
S3150101DC40512A02547100000275097422552A02549F
S3150101DC507128E0001D093CD87120000071400000C7
S3150101DC60552802E0554802E478000006440071286F
S3150101DC70E0001D293950512902547D296470192961
S3150101DC80C0037529063F700998017F8000207D40F8
S3150101DC900026754AE0077D4801207A1200207009A5
S3150101DCA098027F8000207D2000267529E0077D28C6
S3150101DCB001207A12003C780000547128E0001D49C8
S3150101DCC03950512A025471000002750964A6552A78
S3150101DCD002547128E0001D093CD8712000007140F1
S3150101DCE00000552802E8554802EC7800008E71289B
S3150101DCF0E0001D093CD87120000071400000552843
S3150101DD0002E8554802EC780000727128E0001D090D
S3150101DD103CD87127E7F071400000552802E85548C3
S3150101DD2002EC7128E0001D2939505149009C512905
S3150101DD3000980313032470A8E014480679FE3D9167
S3150101DD400231700998007F8000207D200026752907
S3150101DD50E0077D2801207A1100087800001C71284E
S3150101DD60E0001D493950512A02547100000175091B
S3150101DD7064A6552A02544400513F0908515F090C12
S3150101DD807067E7F048040315032679FE37DD024281
S3150101DD900231553F00C0555F00C4507F00C0509FFE
S3150101DDA000C470A8E049480679FE382502420231CD
S3150101DDB0553F0048555F004C507F0048509F004C2D
S3150101DDC070A8E0C218A5D1A7480679FE3803024218
S3150101DDD00231553F00C0555F00C47128E0001D297D
S3150101DDE011F051490004512900000313032470A8BD
S3150101DDF0E024480679FE371902420231553F0048AF
S3150101DE00555F004C507F0048509F004C70A7E7F0CA
S3150101DE1048067800865B02420231553F0908555F83
S3150101DE20090C513F0908515F090C507F00C0509FF1
S3150101DE3000C40315032679FE3A1302420231553F06
S3150101DE4000C0555F00C47128E0001D2939505149B0
S3150101DE50005451290050553F0908555F090C712895
S3150101DE60E0001D2939505149005C51290058553F9F
S3150101DE700048555F004C507F00B079FE3FDB0242FE
S3150101DE8002310313032470A7E78470AFC2E170C89E
S3150101DE90E7AE70C2C47B79FE373702420231553F84
S3150101DEA008F8555F08FC513F08F8515F08FC031358
S3150101DEB0032470A8E09F6515480679FE37130242CF
S3150101DEC00231553F0020555F0024507F0050509F7D
S3150101DED0005479FE3F3902327128E3AA114A4AC830
S3150101DEE07127E694712FC2E1114A4AC87127E79950
S3150101DEF07133C19A112A4AC97148E4D0194AD140EC
S3150101DF00114A4AC17127E7057134C0CD13CA4AC8FE
S3150101DF10507F0040509F004479FE3EF30232712842
S3150101DF20E32A114A4AC87127E694712FC2E1114ABF
S3150101DF304AC87127E7CB7138C6A8112A4AC9113EC9
S3150101DF404AC1553F0074507F0050509F005479FEDD
S3150101DF503EBD02327128E3AA114A4AC87127E694E5
S3150101DF60712FC2E1114A4AC87127E7997133C19AE2
S3150101DF70114A4AC97128E4D01929D140114A4AC026
S3150101DF807127E7057134C0CD13CA4AC8507F0040D5
S3150101DF90509F004479FE3E7702327128E32A114AE5
S3150101DFA04AC87127E694712FC2E1114A4AC87127FD
S3150101DFB0E7CB7138C6A8112A4AC9113E4AC1553F54
S3150101DFC000AC507F0050509F005479FE3E41023211
S3150101DFD07128E3AA114A4AC87127E694712FC2E151
S3150101DFE0114A4AC87127E7997133C19A112A4AC957
S3150101DFF07148E4D0194AD140114A4AC17127E7054E
S3150101E0007134C0CD13CA4AC8507F0040509F0044A5
S3150101E01079FE3DFB02327128E32A114A4AC871276A
S3150101E020E694712FC2E1114A4AC87127E7CB7138CB
S3150101E030C6A8112A4AC9113E4AC0553F00A0507FC0
S3150101E0400050509F005479FE3DC502327128E3AA62
S3150101E050114A4AC87127E694712FC2E1114A4AC889
S3150101E0607127E7997133C19A114A4AC97128E4D0D6
S3150101E0701929D140114A4AC07127E7057134C0CD2A
S3150101E08013CA4AC8507F0040509F004479FE3D7F24
S3150101E09002327128E32A114A4AC87127E694712F7F
S3150101E0A0C2E1114A4AC87127E7CB7138C6A8112ABC
S3150101E0B04AC9113E4AC0553F00707128E0001D2929
S3150101E0C011605149000451290000031303247120F1
S3150101E0D0E1031CA98CB87120E1031CC98C184937CD
S3150101E0E079FEB799DE3FDF4F7128E0001D2912D86D
S3150101E0F05149000451290000031303247120E1034E
S3150101E1001CA98CB87120E1031CC98C18493779FE09
S3150101E110B76B547F0040549F00447128E0001D29CC
S3150101E12011F0514900045129000003130324712000
S3150101E130E1031CA98A687120E1031CC98D5849A70D
S3150101E14079FEB739D43FD54F507F0050509F0054C7
S3150101E15070A7E7BA70A3C75870DAE0FA70D8C68714
S3150101E16079FE346D02420231553F0050555F00542C
S3150101E170515F00747127E740112A4AC8553F006C67
S3150101E180507F0050509F005479FE3C830232513F2B
S3150101E1900074114A4AC87128E11C7139C4CD112A8A
S3150101E1A04AC9553F0074515F00AC7127E740112AF6
S3150101E1B04AC8553F0078507F0050509F005479FE60
S3150101E1C03C4D0232513F00AC114A4AC87128E11C4B
S3150101E1D07139C4CD112A4AC9553F0830515F00A092
S3150101E1E07127E740112A4AC8553F00AC507F0050BC
S3150101E1F0509F005479FE3C170232513F00A0114A4B
S3150101E2004AC87128E11C7139C4CD112A4AC9553F41
S3150101E21000A0515F00707127E740112A4AC8553F96
S3150101E220009C507F0050509F005479FE3BE1023221
S3150101E230513F0070114A4AC87128E11C7139C4CD98
S3150101E240112A4AC9553F0834515F0078513F007878
S3150101E250114A4AC8511F0830513F083011284AC88E
S3150101E260112A4AC1031378008BA702327127E64CA2
S3150101E2707139C4CD114A4AC87128E136712CC66675
S3150101E28013CA4AC9507F0040509F004479FE3B7F23
S3150101E290023101E30314780082CB547F0070515F90
S3150101E2A0006C513F006C114A4AC8511F0074513F1D
S3150101E2B0007411284AC8112A4AC1031378008B51E7
S3150101E2C002327127E64C7139C4CD114A4AC8712807
S3150101E2D0E136712CC66613CA4AC9CE3FCF4F79FEC4
S3150101E2E03B2D023101E3031478008279547F006CDE
S3150101E2F0515F009C513F009C114A4AC8511F083485
S3150101E300513F083411284AC8112A4AC1031378001A
S3150101E3108AFF013E515F00AC513F00AC114A4AC828
S3150101E320511F00A0513F00A011284AC8112A4AC114
S3150101E330031378008ADB023101E303147800822595
S3150101E34002327127E64C7139C4CD114A4AC8712886
S3150101E350E0597133C19A13CA4AC9C43FC54F79FEFF
S3150101E3603AAD023101E30314780081F9547F007457
S3150101E370515F00747127E7737126C333112A4AC8A5
S3150101E380553F009C7128E0005149114C7128E06606
S3150101E390712CC666112A4AC8553F0074313F0821BE
S3150101E3A07529063F700998007F8000207D2000268F
S3150101E3B07529E0077D2801207A12003C507F00CCA7
S3150101E3C0509F00747120E1031CA993AC7120E103F4
S3150101E3D01CC993D87120E1031CE990107120E10356
S3150101E3E01D0996C87120000B79FEB9CB547F0074C3
S3150101E3F078000038507F00CC509F00747120E103F2
S3150101E4001CA993AC7120E1031CC993D87120E103C6
S3150101E4101CE990107120E1031D0996C87120000BBA
S3150101E42079FEB993547F0074515F006C7127E773CC
S3150101E4307126C333112A4AC8553F00AC515F00709A
S3150101E4407127E7737126C333112A4AC8553F0070F4
S3150101E450507F0070509F00AC78008109547F0834C9
S3150101E460515F0834513F009C112A4AC9553F007832
S3150101E4707128E0001D29395051290184553F00A019
S3150101E480507F00B079FE39D10242023103130324D0
S3150101E49070A7E78470AFC2E170C8E7AE70C2C47BF2
S3150101E4A079FE312D02420231553F0838555F083C4C
S3150101E4B0507F0838509F083C70A8E010480679FE45
S3150101E4C0310F024202310313032479FE394102312C
S3150101E4D0553F00CC513F0030112902C4553F006C14
S3150101E4E07128E0005129114C507F006C03147120F1
S3150101E4F0E1031CA994D87120E1031CC994EC712094
S3150101E500E1031CE9944C7120E1031D0996D07120A8
S3150101E510000579FEB8A1547F006C515F006C513F33
S3150101E52000A0112A4AC1553F006C515F006C513F51
S3150101E53000CC138A4ACC7D2000267529F7FF75295F
S3150101E540063F353F0820313F08207529063F7009EE
S3150101E55098007F8000207D2000267529E0077D280F
S3150101E56001207A020074507F0838509F083C70B828
S3150101E570E010480679FE30590242023103130324A1
S3150101E58079FE388B0231553F00CC515F006C513F0A
S3150101E59000CC138A4ACD7D2000267529F7FF7529FE
S3150101E5A0063F353F0822313F08227529063F70098A
S3150101E5B098007F8000207D2000267529E0077D28AF
S3150101E5C001207A12000C513F00CC553F006C513F9E
S3150101E5D0006C553F00CC515F00CC513F00A0114A60
S3150101E5E04AC07128E0001D29395055490184712815
S3150101E5F0E0001D29395051290184515F0078112A02
S3150101E6004AC0553F0078515F00787127E73371267B
S3150101E610C333138A4ACC7D2000267529E0077D285C
S3150101E62001207A0100147127E7337126C333553F5F
S3150101E630007878000030515F00787127E5CC713997
S3150101E640C4CD138A4ACD7D2000267529E0077D2890
S3150101E65001207A0100107127E5CC7139C4CD553FEE
S3150101E6600078507F007879FE2B3B024202317067B8
S3150101E670E7F048040315032679FE2EEF0242023123
S3150101E680553F0090555F0094507F007479FE2B151C
S3150101E690024202310313032450BF009050DF00945C
S3150101E6A079FE2F2D02420231553F0080555F0084CC
S3150101E6B0507F009C79FE2AED02420231481E031366
S3150101E6C0032450BF008050DF008479FE34DB023120
S3150101E6D0700998007F8000207D2000267529E007BA
S3150101E6E07D2801207A100006480E77C9063F353F7D
S3150101E6F00820313F08207529063F700998007F805F
S3150101E70000207D2000267529E0077D2801207A1247
S3150101E710001C507F009C79FE2A8B02420231553F33
S3150101E7200090555F00947800007E481E507F00805E
S3150101E730509F00844805480679FE346D02317009FF
S3150101E74098007F8000207D2000267529E0077D281D
S3150101E75001207A100006480E77C9063F353F082287
S3150101E760313F08227529063F700998007F800020F4
S3150101E7707D2000267529E0077D2801207A120018DF
S3150101E7807120000071400000553F0090555F0094D3
S3150101E79078000014513F0080515F0084553F00907D
S3150101E7A0555F00947128E0001D29395051490064D3
S3150101E7B051290060553F0088555F008C507F00B09C
S3150101E7C079FE3695024202310313032470A7E784C9
S3150101E7D070AFC2E170C8E7AE70C2C47B79FE2DF19C
S3150101E7E002420231553F0838555F083C507F0838CF
S3150101E7F0509F083C70A8E08F6515480679FE2DD11A
S3150101E80002420231553F0010555F0014515F0078F5
S3150101E8107127E700112A4AC8553F0078515F0078F0
S3150101E820513F0074112A4AC8553F0078515F00785B
S3150101E8307127E74C7139C4CD112A4AC8553F0830B1
S3150101E840513F0908515F090C031303244805480682
S3150101E85079FE32110231700998007F8000207D20F6
S3150101E86000267529E0077D2801207A1200347128D6
S3150101E870E0001D293950312902677529063F7009C2
S3150101E88098007F8000207D2000267529E0077D28DC
S3150101E89001207A12000C7120000178000008712014
S3150101E8A00000353F0820313F08207529063F7009D0
S3150101E8B098007F8000207D2000267529E0077D28AC
S3150101E8C001207A0200147120000071400000553FB9
S3150101E8D00900555F0904513F0900515F09040313FA
S3150101E8E003240315032679FE2C2702420231553FE3
S3150101E8F00018555F001C7128E0001D293950512966
S3150101E9000188553F006C515F006C513F0030112A5F
S3150101E9104AC8553F006C515F006C71200000138A93
S3150101E9204ACD130A4ACE7FBDCB827D2000267529A9
S3150101E930F7FF7529063F353F08207128E0001D299B
S3150101E94039505149006C51290068553F0050555FB6
S3150101E9500054313F08207529063F700998007F80D0
S3150101E96000207D2000267529E0077D2801207A12E5
S3150101E97000147120000071400000553F0050555FA1
S3150101E9800054513F0900515F0904553F0038555F55
S3150101E990003C7128E0001D29395051490074512963
S3150101E9A00070553F0900555F0904507F0050509F83
S3150101E9B00054CE5FCF6F79FE2B5702420231031706
S3150101E9C07D485378513F0900515F090401730304DE
S3150101E9D00315032679FE2B93024202317108E000E9
S3150101E9E01D083950552800685548006C7128E0000A
S3150101E9F05129114C7148E0AD7159C1C5114A4AC934
S3150101EA007128E0005129114C7117E7AD7105C52D2A
S3150101EA1011284AC9114A4AC87128E0005129114CE5
S3150101EA207117E53B7116C16911084AC97128E000E0
S3150101EA305129114C11084AC97127E78011084AC1A8
S3150101EA407128E055712BC6B211284AC8114A4AC02C
S3150101EA507128E2D2114A4AC8513F0030114A4AC8C7
S3150101EA607128E0005129114C7107E7AD7105C52DDA
S3150101EA7011084AC97128E2D211084AC8513F002832
S3150101EA8011284AC8114A4AC07128E0005129114C7E
S3150101EA907117E53B7116C16911084AC97128E00070
S3150101EAA05129114C11084AC97127E78011284AC118
S3150101EAB0114A4AC97128E2C8112A4AC9553F002893
S3150101EAC07128E0001D2939503129026C353F082092
S3150101EAD0313F08207529063F700998007F80002083
S3150101EAE07D2000267529FFFF7529063F353F082040
S3150101EAF0313F08207529063F700998007F80002063
S3150101EB007D2000267529E0077D2801207A1200441F
S3150101EB107128E0001D293950312902677529063FFF
S3150101EB20700998007F8000207D2000267529E00765
S3150101EB307D2801207A02000C71200000553F002832
S3150101EB407128E0001D293950515F00285549018C72
S3150101EB507128E0001D2939505149006C512900687D
S3150101EB6003130324C65FC76F79FE29A50242023149
S3150101EB70032E031D7128E0001D2939505129018CED
S3150101EB80031379FE261F0242023101D301E4031563
S3150101EB90032679FE297B02420231553F0900555F61
S3150101EBA00904513F0900515F09040313032470A8A5
S3150101EBB0E0B318A5D188480679FE2F1502317009EF
S3150101EBC098007F8000207D2000267529E0077D2899
S3150101EBD001207A01001C7128E0B31929D1887140FD
S3150101EBE00000553F0038555F003C78000060513FF9
S3150101EBF00900515F09040313032470B8E0B318A592
S3150101EC00D188480679FE2FA10231700998007F80CB
S3150101EC1000207D2000267529E0077D2801207A0044
S3150101EC20001C7138E0B31929D18871400000553FA4
S3150101EC300038555F003C78000014513F0900515FCF
S3150101EC400904553F0038555F003C515F00C87127E3
S3150101EC50E48E713FC235112A4AC8553F006C507F77
S3150101EC60006C78007ED9547F006C515F006C71276E
S3150101EC70E7997133C19A112A4AC8553F006C714807
S3150101EC80E2B4513F00C8112A4AC1553F00CC515F38
S3150101EC9000CC7127E48E713FC235112A4AC8553F0E
S3150101ECA000CC507F00CC78007E95547F00CC515F1B
S3150101ECB000CC7127E7C2713AC0E5112A4AC8553F0E
S3150101ECC000CC515F006C513F00CC112A4AC0553F1F
S3150101ECD0006C507F006C79FE24CB02420231CE3F9B
S3150101ECE0CF4F0315032679FE2B6302420231553FAD
S3150101ECF00050555F0054507F0050509F005470A73B
S3150101ED00E7C970B3C19970D3E19970D3C19A79FEFC
S3150101ED1028BF02420231553F0050555F0054507FD2
S3150101ED20083079FE247F02420231481E031303246F
S3150101ED3050BF005050DF005479FE2E6D023170092B
S3150101ED4098007F8000207D2000267529E0077D2817
S3150101ED5001207A100006480E77C9063F353F082083
S3150101ED60313F08207529063F700998007F800020F0
S3150101ED707D2000267529E0077D2801207A12001CD5
S3150101ED80507F083079FE241D02420231553F005061
S3150101ED90555F005478000086513F0830112902C69B
S3150101EDA0553F0028507F002879FE23F9024202319E
S3150101EDB0481E0313032450BF005050DF005479FE4F
S3150101EDC02D0F0231700998007F8000207D200026D9
S3150101EDD07529E0077D2801207A110006480E77C9B9
S3150101EDE0063F353F0822313F08227529063F700942
S3150101EDF098007F8000207D2000267529E0077D2867
S3150101EE0001207A120018507F002879FE23970242C9
S3150101EE100231553F0050555F0054507F007879FE0D
S3150101EE202383024202310313032450BF005050DFF2
S3150101EE30005479FE26DB02420231553F0040555FFF
S3150101EE400044507F083479FE235B024202310313E9
S3150101EE50032450BF004050DF004479FE270D0242D2
S3150101EE600231553F0050555F0054481E507F0050F6
S3150101EE70509F00544805480679FE2D2D023170092F
S3150101EE8098007F8000207D2000267529E0077D28D6
S3150101EE9001207A100006480E77C9063F353F082240
S3150101EEA0507F009C79FE22FD0242023103130324A5
S3150101EEB050BF008050DF008479FE26AF0242023145
S3150101EEC0553F0080555F0084481E507F0080509F4A
S3150101EED000844805480679FE2CCF02317009980055
S3150101EEE07F8000207D2000267529E0077D280120ED
S3150101EEF07A100006480E77C9063F353F015A313F60
S3150101EF0008227529063F700998007F8000207D201F
S3150101EF1000267529E0077D2801207A12002C313F50
S3150101EF20015A7529063F700998007F8000207D20CE
S3150101EF3000267529E0077D2801207A12000C71202F
S3150101EF4000017800000871200000353F0820712872
S3150101EF50E0001D293950312902677529063F7009DB
S3150101EF6098007F8000207D2000267529E0077D28F5
S3150101EF7001207A020024313F08207529063F7009D4
S3150101EF8098007F8000207D2000267529E0077D28D5
S3150101EF9001207A12000C712000017800000871200D
S3150101EFA00000353F0820313F08207529063F7009C9
S3150101EFB098007F8000207D2000267529E0077D28A5
S3150101EFC001207A1200187120000071400000553F9E
S3150101EFD00050555F005478000054313F015A75299C
S3150101EFE0063F700998007F8000207D200026752943
S3150101EFF0FFFF7529063F353F0820313F0820752956
S3150101F000063F700998007F8000207D200026752922
S3150101F010E0077D2801207A02001471200000714069
S3150101F0200000553F0050555F0054513F00501929CA
S3150101F030E380553F0050513F0054553F0054507FE6
S3150101F0400050509F005470A8E059480679FE2A8164
S3150101F0500231700998007F8000207D2000267529E4
S3150101F060E0077D2801207A0100187128E0597140D5
S3150101F0700000553F0050555F00547800003E507F17
S3150101F0800050509F00544805480679FE2B1B02315A
S3150101F090700998007F8000207D2000267529E007F0
S3150101F0A07D2801207A0000147120000071400000C2
S3150101F0B0553F0050555F0054507F0050509F0054FA
S3150101F0C050BF008850DF008C79FE249F0242023135
S3150101F0D0553F0050555F0054481E507F0050509FC8
S3150101F0E00054C45FC56F79FE29E7023170099800A2
S3150101F0F07F8000207D2000267529E0077D280120DB
S3150101F1007A110006480E77C9063F353F0820313F7F
S3150101F11008207529063F700998007F8000207D200F
S3150101F12000267529E0077D2801207A02009A507F81
S3150101F1300838509F083C70B8E08F6515480679FE7E
S3150101F140248F02420231553F0010555F0014481EBB
S3150101F150507F0050509F0054C45FC56F79FE2A4904
S3150101F1600231700998007F8000207D2000267529D3
S3150101F170E0077D2801207A100006480E77C9063F6F
S3150101F180353F0820313F08207529063F700998004F
S3150101F1907F8000207D2000267529E0077D2801203A
S3150101F1A07A120014513F0010515F0014553F00506F
S3150101F1B0555F0054513F0050515F0054553F0010B7
S3150101F1C0555F0014C43FC54F50BF008850DF008C06
S3150101F1D079FE233D024202317108E0001D083950D2
S3150101F1E055280060554800647128E0001D293950F1
S3150101F1F051490064512900600313032450BF009053
S3150101F20050DF009479FE230902420231553F005035
S3150101F210555F0054507F009C79FE1F8902420231DD
S3150101F220481E0313032450BF005050DF005479FEDA
S3150101F23029770231700998007F8000207D20002600
S3150101F2407529E0077D2801207A100006480E77C945
S3150101F250063F353F0820313F08207529063F7009D1
S3150101F26098007F8000207D2000267529E0077D28F2
S3150101F27001207A12001C507F009C79FE1F27024251
S3150101F2800231553F0050555F00547800006A481E0F
S3150101F290507F0050509F00544805480679FE2909C0
S3150101F2A00231700998007F8000207D200026752992
S3150101F2B0E0077D2801207A100006480E77C9063F2E
S3150101F2C0353F0820313F08207529063F700998000E
S3150101F2D07F8000207D2000267529E0077D280120F9
S3150101F2E07A1200147120000071400000553F005050
S3150101F2F0555F0054507F0050509F005450BF004845
S3150101F30050DF004C79FE226302420231553F005023
S3150101F310555F0054481E507F0050509F0054C85FEE
S3150101F320C96F79FE27AB0231700998007F800020F1
S3150101F3307D2000267529E0077D2801207A11000626
S3150101F340480E77C9063F353F0820313F0820752908
S3150101F350063F700998007F8000207D2000267529CF
S3150101F360E0077D2801207A0200A6513F08F8515F86
S3150101F37008FC0313032470B8E09F6515480679FE5E
S3150101F380224F02420231553F08F8555F08FC513FB1
S3150101F39008F8515F08FC481E507F0050509F0054E9
S3150101F3A00315032679FE28010231700998007F8031
S3150101F3B000207D2000267529E0077D2801207A108D
S3150101F3C00006480E77C9063F353F0820313F082020
S3150101F3D07529063F700998007F8000207D2000264F
S3150101F3E07529E0077D2801207A120014513F08F89A
S3150101F3F0515F08FC553F0050555F0054513F005085
S3150101F400515F0054553F0020555F0024C83FC94F45
S3150101F41050BF004850DF004C79FE20F5024202310F
S3150101F4207108E0001D083950552800585548005CFF
S3150101F430513F0908515F090C031303244805480686
S3150101F44079FE26210231700998007F8000207D20F6
S3150101F45000267529E0077D2801207A1200207128EE
S3150101F460E0001D2939505149005C51290058553F89
S3150101F47008F8555F08FC7800008C313F0821752991
S3150101F480063F700998007F8000207D20002675299E
S3150101F490FFFF7529063F353F0820313F08207529B1
S3150101F4A0063F700998007F8000207D20002675297E
S3150101F4B0E0077D2801207A120038507F007479FE19
S3150101F4C01CE3024202310313032470A7E7E970B377
S3150101F4D0C19970D3E19970D3C19A79FE20F30242A1
S3150101F4E00231553F08F8555F08FC78000018507F36
S3150101F4F0007479FE1CAF02420231553F08F8555F8F
S3150101F50008FC513F08F8515F08FC481E0313032408
S3150101F51050BF00C050DF00C479FE25B50231700924
S3150101F52098007F8000207D2000267529E0077D282F
S3150101F53001207A110006480E77C9063F353F08209A
S3150101F540313F08207529063F700998007F80002008
S3150101F5507D2000267529E0077D2801207A12001AEF
S3150101F560507F00C0509F00C479FE28A30231553F48
S3150101F57000C878000080513F08F8515F08FC481E19
S3150101F580031303244805480679FE261D0231700935
S3150101F59098007F8000207D2000267529E0077D28BF
S3150101F5A001207A100006480E77C9063F353F08202B
S3150101F5B0313F08207529063F700998007F80002098
S3150101F5C07D2000267529E0077D2801207A12001089
S3150101F5D071200000553F00C87800001A513F08F814
S3150101F5E0515F08FC0313032479FE28230231553F99
S3150101F5F000C8313F00087529063F700998007F80D0
S3150101F60000207D2000267529E0077D2801207A1238
S3150101F6100010513F00A4553F006C7800000C712089
S3150101F6200000553F006C515F006C7128E220112AE0
S3150101F6304AC8553F0028515F00C8513F0028112A89
S3150101F6404AC1553F00CC7128E0001D293950512985
S3150101F6500190553F00A0515F00A0513F00A4112A1E
S3150101F6604AC8553F00A0515F00A071200000138ACE
S3150101F6704ACD130A4ACE7FBDCB827D20002675294C
S3150101F680F7FF7529063F353F08207128E0001D293E
S3150101F690395051290194553F00A0313F0820752960
S3150101F6A0063F700998007F8000207D20002675297C
S3150101F6B0E0077D2801207A12000C71200000553FD8
S3150101F6C000A0515F00A0513F006C112A4AC0553F6D
S3150101F6D000A0515F00A07128E3C8138A4ACC7D209E
S3150101F6E000267529E0077D2801207A010018712875
S3150101F6F0E0001D2939507148E3C855490194780044
S3150101F7000044515F00A07138E2C8138A4ACD7D20B9
S3150101F71000267529E0077D2801207A010018712844
S3150101F720E0001D2939507158E2C855490194780004
S3150101F73000147128E0001D293950515F00A0554977
S3150101F74001947128E0001D2939503129026D353F97
S3150101F7500820313F0008752A063F313F08207529E7
S3150101F760063F7F8A48407D2000267529F7FF7529C6
S3150101F770063F353F0820313F08207529063F7009AC
S3150101F78098007F8000207D2000267529E0077D28CD
S3150101F79001207A1200207128E0001D2939505129D2
S3150101F7A00198515F00C8112A4AC1553F006C780082
S3150101F7B0000C71200000553F006C507F00987120AC
S3150101F7C0E1031C89943C7120E1031CA99508483683
S3150101F7D079FEA409547F00A0515F00A0513F009812
S3150101F7E0112A4AC0553F00A0515F005C513F00A05C
S3150101F7F0112A4AC1553F00A0515F00A071200000A6
S3150101F800138A4ACD7D2000267529F7FF7529063F02
S3150101F810353F0820313F08207529063F70099800B8
S3150101F8207F8000207D2000267529E0077D280120A3
S3150101F8307A12002C313F00087529063F700998009C
S3150101F8407F8000207D2000267529E0077D28012083
S3150101F8507A12000C71200001780000087120000065
S3150101F860353F0820313F08207529063F7009980068
S3150101F8707F8000207D2000267529E0077D28012053
S3150101F8807A1200107128E1A0553F00A07800000C02
S3150101F89071200000553F00A07128E0001D29395053
S3150101F8A051490194513F006C114A4AC0513F00A090
S3150101F8B0112A4AC0553F006C515F006C7128E12045
S3150101F8C0112A4AC8553F006C515F006C513F00CC6B
S3150101F8D0138A4ACC7D2000267529F7FF7529063F33
S3150101F8E0353F0820313F08207529063F70099800E8
S3150101F8F07F8000207D2000267529E0077D280120D3
S3150101F9007A02005C513F0028112902C6553F00CCFD
S3150101F910515F006C513F00CC138A4ACD7D200026F0
S3150101F9207529F7FF7529063F353F0820313F082024
S3150101F9307529063F700998007F8000207D200026E9
S3150101F9407529E0077D2801207A12000C513F00CC70
S3150101F950553F006C513F006C553F00CC515F00286B
S3150101F960513F00CC114A4AC07128E0001D29395086
S3150101F97055490178507F00987120E1031C89943C17
S3150101F9807120E1031CA99508483679FEA24F547FDF
S3150101F990006C515F0098513F006C112A4AC0553FD6
S3150101F9A00098515F005C513F0098112A4AC1553FA9
S3150101F9B0005C515F005C71200000138A4ACD7D20F5
S3150101F9C000267529F7FF7529063F353F082071285D
S3150101F9D0E0001D29395051490178513F00C8138A68
S3150101F9E04ACC130A4ACE7FBDCB827D2000267529DA
S3150101F9F0F7FF7529063F7D2A4B787128E0003549C5
S3150101FA0012B67128E0001D29395051490178712832
S3150101FA10E0A0138A4ACD130A4ACE7FBDCB827D204F
S3150101FA2000267529F7FF7529063F353F08F6712826
S3150101FA30E000312912B67529063F700998007F80C9
S3150101FA4000207D2000267529E0077D2801207A0204
S3150101FA500024313F08F67529063F700998007F8019
S3150101FA6000207D2000267529E0077D2801207A12D4
S3150101FA70000C712000017800000871200000752A30
S3150101FA80063F7128E000354912B6313F0820752934
S3150101FA90063F700998007F8000207D200026752988
S3150101FAA0E0077D2801207A1200307128E000312912
S3150101FAB012B67529063F700998007F8000207D20C6
S3150101FAC000267529E0077D2801207A12000C712094
S3150101FAD000017800000871200000752A063F71288F
S3150101FAE0E0001D29395035490269313F0008752960
S3150101FAF0063F700998007F8000207D200026752928
S3150101FB00E0077D2801207A1201747128E0001D2980
S3150101FB103950514901787128E36B138A4ACC7D200A
S3150101FB2000267529F7FF7529063F353F0820313F24
S3150101FB3008207529063F700998007F8000207D20E5
S3150101FB4000267529E0077D2801207A1200187128FF
S3150101FB50E0001D2939507148E36B5549019C780034
S3150101FB6000747128E0001D2939505149017871202D
S3150101FB700000138A4ACD7D2000267529F7FF7529D4
S3150101FB80063F353F0820313F08207529063F700998
S3150101FB9098007F8000207D2000267529E0077D28B9
S3150101FBA001207A1200187128E0001D29395071408F
S3150101FBB000005549019C7800001C7128E0001D29AF
S3150101FBC03950514901787128E0001D2939505549AB
S3150101FBD0019C7128E0001D2939505149019C513F71
S3150101FBE000C8138A4ACD7D2000267529F7FF75299C
S3150101FBF0063F353F0820313F08207529063F700928
S3150101FC0098007F8000207D2000267529E0077D2848
S3150101FC1001207A0200A0515F00C871200000138AF9
S3150101FC204ACD7D2000267529F7FF7529063F353F07
S3150101FC300820313F08207529063F700998007F8009
S3150101FC4000207D2000267529E0077D2801207A12F2
S3150101FC5000187128E0001D293950714000005549ED
S3150101FC60019C780000507128E0001D293950515F2F
S3150101FC7000C85549019C7800003C7128E0001D2906
S3150101FC803950312902697529063F700998007F802B
S3150101FC9000207D2000267529E0077D2801207A12A2
S3150101FCA000147128E0001D293950515F00C85549DA
S3150101FCB0019C7067E7F0480450BF00B850DF00BCF3
S3150101FCC079FE18A702420231553F0050555F005493
S3150101FCD0507F0050509F005470A8E029480679FED4
S3150101FCE018EF02420231553F0018555F001CC63F0D
S3150101FCF0C74F70A8E0C218A5D1A7480679FE18D149
S3150101FD0002420231553F0010555F00147128E0008F
S3150101FD101D2912D851490004512900000313032456
S3150101FD2070A8E024480679FE17E702420231553FE1
S3150101FD300018555F001CC63FC74F70A7E7F048067C
S3150101FD407800672D547F0088549F008CC43FC54FAE
S3150101FD5050BF008850DF008C79FE1AF10242023150
S3150101FD60553F0010555F00147128E0001D293950D7
S3150101FD705149007C51290078553F0018555F001CF7
S3150101FD80507F00B079FE20D10242023103130324D0
S3150101FD9070A7E78470AFC2E170C8E7AE70C2C47BD9
S3150101FDA079FE182D02420231553F08F8555F08FCCC
S3150101FDB0513F08F8515F08FC0313032470A8E09F23
S3150101FDC06515480679FE180902420231553F008838
S3150101FDD0555F008C515F000C7127E48E713FC2356E
S3150101FDE0112A4AC8553F006C507F006C78006D4F4F
S3150101FDF0547F006C515F006C7127E7997133C19A89
S3150101FE00112A4AC8553F006C7148E2B4513F000CB2
S3150101FE10112A4AC1553F00CC515F00CC7127E48EAE
S3150101FE20713FC235112A4AC8553F00CC507F00CCDB
S3150101FE3078006D0B547F00CC515F00CC7127E7C26E
S3150101FE40713AC0E5112A4AC8553F00CC515F006C91
S3150101FE50513F00CC112A4AC0553F006C507F006CBE
S3150101FE6079FE134102420231CE3FCF4F03150326DC
S3150101FE7079FE19D902420231553F0090555F00942E
S3150101FE80507F0090509F009470A7E7C970B3C19944
S3150101FE9070D3E19970D3C19A79FE173502420231C5
S3150101FEA0553F0090555F0094507F083079FE12F559
S3150101FEB002420231481E0313032450BF009050DF52
S3150101FEC0009479FE1CE30231700998007F800020BD
S3150101FED07D2000267529E0077D2801207A1000067C
S3150101FEE0480E77C9063F353F0820313F082075295D
S3150101FEF0063F700998007F8000207D200026752924
S3150101FF00E0077D2801207A12001C507F083079FE16
S3150101FF10129302420231553F0090555F00947800D9
S3150101FF200086513F0830112902C6553F000C507F0A
S3150101FF30000C79FE126F02420231481E031303249B
S3150101FF4050BF009050DF009479FE1B850231700984
S3150101FF5098007F8000207D2000267529E0077D28F5
S3150101FF6001207A110006480E77C9063F353F082060
S3150101FF70313F08207529063F700998007F800020CE
S3150101FF807D2000267529E0077D2801207A120018B7
S3150101FF90507F000C79FE120D02420231553F00904D
S3150101FFA0555F0094507F007879FE11F902420231C2
S3150101FFB00313032450BF009050DF009479FE15AB63
S3150101FFC002420231553F0090555F0094507F00ACCB
S3150101FFD079FE11D102420231481E0313032450BF97
S3150101FFE0009050DF009479FE1BBF02317009980021
S3150101FFF07F8000207D2000267529E0077D280120CC
S315010200007A100006480E77C9063F353F0820313F70
S3150102001008207529063F700998007F8000207D20FF
S3150102002000267529E0077D2801207A12001C507FDF
S3150102003000AC79FE116F02420231553F0090555FC5
S3150102004000947800006A481E507F0090509F0094E9
S315010200504805480679FE1B510231700998007F80D6
S3150102006000207D2000267529E0077D2801207A10CF
S315010200700006480E77C9063F353F0820313F082062
S315010200807529063F700998007F8000207D20002691
S315010200907529E0077D2801207A12001471200000DB
S315010200A071400000553F0090555F00947128E000B1
S315010200B01D2939505149008451290080553F00209C
S315010200C0555F0024507F00B079FE1D8D0242023138
S315010200D00313032470A7E78470AFC2E170C8E7AEC9
S315010200E070C2C47B79FE14E902420231553F0838D7
S315010200F0555F083C507F0838509F083C70A8E08F36
S315010201006515480679FE14C902420231553F004877
S31501020110555F004C313F08227529063F7009980048
S315010201207F8000207D2000267529E0077D28012099
S315010201307A12002C313F015A7529063F700998003F
S315010201407F8000207D2000267529E0077D28012079
S315010201507A12000C7120000178000008712000005B
S31501020160353F08207128E0001D29395031290267DF
S315010201707529063F700998007F8000207D200026A0
S315010201807529E0077D2801207A020024313F0820E3
S315010201907529063F700998007F8000207D20002680
S315010201A07529E0077D2801207A12000C71200001D1
S315010201B07800000871200000353F0820313F0820F1
S315010201C07529063F700998007F8000207D20002650
S315010201D07529E0077D2801207A1200187120000096
S315010201E071400000553F00C0555F00C478000064AD
S315010201F0313F08227529063F700998007F80002049
S315010202007D2000267529FFFF7529063F353F082205
S31501020210313F08227529063F700998007F80002028
S315010202207D2000267529E0077D2801207A02001427
S315010202307120000071400000553F0080555F008427
S31501020240513F0080515F0084553F00C0555F00C495
S31501020250513F00C01929E380553F00C0513F00C4F8
S31501020260553F00C4507F00C0509F00C470A8E0599A
S31501020270480679FE185B0231700998007F800020DA
S315010202807D2000267529E0077D2801207A010018C4
S315010202907128E05971400000553F00C0555F00C406
S315010202A07800003E507F00C0509F00C448054806B2
S315010202B079FE18F50231700998007F8000207D20B1
S315010202C000267529E0077D2801207A000014712095
S315010202D0000071400000553F00C0555F00C4507FC9
S315010202E000C0509F00C4C85FC96F79FE127D0242E9
S315010202F00231553F00B8555F00BC481E507F00B819
S31501020300509F00BC50BF004850DF004C79FE17C118
S315010203100231700998007F8000207D200026752910
S31501020320E0077D2801207A110006480E77C9063FAB
S31501020330353F0820313F08207529063F700998008C
S315010203407F8000207D2000267529E0077D28012077
S315010203507A02009E507F0838509F083C70B8E08FA1
S315010203606515480679FE126902420231553F00C0FF
S31501020370555F00C4481E507F00B8509F00BC50BF55
S3150102038000C050DF00C479FE181F023170099800BF
S315010203907F8000207D2000267529E0077D28012027
S315010203A07A100006480E77C9063F353F0822313FCB
S315010203B008227529063F700998007F8000207D205A
S315010203C000267529E0077D2801207A120014513F83
S315010203D000C0515F00C4553F00B8555F00BC513F94
S315010203E000B8515F00BC553F0048555F004C507F35
S315010203F00048509F004CC85FC96F79FE1113024233
S3150102040002317108E0001D0839505528008055480F
S3150102041000847128E0001D2939505149008451296F
S3150102042000800313032450BF009050DF009479FE2D
S3150102043010DF02420231553F00B8555F00BC507FC2
S3150102044000AC79FE0D5F02420231481E03130324FA
S3150102045050BF00B850DF00BC79FE174D023170095A
S3150102046098007F8000207D2000267529E0077D28DF
S3150102047001207A100006480E77C9063F353F08204B
S31501020480313F08207529063F700998007F800020B8
S315010204907D2000267529E0077D2801207A12001C9D
S315010204A0507F00AC79FE0CFD02420231553F00B885
S315010204B0555F00BC7800006A481E507F00B8509F05
S315010204C000BC4805480679FE16DF0231700998001C
S315010204D07F8000207D2000267529E0077D280120E6
S315010204E07A100006480E77C9063F353F0822313F8A
S315010204F008227529063F700998007F8000207D2019
S3150102050000267529E0077D2801207A120014712040
S31501020510000071400000553F00B8555F00BC507F96
S3150102052000B8509F00BCC65FC76F79FE103D0242FC
S315010205300231553F00B8555F00BC481E507F00B8D6
S31501020540509F00BC50BF008850DF008C79FE158198
S315010205500231700998007F8000207D2000267529CE
S31501020560E0077D2801207A110006480E77C9063F69
S31501020570353F0820313F08207529063F700998004A
S315010205807F8000207D2000267529E0077D28012035
S315010205907A0200A6513F08F8515F08FC03130324AF
S315010205A070B8E09F6515480679FE102502420231B0
S315010205B0553F08F8555F08FC513F08F8515F08FCA2
S315010205C0481E507F00B8509F00BC0315032679FED2
S315010205D015D70231700998007F8000207D20002600
S315010205E07529E0077D2801207A100006480E77C991
S315010205F0063F353F0822313F08227529063F700919
S3150102060098007F8000207D2000267529E0077D283D
S3150102061001207A120014513F08F8515F08FC553F38
S3150102062000B8555F00BC513F00B8515F00BC553F51
S315010206300088555F008C507F0088509F008CC65FF2
S31501020640C76F79FE0ECB024202317108E0001D0826
S315010206503950552800785548007C513F0908515FA9
S31501020660090C031303244805480679FE13F70231E0
S31501020670700998007F8000207D2000267529E007F9
S315010206807D2801207A1200207128E0001D293950A7
S315010206905149007C51290078553F08F8555F08FCFD
S315010206A078000034507F007479FE0AF90242023161
S315010206B00313032470A7E7B970B3C19970D3E19903
S315010206C070D3C19879FE0F0902420231553F08F8EB
S315010206D0555F08FC513F08F8515F08FC481E031399
S315010206E00324C45FC56F79FE13E7023170099800CE
S315010206F07F8000207D2000267529E0077D280120C4
S315010207007A110006480E77C9063F353F0820313F68
S3150102071008207529063F700998007F8000207D20F8
S3150102072000267529E0077D2801207A120016C43FAA
S31501020730C54F79FE16D90231553F009878000080DF
S31501020740513F08F8515F08FC481E0313032448056C
S31501020750480679FE14530231700998007F80002001
S315010207607D2000267529E0077D2801207A100006E2
S31501020770480E77C9063F353F0822313F08227529BF
S31501020780063F700998007F8000207D20002675298A
S31501020790E0077D2801207A12001071200000553FE2
S315010207A000987800001A513F08F8515F08FC0313BC
S315010207B0032479FE16590231553F00987128E0004B
S315010207C01D293950312902657529063F700998009C
S315010207D07F8000207D2000267529E0077D280120E3
S315010207E07A120010513F0064553F006C7800000CEC
S315010207F071200000553F006C515F006C7128E220A8
S31501020800112A4AC8553F000C515F0098513F000C0E
S31501020810112A4AC1553F00CC7128E0001D293950E1
S31501020820512901A0553F00A0515F00A0513F00642C
S31501020830112A4AC8553F00A0515F00A0712000004D
S31501020840138A4ACD130A4ACE7FBDCB827D2000266A
S315010208507529F7FF7529063F353F08207128E00003
S315010208601D293950512901A4553F00A0313F0820C5
S315010208707529063F700998007F8000207D20002699
S315010208807529E0077D2801207A12000C71200000EB
S31501020890553F00A0515F00A0513F006C112A4AC08A
S315010208A0553F00A0515F00A07128E3C8138A4ACCC4
S315010208B07D2000267529E0077D2801207A0100188E
S315010208C07128E0001D2939507148E3C8554901A430
S315010208D078000044515F00A07138E2C8138A4ACDFC
S315010208E07D2000267529E0077D2801207A0100185E
S315010208F07128E0001D2939507158E2C8554901A4F1
S31501020900780000147128E0001D293950515F00A0BA
S31501020910554901A47128E0001D2939503129026582
S31501020920353F08227128E0001D2939503129026E0E
S31501020930353F0820313F0822752A063F313F0820FC
S315010209407529063F7F8A48407D2000267529F7FFD3
S315010209507529063F353F0820313F08207529063F94
S31501020960700998007F8000207D2000267529E00706
S315010209707D2801207A1200207128E0001D293950B4
S31501020980512901A8515F0098112A4AC1553F006CAD
S315010209907800000C71200000553F006C507F00600A
S315010209A07120E1031C89943C7120E1031CA995087D
S315010209B0483679FE9227547F00A0515F00A0513F2D
S315010209C00060112A4AC0553F00A0515F0058513FAD
S315010209D000A0112A4AC1553F00A0515F00A0712013
S315010209E00000138A4ACD7D2000267529F7FF752955
S315010209F0063F353F0820313F08207529063F700919
S31501020A0098007F8000207D2000267529E0077D2839
S31501020A1001207A1200347128E0001D29395031294A
S31501020A2002657529063F700998007F8000207D20A6
S31501020A3000267529E0077D2801207A12000C712013
S31501020A4000017800000871200000353F0820313F7F
S31501020A5008207529063F700998007F8000207D20B5
S31501020A6000267529E0077D2801207A1200107128D7
S31501020A70E1A0553F00A07800000C71200000553F0F
S31501020A8000A07128E0001D293950514901A4513FA6
S31501020A90006C114A4AC0513F00A0112A4AC0553F73
S31501020AA0006C515F006C7128E120112A4AC8553F3A
S31501020AB0005C515F005C513F00CC138A4ACC7D2019
S31501020AC000267529F7FF7529063F353F0820313F74
S31501020AD008207529063F700998007F8000207D2035
S31501020AE000267529E0077D2801207A02005C513F24
S31501020AF0000C112902C6553F00CC515F005C513FE3
S31501020B0000CC138A4ACD7D2000267529F7FF752967
S31501020B10063F353F015A313F015A7529063F700991
S31501020B2098007F8000207D2000267529E0077D2818
S31501020B3001207A12000C513F00CC553F005C513F17
S31501020B40005C553F00CC515F000C513F00CC114A6D
S31501020B504AC07128E0001D29395055490168507F64
S31501020B6000607120E1031C89943C7120E1031CA9F8
S31501020B709508483679FE9065547F006C515F006096
S31501020B80513F006C112A4AC0553F0060515F00581F
S31501020B90513F0060112A4AC1553F0058515F005822
S31501020BA071200000138A4ACD7D2000267529F7FFA0
S31501020BB07529063F353F08207128E0001D29395065
S31501020BC051490168513F0098138A4ACC130A4ACE09
S31501020BD07FBDCB827D2000267529F7FF7529063F49
S31501020BE07D2A4B787128E000354912B67128E0005A
S31501020BF01D293950514901687128E0A0138A4ACD4D
S31501020C00130A4ACE7FBDCB827D2000267529F7FFC6
S31501020C107529063F353F08F67128E000312912B6DB
S31501020C207529063F700998007F8000207D200026E5
S31501020C307529E0077D2801207A020024313F08F652
S31501020C407529063F700998007F8000207D200026C5
S31501020C507529E0077D2801207A12000C7120000116
S31501020C607800000871200000752A063F7128E0000D
S31501020C70354912B6313F08207529063F7009980099
S31501020C807F8000207D2000267529E0077D2801202E
S31501020C907A1200307128E000312912B67529063F11
S31501020CA0700998007F8000207D2000267529E007C3
S31501020CB07D2801207A12000C7120000178000008BB
S31501020CC071200000752A063F7128E0001D2939505E
S31501020CD0354902667128E0001D293950312902651C
S31501020CE07529063F700998007F8000207D20002625
S31501020CF07529E0077D2801207A1201747128E00026
S31501020D001D293950514901687128E36B138A4ACC6E
S31501020D107D2000267529F7FF7529063F353F015AC1
S31501020D20313F015A7529063F700998007F800020DC
S31501020D307D2000267529E0077D2801207A120018F8
S31501020D407128E0001D2939507148E36B554901AC00
S31501020D50780000747128E0001D2939505149016853
S31501020D6071200000138A4ACD7D2000267529F7FFDE
S31501020D707529063F353F015A313F015A7529063F0A
S31501020D80700998007F8000207D2000267529E007E2
S31501020D907D2801207A1200187128E0001D29395098
S31501020DA071400000554901AC7800001C7128E00031
S31501020DB01D293950514901687128E0001D29395010
S31501020DC0554901AC7128E0001D293950514901AC40
S31501020DD0513F0098138A4ACD7D2000267529F7FFD7
S31501020DE07529063F353F015A313F015A7529063F9A
S31501020DF0700998007F8000207D2000267529E00772
S31501020E007D2801207A0200A0515F0098712000001E
S31501020E10138A4ACD7D2000267529F7FF7529063FDB
S31501020E20353F015A313F015A7529063F700998002B
S31501020E307F8000207D2000267529E0077D2801207C
S31501020E407A1200187128E0001D29395071400000FC
S31501020E50554901AC780000507128E0001D2939502E
S31501020E60515F0098554901AC7800003C7128E000B9
S31501020E701D293950312902667529063F70099800E4
S31501020E807F8000207D2000267529E0077D2801202C
S31501020E907A1200147128E0001D293950515F009819
S31501020EA0554901AC7128E0001D293CD8514902EC93
S31501020EB0512902E8031303244805480679FE0BA5C6
S31501020EC00231700998007F8000207D200026752955
S31501020ED0E0077D2801207A1200147128E0001D29FD
S31501020EE03950512901AC553F00987128E0001D295E
S31501020EF012D8514900045129000003130324712019
S31501020F00E1031CA98CB87120E1031CC98E30493753
S31501020F1079FE8969D63FD74FC63FC74F70A7E7EE1D
S31501020F2070ACC66670CCE66670CCC66679FE06A162
S31501020F3002420231553F00B8555F00BC507F005056
S31501020F40509F005470A8E029480679FE06830242A2
S31501020F500231553F0018555F001CC63FC74F70A8A6
S31501020F60E0C218A5D1A7480679FE066502420231FA
S31501020F70553F0050555F00547128E0001D2911604C
S31501020F8051490004512900000313032470A8E024E7
S31501020F90480679FE057B02420231553F0018555F2C
S31501020FA0001CC63FC74F70A7E7F04806780054C138
S31501020FB0D43FD54F507F0050509F0054C45FC56F38
S31501020FC079FE088902420231553F0050555F0054AD
S31501020FD07128E0001D2939505149008C5129008898
S31501020FE0553F0018555F001C507F00B079FE0E690F
S31501020FF0024202310313032470A7E78470AFC2E1F0
S3150102100070C8E7AE70C2C47B79FE05C502420231E1
S31501021010553F08F8555F08FC513F08F8515F08FC37
S315010210200313032470A8E09F6515480679FE05A1FE
S3150102103002420231553F0010555F0014507F007085
S3150102104079FE016102420231481E0313032450BF95
S31501021050004050DF004479FE0B4F023170099800BF
S315010210607F8000207D2000267529E0077D2801204A
S315010210707A100006480E77C9063F353F0820313FF0
S3150102108008207529063F700998007F8000207D207F
S3150102109000267529E0077D2801207A12001C507F5F
S315010210A0007079FE00FF02420231553F0088555F0A
S315010210B0008C7800007A481E507F0040509F004401
S315010210C04805480679FE0AE10231700998007F80D7
S315010210D000207D2000267529E0077D2801207A104F
S315010210E00006480E77C9063F353F015A313F015A7C
S315010210F07529063F700998007F8000207D20002611
S315010211007529E0077D2801207A120014712000005A
S3150102111071400000553F0040555F0044513F004079
S31501021120515F0044553F0088555F008C7128E000ED
S315010211301D29395051490084512900800313032482
S3150102114050BF008850DF008C79FE03C5024202318E
S31501021150553F0040555F0044507F007079FE0045BF
S3150102116002420231481E0313032450BF004050DFDE
S31501021170004479FE0A330231700998007F8000200B
S315010211807D2000267529E0077D2801207A100006B8
S31501021190480E77C9063F353F0820313F0820752999
S315010211A0063F700998007F8000207D200026752960
S315010211B0E0077D2801207A12001C507F007079FD1C
S315010211C0FFE302420231553F0040555F0044780079
S315010211D0006A481E507F0040509F00444805480659
S315010211E079FE09C50231700998007F8000207D20B1
S315010211F000267529E0077D2801207A100006480E8F
S3150102120077C9063F353F015A313F015A7529063FD3
S31501021210700998007F8000207D2000267529E0074D
S315010212207D2801207A12001471200000714000000D
S31501021230553F0040555F0044507F0040509F004497
S31501021240C65FC76F79FE032302420231553F004052
S31501021250555F0044481E507F0040509F0044C45FC2
S31501021260C56F79FE086B0231700998007F800020F4
S315010212707D2000267529E0077D2801207A110006C6
S31501021280480E77C9063F353F0820313F08207529A8
S31501021290063F700998007F8000207D20002675296F
S315010212A0E0077D2801207A0200A6513F08F8515F26
S315010212B008FC0313032470B8E09F6515480679FEFE
S315010212C0030F02420231553F08F8555F08FC513FB0
S315010212D008F8515F08FC481E507F0040509F0044A9
S315010212E00315032679FE08C10231700998007F8031
S315010212F000207D2000267529E0077D2801207A102D
S315010213000006480E77C9063F353F015A313F015A59
S315010213107529063F700998007F8000207D200026EE
S315010213207529E0077D2801207A120014513F08F839
S31501021330515F08FC553F0040555F0044513F004054
S31501021340515F0044553F0010555F0014C43FC54F1D
S31501021350C65FC76F79FE01B9024202317108E00028
S315010213601D083950552800885548008C513F0908F7
S31501021370515F090C031303244805480679FE06E565
S315010213800231700998007F8000207D200026752990
S31501021390E0077D2801207A1200207128E0001D292C
S315010213A039505149008C51290088553F08F8555F3B
S315010213B008FC78000034507F007479FDFDE7024293
S315010213C002310313032470A7E7B970B3C19970D32D
S315010213D0E19970D3C19879FE01F702420231553F74
S315010213E008F8555F08FC513F08F8515F08FC481E92
S315010213F00313032450BF005050DF005479FE06D177
S315010214000231700998007F8000207D20002675290F
S31501021410E0077D2801207A110006480E77C9063FAA
S31501021420353F0820313F08207529063F700998008B
S315010214307F8000207D2000267529E0077D28012076
S315010214407A12001A507F0050509F005479FE09BF4C
S315010214500231553F006078000080513F08F8515F24
S3150102146008FC481E031303244805480679FE07397A
S315010214700231700998007F8000207D20002675299F
S31501021480E0077D2801207A100006480E77C9063F3B
S31501021490353F015A313F015A7529063F70099800B5
S315010214A07F8000207D2000267529E0077D28012006
S315010214B07A12001071200000553F00607800001A70
S315010214C0513F08F8515F08FC0313032479FE093FD3
S315010214D00231553F00607128E0001D29395031293A
S315010214E0026A7529063F700998007F8000207D20D7
S315010214F000267529E0077D2801207A120010513F46
S3150102150000A8553F006C7800000C71200000553F81
S31501021510006C515F006C7128E220112A4AC8553FBE
S315010215200058515F0060513F0058112A4AC1553F88
S3150102153000CC7128E0001D293950512901B0553FCF
S3150102154000A0515F00A0513F00A8112A4AC8553F89
S3150102155000A0515F00A071200000138A4ACD130A30
S315010215604ACE7FBDCB827D2000267529F7FF7529DC
S31501021570063F353F08207128E0001D2939505129BF
S3150102158001B4553F00A0313F08207529063F700975
S3150102159098007F8000207D2000267529E0077D289E
S315010215A001207A12000C71200000553F00A0515F04
S315010215B000A0513F006C112A4AC0553F00A0515F5D
S315010215C000A07128E3C8138A4ACC7D20002675291A
S315010215D0E0077D2801207A0100187128E0001D2903
S315010215E039507148E3C8554901B478000044515F46
S315010215F000A07138E2C8138A4ACD7D2000267529DA
S31501021600E0077D2801207A0100187128E0001D29D2
S3150102161039507158E2C8554901B47800001471284D
S31501021620E0001D293950515F00A0554901B47128C6
S31501021630E0001D2939503129026A353F015A7128C4
S31501021640E0001D2939503129026F353F0820313F0B
S31501021650015A752A063F313F08207529063F7F8ABE
S3150102166048407D2000267529F7FF7529063F353F3B
S315010216700820313F08207529063F700998007F80AE
S3150102168000207D2000267529E0077D2801207A1297
S3150102169000207128E0001D293950512901B8515FF6
S315010216A00060112A4AC1553F006C7800000C712076
S315010216B00000553F006C507F00687120E1031C89D0
S315010216C0943C7120E1031CA99508483679FE850DE3
S315010216D0547F00A0515F00A0513F0068112A4AC001
S315010216E0553F00A0515F002C513F00A0112A4AC16B
S315010216F0553F00A0515F00A071200000138A4ACD18
S315010217007D2000267529F7FF7529063F353F0820FA
S31501021710313F08207529063F700998007F80002015
S315010217207D2000267529E0077D2801207A120034E2
S315010217307128E0001D2939503129026A7529063FAF
S31501021740700998007F8000207D2000267529E00718
S315010217507D2801207A12000C712000017800000810
S3150102176071200000353F0820313F08207529063FC8
S31501021770700998007F8000207D2000267529E007E8
S315010217807D2801207A1200107128E1A0553F00A0A0
S315010217907800000C71200000553F00A07128E0007E
S315010217A01D293950514901B4513F006C114A4AC0B1
S315010217B0513F00A0112A4AC0553F006C515F006C8F
S315010217C07128E120112A4AC8553F005C515F005C2D
S315010217D0513F00CC138A4ACC7D2000267529F7FF9A
S315010217E07529063F353F0820313F08207529063FF6
S315010217F0700998007F8000207D2000267529E00768
S315010218007D2801207A02005C513F0058112902C647
S31501021810553F00CC515F005C513F00CC138A4ACD43
S315010218207D2000267529F7FF7529063F353F0820D9
S31501021830313F08207529063F700998007F800020F4
S315010218407D2000267529E0077D2801207A12000CE9
S31501021850513F00CC553F005C513F005C553F00CCE7
S31501021860515F0058513F00CC114A4AC07128E0002D
S315010218701D29395055490180507F00687120E103C5
S315010218801C89943C7120E1031CA99508483679FE0E
S31501021890834B547F006C515F0068513F006C112AE3
S315010218A04AC0553F0068515F002C513F0068112A1A
S315010218B04AC1553F002C515F002C71200000138A4A
S315010218C04ACD7D2000267529F7FF7529063F353F4A
S315010218D008207128E0001D29395051490180513FE4
S315010218E00060138A4ACC130A4ACE7FBDCB827D2081
S315010218F000267529F7FF7529063F7D2A4B7871283F
S31501021900E000354912B67128E0001D2939505149C6
S3150102191001807128E0A0138A4ACD130A4ACE7FBDFF
S31501021920CB827D2000267529F7FF7529063F353FB3
S3150102193008F67128E000312912B67529063F7009A9
S3150102194098007F8000207D2000267529E0077D28EA
S3150102195001207A020024313F08F67529063F7009F3
S3150102196098007F8000207D2000267529E0077D28CA
S3150102197001207A12000C7120000178000008712002
S315010219800000752A063F7128E000354912B6313F3B
S3150102199008207529063F700998007F8000207D2066
S315010219A000267529E0077D2801207A120030712868
S315010219B0E000312912B67529063F700998007F8029
S315010219C000207D2000267529E0077D2801207A1254
S315010219D0000C712000017800000871200000752AB0
S315010219E0063F7128E0001D2939503549026B7128DD
S315010219F0E0001D2939503129026A7529063F70090D
S31501021A0098007F8000207D2000267529E0077D2829
S31501021A1001207A1201747128E0001D2939505149B9
S31501021A2001807128E36B138A4ACC7D200026752931
S31501021A30F7FF7529063F353F0820313F08207529F2
S31501021A40063F700998007F8000207D2000267529B7
S31501021A50E0077D2801207A1200187128E0001D296D
S31501021A6039507148E36B554901BC780000747128FD
S31501021A70E0001D2939505149018071200000138A65
S31501021A804ACD7D2000267529F7FF7529063F353F88
S31501021A900820313F08207529063F700998007F808A
S31501021AA000207D2000267529E0077D2801207A1273
S31501021AB000187128E0001D2939507140000055496E
S31501021AC001BC7800001C7128E0001D2939505149DA
S31501021AD001807128E0001D293950554901BC712840
S31501021AE0E0001D293950514901BC513F0060138A5A
S31501021AF04ACD7D2000267529F7FF7529063F353F18
S31501021B000820313F08207529063F700998007F8019
S31501021B1000207D2000267529E0077D2801207A0212
S31501021B2000A0515F006071200000138A4ACD7D201A
S31501021B3000267529F7FF7529063F353F0820313FF3
S31501021B4008207529063F700998007F8000207D20B4
S31501021B5000267529E0077D2801207A1200187128CE
S31501021B60E0001D29395071400000554901BC780039
S31501021B7000507128E0001D293950515F0060554916
S31501021B8001BC7800003C7128E0001D293950312939
S31501021B90026B7529063F700998007F8000207D201F
S31501021BA000267529E0077D2801207A120014712882
S31501021BB0E0001D293950515F0060554901BC712869
S31501021BC0E0001D293CD8514902EC512902E80313D0
S31501021BD003244805480679FDFE8B023170099800F7
S31501021BE07F8000207D2000267529E0077D280120BF
S31501021BF07A1200147128E0001D293950512901BCBD
S31501021C00553F00607128E0001D2911605149000409
S31501021C1051290000031303247120E1031CA98CB886
S31501021C207120E1031CC98E30493779FE7C4F547FFE
S31501021C300050549F0054507F0050509F005470A78B
S31501021C40E7EE70ACC66670CCE66670CCC66679FD08
S31501021C50F97F02420231553F0040555F0044712827
S31501021C60E0001D293CD8312903E87529063F700990
S31501021C7098007F8000207D2000267529FFFF7529A7
S31501021C80063F353F0820313F08207529063F700976
S31501021C9098007F8000207D2000267529E0077D2897
S31501021CA001207A02003A7128E0001D291370514978
S31501021CB0000451290000031303244805480679FD4F
S31501021CC0FDA30231700998007F8000207D20002645
S31501021CD07529E0077D2801207A12000C7120000186
S31501021CE07800000871200000752A063F7128E0007D
S31501021CF0354912B67128E000312912B67529063F17
S31501021D00700998007F8000207D2000267529E00752
S31501021D107D2801207A12001071200000553F00C86B
S31501021D20780004A0313F08217529063F7009980001
S31501021D307F8000207D2000267529FFFF7529063F39
S31501021D40353F0820313F08207529063F7009980062
S31501021D507F8000207D2000267529E0077D2801204D
S31501021D607A1201BC507F006079FDF43902420231D8
S31501021D700313032450BF004050DF004479FDF7EB03
S31501021D8002420231553F08F8555F08FC513F08F8F7
S31501021D90515F08FC0313032470A8E024480679FD69
S31501021DA0FD2F0231700998007F8000207D200026D8
S31501021DB07529E0077D2801207A0100187128E0249F
S31501021DC071400000553F08F8555F08FC7800004253
S31501021DD0513F08F8515F08FC0313032448054806DE
S31501021DE079FDFDC50231700998007F8000207D20B2
S31501021DF000267529E0077D2801207A00001471204A
S31501021E00000071400000553F08F8555F08FC507FFD
S31501021E10009879FDF38F024202310313032450BF66
S31501021E2000B850DF00BC79FDF74102420231553F4D
S31501021E300050555F0054507F0050509F005470A8C7
S31501021E40E024480679FDFC890231700998007F80F9
S31501021E5000207D2000267529E0077D2801207A01D0
S31501021E6000187128E02471400000553F0050555F6B
S31501021E7000547800003E507F0050509F00544805A0
S31501021E80480679FDFD230231700998007F80002002
S31501021E907D2000267529E0077D2801207A0000149D
S31501021EA07120000071400000553F0050555F0054FB
S31501021EB0513F08F8515F08FC507F0050509F005473
S31501021EC00315032678004645547F0050549F00545B
S31501021ED0513F0050515F0054031303240315032697
S31501021EE079FDF62D02420231553F0050555F0054ED
S31501021EF0507F0050509F005470A8E00870ACC31880
S31501021F0070D8E63170D1C46379FDF6C50242023159
S31501021F10553F0050555F00547800001471200000AF
S31501021F2071400000553F0050555F00547128E00092
S31501021F301D293CD8514902E4512902E00313032425
S31501021F404805480679FDFB1D0231700998007F801C
S31501021F5000207D2000267529E0077D2801207A12BE
S31501021F6000147128E0001D2939505129019C553F61
S31501021F7000C8507F00C879FDF22B024202310313D9
S31501021F80032450BF005050DF005479FDF58302420D
S31501021F900231553F08F8555F08FC313F0821752982
S31501021FA0063F700998007F8000207D200026752952
S31501021FB0E0077D2801207A1200627128E0001D29BE
S31501021FC011F0514900045129000003130324712021
S31501021FD0E1031CA98A687120E1031CC98B4049A748
S31501021FE079FE7899547F0050549F0054507F0050D7
S31501021FF0509F005470A7E7EE70ACC66670CCE666D9
S3150102200070CCC66679FDF5C902420231553F0050D0
S31501022010555F00547800005E7128E0001D2911F019
S315010220205149000451290000031303247120E103DD
S315010220301CA98A687120E1031CC9899049A779FE06
S31501022040783B547F0050549F0054507F0050509F5C
S31501022050005470A7E7EE70ACC66670CCE66670CC2B
S31501022060C66679FDF56B02420231553F0050555F56
S315010220700054513F08F8515F08FC507F0050509FB1
S3150102208000540315032678004483547F0050549F5D
S315010220900054507F0050509F005470A8E01370A165
S315010220A0C43070D8E30C70C6C0C379FDF523024271
S315010220B00231553F08F8555F08FC513F08141120BB
S315010220C04AD103137120E1031C8990087120E103AF
S315010220D01CA99000481679FE7B03547F00C8507FE5
S315010220E000C879FDF0BF02400137513F08F8515F40
S315010220F008FC481E017303040315032679FDFAA998
S315010221000231700998007F8000207D200026752902
S31501022110E0077D2801207A100006480E77C9063F9E
S31501022120353F0820313F08207529063F700998007E
S315010221307F8000207D2000267529E0077D28012069
S315010221407A020080513F08F8515F08FC481E0313CA
S3150102215003244805480679FDFA4F023170099800B1
S315010221607F8000207D2000267529E0077D28012039
S315010221707A100006480E77C9063F353F0820313FDF
S3150102218008207529063F700998007F8000207D206E
S3150102219000267529E0077D2801207A120010712098
S315010221A00000553F00C87800001A513F08F8515FF8
S315010221B008FC0313032479FDFC550231553F00C87F
S315010221C07128E0001D293950512901C0553F006C83
S315010221D0515F00C8513F006C112A4AC1553F002C7C
S315010221E0507F00B079FDFC710242023103130324D0
S315010221F070A7E78470AFC2E170C8E7AE70C2C47B54
S3150102220079FDF3CD02420231553F08F8555F08FCCC
S31501022210513F08F8515F08FC0313032470A8E0D864
S3150102222018A5D16A480679FDF3A7024202310313C2
S31501022230032479FDFBD90231553F00CC515F002CB5
S31501022240513F00CC138A4ACC7D2000267529F7FF1F
S315010222507529063F353F0820313F08207529063F7B
S31501022260700998007F8000207D2000267529E007ED
S315010222707D2801207A02007C513F08F8515F08FC53
S315010222800313032470B8E0D818A5D16A480679FD6C
S31501022290F33F024202310313032479FDFB7102313A
S315010222A0553F00C8515F002C513F00C8138A4ACDE1
S315010222B07D2000267529F7FF7529063F353F08203F
S315010222C0313F08207529063F700998007F8000205A
S315010222D07D2000267529E0077D2801207A12000C4F
S315010222E0513F00C8553F002C513F002C553F00CCB1
S315010222F0515F00CC513F006C114A4AC07128E0007F
S315010223001D293950554901C07128E0001D2939504E
S31501022310514901C07128E47A138A4ACC7D200026EC
S315010223207529E0077D2801207A0100147128E00051
S315010223307148E47A554912F87800004C7128E00098
S315010223401D293950514901C071200000138A4ACD15
S315010223507D2000267529E0077D2801207A010014D7
S315010223607128E00071400000554912F87800001802
S315010223707128E0001D293950514901C07128E00038
S31501022380554912F87128E0001D293CD8312903EA82
S315010223907529063F700998007F8000207D2000265E
S315010223A07529E0077D2801207A1200347128E000A0
S315010223B01D293CD8312903EB7529063F700998007E
S315010223C07F8000207D2000267529E0077D280120D7
S315010223D07A12000C712000017800000871200000B9
S315010223E0353F0820313F08207529063F70099800BC
S315010223F07F8000207D2000267529FFFF7529063F73
S315010224007D2A4B787128E000354912487128E0008F
S31501022410312912487529063F700998007F800020EC
S315010224207D2000267529E0077D2801207A02008297
S315010224307128E0001D2912D05149000451290000DA
S31501022440031303244805480679FDF619023170097A
S3150102245098007F8000207D2000267529E0077D28CF
S3150102246001207A02004C7128E000312912B6752941
S31501022470063F700998007F8000207D20002675297D
S31501022480E0077D2801207A0200287128E00031291F
S3150102249012B67529063F700998007F8000207D20BB
S315010224A000267529E0077D2801207A12000C712089
S315010224B000017800000871200000752A063F712884
S315010224C0E000354913287128E000312913287529BE
S315010224D0063F700998007F8000207D20002675291D
S315010224E0E0077D2801207A020024313F082175295F
S315010224F0063F700998007F8000207D2000267529FD
S31501022500E0077D2801207A12000C71200001780073
S31501022510000871200000353F0820513F08141120A0
S315010225204AD103137120E1031C8995207120E1032D
S315010225301CA99518481679FE76A3547F002C313FC3
S3150102254008207529063F700998007F8000207D20AA
S3150102255000267529E0077D2801207A1200107120D4
S315010225600000553F00C87800011A507F009879FD96
S31501022570EC33024202310313032450BF00B850DF89
S3150102258000BC78003F8702420231553F08F8555F89
S3150102259008FC507F002C79FDEC0B02400137513FBC
S315010225A008F8515F08FC481E01730304031503264C
S315010225B079FDF5F50231700998007F8000207D20B2
S315010225C000267529E0077D2801207A100006480EAB
S315010225D077C9063F353F0820313F08207529063F56
S315010225E0700998007F8000207D2000267529E0076A
S315010225F07D2801207A120010513F002C553F00C858
S3150102260078000080513F08F8515F08FC481E031309
S3150102261003244805480679FDF58F023170099800B1
S315010226207F8000207D2000267529E0077D28012074
S315010226307A100006480E77C9063F353F0820313F1A
S3150102264008207529063F700998007F8000207D20A9
S3150102265000267529E0077D2801207A1200107120D3
S315010226600000553F00C87800001A513F08F8515F33
S3150102267008FC0313032479FDF7950231553F00C87F
S315010226807128E0001D293950512901C4553F006CBA
S31501022690515F00C8513F006C112A4AC1553F00C81B
S315010226A0507F00B079FDF7B10242023103130324D0
S315010226B070A7E78470AFC2E170C8E7AE70C2C47B8F
S315010226C079FDEF0D02420231553F08F8555F08FCCC
S315010226D0513F08F8515F08FC0313032470A8E08FE9
S315010226E06515480679FDEEE9024202310313032418
S315010226F079FDF71B0231553F00CC515F00C8513FAE
S3150102270000CC138A4ACC7D2000267529F7FF75294C
S31501022710063F353F0820313F08207529063F7009DB
S3150102272098007F8000207D2000267529E0077D28FC
S3150102273001207A02007A513F08F8515F08FC03131F
S31501022740032470B8E08F6515480679FDEE830242CF
S3150102275002310313032479FDF6B50231553F00CC4C
S31501022760515F00C8513F00CC138A4ACD7D20002615
S315010227707529F7FF7529063F353F0820313F0820A5
S315010227807529063F700998007F8000207D2000266A
S315010227907529E0077D2801207A12000C513F00CCF1
S315010227A0553F00C8513F00C8553F00CC515F00CC90
S315010227B0513F006C114A4AC07128E0001D29395067
S315010227C0554901C47128E0001D293950514901C4F6
S315010227D07128E1A8138A4ACC7D2000267529E007D3
S315010227E07D2801207A0100147128E0007148E1A8D0
S315010227F0554912387800004C7128E0001D293950DC
S31501022800514901C47138E1A8138A4ACD7D200026B7
S315010228107529E0077D2801207A0100147128E0005C
S315010228207158E1A855491238780000187128E0005C
S315010228301D293950514901C47128E0005549123800
S315010228407128E000312913287529063F700998007D
S315010228507F8000207D2000267529E0077D28012042
S315010228607A020024313F08217529063F7009980032
S315010228707F8000207D2000267529E0077D28012022
S315010228807A12000C71200001780000087120000004
S31501022890353F0820313F08207529063F7009980007
S315010228A07F8000207D2000267529E0077D280120F2
S315010228B07A12001071200000553F002C7800010E9B
S315010228C0507F006079FDE8DD02420231507F00400F
S315010228D0509F00440315032678003C31024202311F
S315010228E0553F08F8555F08FC507F002C79FDE8B585
S315010228F002400137513F08F8515F08FC481E017337
S3150102290003040315032679FDF29F0231700998002B
S315010229107F8000207D2000267529E0077D28012081
S315010229207A100006480E77C9063F353F0821313F26
S3150102293008217529063F700998007F8000207D20B5
S3150102294000267529E0077D2801207A020080513F81
S3150102295008F8515F08FC481E03130324480548067C
S3150102296079FDF2450231700998007F8000207D20B1
S3150102297000267529E0077D2801207A100006480EF7
S3150102298077C9063F353F0821313F08217529063FA0
S31501022990700998007F8000207D2000267529E007B6
S315010229A07D2801207A12001071200000553F002C6B
S315010229B07800001A513F08F8515F08FC03130324FB
S315010229C079FDF44B0231553F002C7128E0001D2997
S315010229D03950512901C8553F006C515F002C513FB6
S315010229E0006C112A4AC1553F002C507F00B079FD77
S315010229F0F467024202310313032470A7E78470AF1E
S31501022A00C2E170C8E7AE70C2C47B79FDEBC3024274
S31501022A100231553F08F8555F08FC513F08F8515FEE
S31501022A2008FC0313032470A8E08F6515480679FD97
S31501022A30EB9F024202310313032479FDF3D10231E2
S31501022A40553F00CC515F002C513F00CC138A4ACC32
S31501022A507D2000267529F7FF7529063F353F082097
S31501022A60313F08207529063F700998007F800020B2
S31501022A707D2000267529E0077D2801207A02007A49
S31501022A80513F08F8515F08FC0313032470B8E08F25
S31501022A906515480679FDEB39024202310313032417
S31501022AA079FDF36B0231553F00C8515F002C513F4E
S31501022AB000C8138A4ACD7D2000267529F7FF75299C
S31501022AC0063F353F0821313F08217529063F700926
S31501022AD098007F8000207D2000267529E0077D2849
S31501022AE001207A12000C513F00C8553F002C513F7C
S31501022AF0002C553F00CC515F00CC513F006C114A6E
S31501022B004AC07128E0001D293950554901C871286A
S31501022B10E0001D293950514901C87128E1A8138ADB
S31501022B204ACC7D2000267529E0077D2801207A01FD
S31501022B3000147128E0007148E1A855491390780004
S31501022B40004C7128E0001D293950514901C87138DC
S31501022B50E1A8138A4ACD7D2000267529E0077D2842
S31501022B6001207A0100147128E0007158E1A8554943
S31501022B701390780000187128E0001D293950514937
S31501022B8001C87128E00055491390513F0900515F70
S31501022B90090403130324CE5FCF6F79FDE9CD024207
S31501022BA002317108E0001D08395055280070554858
S31501022BB000747128E0001D293CD87148E583194A41
S31501022BC0D140554903307128E0001D293CD85149AD
S31501022BD002DC512902D87108E0001D083950552836
S31501022BE00050554800547128E0001D293950515FA3
S31501022BF00030554901887128E0001D2939503129D3
S31501022C000267752A063F7128E0001D2939503549A8
S31501022C10026C7128E0001D293950515F00A4554903
S31501022C2001907128E0001D293950515F002855494C
S31501022C3001987128E0001D293950315F0008354994
S31501022C40026D7128E0001D293950515F0064554912
S31501022C5001A07128E0001D293950515F000C554928
S31501022C6001A87128E0001D293950315F0822354932
S31501022C70026E7128E0001D293950515F00A855499D
S31501022C8001B07128E0001D293950515F005855499C
S31501022C9001B87128E0001D293950315F015A3549C1
S31501022CA0026F7128E0001D293CD8312903EB7529F1
S31501022CB0063F700998007F8000207D200026752935
S31501022CC0E0077D2801207A1200387128E0001D09EB
S31501022CD03CD87138E03571400000552801785548D5
S31501022CE0017C7128E0001D093CD87128E03571404C
S31501022CF00000552801805548018478000034712866
S31501022D00E0001D093CD871200000714000005528E1
S31501022D1001785548017C7128E0001D093CD87120D3
S31501022D200000714000005528018055480184712830
S31501022D30E0001D293CD871400182554900347128B1
S31501022D40E0001D293CD8714000083549003171283F
S31501022D50E0001D293CD87140000035490030712838
S31501022D60E0001D293CD87140000035490032712826
S31501022D70E0001D293CD87140000035490040712808
S31501022D80E0001D293CD871400000354900417128F7
S31501022D90E0001D293CD871400000354900427128E6
S31501022DA0E0001D293CD871400000354900437128D5
S31501022DB0E0001D293CD871400000354900447128C4
S31501022DC0E0001D293CD871400000354900457128B3
S31501022DD0E0001D293CD871400000354900467128A2
S31501022DE0E0001D293CD87140000035490047712099
S31501022DF00000553F00D07128E00051291390553F3C
S31501022E000840515F08407128E2CC7122C4E6112ABA
S31501022E104AC8553F0840515F084071200000138A95
S31501022E204ACC130A4ACE7FBDCB827D200026752964
S31501022E30E0077D2801207A0100A6507F084079FD2E
S31501022E40E363014E013D507F084079FDE35702429B
S31501022E5002310313032478003DAD0242023101D34C
S31501022E6001E40315032679FDE70102420231031348
S31501022E70032470A7E7E0480679FDED2D02317009BA
S31501022E8098007F8000207D2000267529E0077D2895
S31501022E9001207A000020507F084079FDE3070242B3
S31501022EA002310313032478003D5D024202317800A8
S31501022EB0001C507F084079FDE2EB02420231031306
S31501022EC0032478003B1B024202310313032479FDDA
S31501022ED0EF3D0231553F00D0780000A2507F0840F5
S31501022EE079FDE2C1014E013D507F084079FDE2B50F
S31501022EF0024202310313032478003D0B02420231DE
S31501022F0001D301E40315032679FDE65F024202318C
S31501022F100313032470A7E7E0480679FDECF70231B3
S31501022F20700998007F8000207D2000267529E00720
S31501022F307D2801207A110020507F084079FDE26543
S31501022F40024202310313032478003CBB02420231DE
S31501022F507800001C507F084079FDE24902420231A5
S31501022F600313032478003A7902420231031303243C
S31501022F7079FDEE9B0231553F00D0507F00D079FD9D
S31501022F80E223024202310313032470A8E1DF70BF78
S31501022F90C7FF70DFE7C079FDEB3702317009980090
S31501022FA07F8000207D2000267529E0077D280120EB
S31501022FB07A010014712FE7FF713FC7FF553F00D415
S31501022FC078000038515F00D07139E700138A4ACD83
S31501022FD07D2000267529E0077D2801207A0100104F
S31501022FE07130E000553F00D478000010513F00D007
S31501022FF011204ADA553F00D4513F00D471E99FFFAF
S315010230007F8000207D2000267529E0077D2801208A
S315010230107A010010712F07FF5D3F098078000038A1
S31501023020515F00D4713078007F8A48007D200026E6
S315010230307529E0077D2801207A0000107130780099
S315010230405D3F098078000010513F00D47D29073485
S315010230505D3F09801D3F0980553F0844513F0844A1
S31501023060592900005D3F08487128E0001D293CD816
S3150102307031290042752A063F593F08487529063FFC
S315010230807D494B78752A063F7128E0001D293CD8F7
S31501023090354900427128E0001D293CD831290043F7
S315010230A0752A063F593F08487529043F7D29447010
S315010230B07529043F7529063F7D494B78752A063FD6
S315010230C07128E0001D293CD83549004371200000D2
S315010230D071400000553F00D8555F00DC7128E000C1
S315010230E01D293CD85149017C51290178553F085087
S315010230F0555F0854507F0850509F085470A8E059F4
S3150102310070B0C29C70D7E41470DCC5E179FDE4C1EC
S3150102311002420231553F0850555F0854507F08500C
S31501023120509F08544805480679FDEA110231700993
S3150102313098007F8000207D2000267529E0077D28E2
S3150102314001207A100080507F0850509F0854780061
S315010231503AB502420231507F0850509F0854031576
S31501023160032679FDE405024202310313032470A703
S31501023170E7E0480679FDEA310231700998007F805D
S3150102318000207D2000267529E0077D2801207A008E
S315010231900018507F0850509F085478003A6902423D
S315010231A0023178000014507F0850509F085478006D
S315010231B0382F02420231553F00D8555F00DC7800B4
S315010231C0007C507F0850509F085478003A390242D9
S315010231D00231507F0850509F08540315032679FD8A
S315010231E0E389024202310313032470A7E7E048068A
S315010231F079FDEA210231700998007F8000207D2045
S3150102320000267529E0077D2801207A110018507FD2
S315010232100850509F0854780039ED02420231780075
S315010232200014507F0850509F0854780037B3024269
S315010232300231553F00D8555F00DC507F00D8509FC0
S3150102324000DC70A8E1DF70BFC7FF70DFE7C079FD60
S31501023250E87F0231700998007F8000207D200026D8
S315010232607529E0077D2801207A010014712FE7FFF5
S31501023270713FC7FF553F00E07800004E507F00D8EE
S31501023280509F00DC70B8E1E0480679FDE91B023186
S31501023290700998007F8000207D2000267529E007AD
S315010232A07D2801207A0000107130E000553F00E0D0
S315010232B078000016507F00D8509F00DC79FDEA6342
S315010232C00231553F00E0513F00E071E99FFF7F80E7
S315010232D000207D2000267529E0077D2801207A013C
S315010232E00010712F07FF5D3F098278000038515F98
S315010232F000E0713078007F8A48007D20002675291A
S31501023300E0077D2801207A000010713078005D3FC8
S31501023310098278000010513F00E07D2907345D3FA4
S3150102332009821D3F0982553F0858513F08585929BC
S3150102333000005D3F085C7128E0001D293CD8312957
S315010233400046752A063F593F085C7529063F7D49A5
S315010233504B78752A063F7128E0001D293CD835496C
S3150102336000467128E0001D293CD831290047752AFB
S31501023370063F593F085C7529043F7D29447075292A
S31501023380043F7529063F7D494B78752A063F712808
S31501023390E0001D293CD835490047712000007140E3
S315010233A00000553F00E8555F00EC7128E0001D2939
S315010233B03CD85149018451290180553F0860555F26
S315010233C00864507F0860509F086470A8E05970B085
S315010233D0C29C70D7E41470DCC5E179FDE1F30242C7
S315010233E00231553F0860555F0864507F0860509F5F
S315010233F008644805480679FDE743023170099800D9
S315010234007F8000207D2000267529E0077D28012086
S315010234107A100080507F0860509F0864780037E771
S3150102342002420231507F0860509F08640315032649
S3150102343079FDE137024202310313032470A7E7E063
S31501023440480679FDE7630231700998007F80002002
S315010234507D2000267529E0077D2801207A000018C3
S31501023460507F0860509F08647800379B0242023100
S3150102347078000014507F0860509F08647800356117
S3150102348002420231553F00E8555F00EC7800007CAC
S31501023490507F0860509F08647800376B0242023100
S315010234A0507F0860509F08640315032679FDE0BB2F
S315010234B0024202310313032470A7E7E0480679FDAD
S315010234C0E7530231700998007F8000207D20002693
S315010234D07529E0077D2801207A110018507F0860BE
S315010234E0509F08647800371F0242023178000014A7
S315010234F0507F0860509F0864780034E50242023129
S31501023500553F00E8555F00EC507F00E8509F00EC04
S3150102351070A8E1DF70BFC7FF70DFE7C079FDE5B1D3
S315010235200231700998007F8000207D2000267529CE
S31501023530E0077D2801207A010014712FE7FF713F10
S31501023540C7FF553F00F07800004E507F00E8509FBC
S3150102355000EC70B8E1E0480679FDE64D02317009EA
S3150102356098007F8000207D2000267529E0077D28AE
S3150102357001207A0000107130E000553F00F078001A
S315010235800016507F00E8509F00EC79FDE795023165
S31501023590553F00F0513F00F071E99FFF7F80002007
S315010235A07D2000267529E0077D2801207A01001079
S315010235B0712F07FF5D3F098478000038515F00F0E3
S315010235C0713078007F8A48007D2000267529E00740
S315010235D07D2801207A000010713078005D3F098450
S315010235E078000010513F00F07D2907345D3F0984C0
S315010235F01D3F0984553F0868513F08685929000053
S315010236005D3F086C7128E0001D293CD83129004430
S31501023610752A063F593F086C7529063F7D494B7845
S31501023620752A063F7128E0001D293CD83549004418
S315010236307128E0001D293CD831290045752A063F2B
S31501023640593F086C7529043F7D2944707529043F49
S315010236507529063F7D494B78752A063F7128E00098
S315010236601D293CD83549004571200000553F087097
S315010236707128E0001D293CD8312903E77529063F47
S31501023680553F0874513F0874553F0870513F087001
S315010236907009A8017F8000207D2000267529E00798
S315010236A07D2801207A01001071200001353F00F4C6
S315010236B07800000C513F0870353F00F47128E00094
S315010236C01D293CD831290041752A063F313F00F4B4
S315010236D01929C0017529063F7D2908707529063FFA
S315010236E07D494B78752A063F7128E0001D293CD891
S315010236F03549004171200000553F08787128E000E4
S315010237001D293CD8312903E97529063F553F087C15
S31501023710513F087C553F0878513F08787009A80146
S315010237207F8000207D2000267529E0077D28012063
S315010237307A01001071200001353F00F57800000C76
S31501023740513F0878353F00F57128E0001D293CD824
S3150102375031290041752A063F313F00F51929C00179
S315010237607529063F7D2910707529063F7D494B78DB
S31501023770752A063F7128E0001D293CD835490041CA
S315010237807120000071400000553F00F8555F00FCB2
S315010237907128E0001D293CD8514902C4512902C0B1
S315010237A0553F0880555F0884507F0880509F0884E2
S315010237B04805480679FDE3850231700998007F8044
S315010237C000207D2000267529E0077D2801207A1038
S315010237D00080507F0880509F088478003429024275
S315010237E00231507F0880509F08840315032679FD14
S315010237F0DD79024202310313032470A7E7E048068A
S3150102380079FDE3A50231700998007F8000207D20B1
S3150102381000267529E0077D2801207A000018507FCD
S315010238200880509F0884780033DD02420231780015
S315010238300014507F0880509F0884780031A3024209
S315010238400231553F00F8555F00FC7800007C507F3D
S315010238500880509F0884780033AD02420231507FBE
S315010238600880509F08840315032679FDDCFD024278
S3150102387002310313032470A7E7E0480679FDE395B5
S315010238800231700998007F8000207D20002675296B
S31501023890E0077D2801207A110018507F0880509F89
S315010238A00884780033610242023178000014507FA5
S315010238B00880509F08847800312702420231553F21
S315010238C000F8555F00FC507F00F8509F00FC70A77E
S315010238D0E7F0480679FDE1F90231700998007F8027
S315010238E000207D2000267529E0077D2801207A0126
S315010238F0001071200001353F01007800004C507F15
S3150102390000F8509F00FC4805480679FDE29B02310A
S31501023910700998007F8000207D2000267529E00726
S315010239207D2801207A00001071200000353F010038
S3150102393078000016507F00F8509F00FC79FDD80DE3
S315010239400231353F01007128E0001D293CD8312999
S315010239500041752A063F313F01001929C001752927
S31501023960063F7D2918707529063F7D494B78752AD0
S31501023970063F7128E0001D293CD8354900417120D6
S315010239800000553F08887128E0001D293CD83129DD
S3150102399003EC7529063F553F088C513F088C553F6C
S315010239A00888513F08887009A8017F8000207D2080
S315010239B000267529E0077D2801207A010010712071
S315010239C00001353F01017800000C513F0888353F5F
S315010239D001017128E0001D293CD8312900417529D0
S315010239E0063F7D2A0774313F01017D290774192992
S315010239F0C0017D2907747D494B787D290774752A93
S31501023A00063F7128E0001D293CD835490041712045
S31501023A100000353F0890313F08907529063F7148ED
S31501023A20E0001D4A3CD87D2A4A1431290040752AF4
S31501023A30063F7128E0001D293CD835490363313F11
S31501023A4008907529063F19298001353F0890313FB3
S31501023A5008907529063F7148E0001D4A3CD87D2A27
S31501023A604A1431290040752A063F7128E0001D29B2
S31501023A703CD835490364313F08907529063F192917
S31501023A808001353F0890313F08907529063F7148FC
S31501023A90E0001D4A3CD87D2A4A1431290040752A84
S31501023AA0063F7128E0001D293CD835490365313F9F
S31501023AB008907529063F19298001353F0890313F43
S31501023AC008907529063F7148E0001D4A3CD87D2AB7
S31501023AD04A1431290040752A063F7128E0001D2942
S31501023AE03CD835490366313F08907529063F1929A5
S31501023AF08001353F0890313F08907529063F71488C
S31501023B00E0001D4A3CD87D2A4A1431290040752A13
S31501023B10063F7128E0001D293CD835490367313F2C
S31501023B2008907529063F19298001353F0890313FD2
S31501023B3008907529063F7148E0001D4A3CD87D2A46
S31501023B404A1431290040752A063F7128E0001D29D1
S31501023B503CD835490368313F08907529063F192932
S31501023B608001353F0890313F08907529063F71481B
S31501023B70E0001D4A3CD87D2A4A1431290040752AA3
S31501023B80063F7128E0001D293CD835490369313FBA
S31501023B9008907529063F19298001353F0890313F62
S31501023BA008907529063F7148E0001D4A3CD87D2AD6
S31501023BB04A1431290040752A063F7128E0001D2961
S31501023BC03CD83549036A313F08907529063F1929C0
S31501023BD08001353F089071200000353F0891313F41
S31501023BE008917529063F7148E0001D4A3CD8314AC1
S31501023BF00363754A063F191F80087D284A14354911
S31501023C000980313F08917529063F19298001353FFF
S31501023C100891313F08917529063F7148E0001D4A16
S31501023C203CD8314A0364754A063F191F80087D282C
S31501023C304A1435490980313F08917529063F1929E8
S31501023C408001353F0891313F08917529063F714838
S31501023C50E0001D4A3CD8314A0365754A063F191FE1
S31501023C6080087D284A1435490980313F0891752912
S31501023C70063F19298001353F0891313F089175297F
S31501023C80063F7148E0001D4A3CD8314A0366754A2F
S31501023C90063F191F80087D284A1435490980313F9C
S31501023CA008917529063F19298001353F0891313F4F
S31501023CB008917529063F7148E0001D4A3CD8314AF0
S31501023CC00367754A063F191F80087D284A1435493C
S31501023CD00980313F08917529063F19298001353F2F
S31501023CE00891313F08917529063F7148E0001D4A46
S31501023CF03CD8314A0368754A063F191F80087D2858
S31501023D004A1435490980313F08917529063F192917
S31501023D108001353F0891313F08917529063F714867
S31501023D20E0001D4A3CD8314A0369754A063F191F0C
S31501023D3080087D284A1435490980313F0891752941
S31501023D40063F19298001353F0891313F08917529AE
S31501023D50063F7148E0001D4A3CD8314A036A754A5A
S31501023D60063F191F80087D284A1435490980313FCB
S31501023D7008917529063F19298001353F08911D3F92
S31501023D80098848134884480570C0018248877D28FE
S31501023D904B7879FE44430231752A063F7128E000C9
S31501023DA01D293CD83549036B7128E0001D293CD8F1
S31501023DB0312903EA7529063F700998007F800020A0
S31501023DC07D2000267529E0077D2801207A12003818
S31501023DD07128E0001D093CD87138E03571400000B8
S31501023DE0552801685548016C7128E0001D093CD827
S31501023DF07128E0357140000055280170554801745B
S31501023E00780000347128E0001D093CD871200000B9
S31501023E1071400000552801685548016C7128E0007F
S31501023E201D093CD87120000071400000552801701F
S31501023E30554801747128E0001D293CD8714001835F
S31501023E405549001C7128E0001D293CD87140000823
S31501023E50354900197128E0001D293CD8714000003E
S31501023E60354900187128E0001D293CD8714000002F
S31501023E703549001A7128E0001D293CD8714000001D
S31501023E80354900287128E0001D293CD871400000FF
S31501023E90354900297128E0001D293CD871400000EE
S31501023EA03549002A7128E0001D293CD871400000DD
S31501023EB03549002B7128E0001D293CD871400000CC
S31501023EC03549002C7128E0001D293CD871400000BB
S31501023ED03549002D7128E0001D293CD871400000AA
S31501023EE03549002E7128E0001D293CD87140000099
S31501023EF03549002F71200000553F01047128E00069
S31501023F0051291238553F0894515F08947128E2CC21
S31501023F107122C4E6112A4AC8553F0894515F089492
S31501023F2071200000138A4ACC130A4ACE7FBDCB8286
S31501023F307D2000267529E0077D2801207A0100A649
S31501023F40507F089479FDD25D014E013D507F089460
S31501023F5079FDD251024202310313032478002CA7C0
S31501023F600242023101D301E40315032679FDD5FB91
S31501023F70024202310313032470A7E7E0480679FDE2
S31501023F80DC270231700998007F8000207D200026FF
S31501023F907529E0077D2801207A000020507F0894C8
S31501023FA079FDD201024202310313032478002C5710
S31501023FB0024202317800001C507F089479FDD1E556
S31501023FC0024202310313032478002A150242023106
S31501023FD00313032479FDDE370231553F01047800CC
S31501023FE000A2507F089479FDD1BB014E013D507F5D
S31501023FF0089479FDD1AF02420231031303247800FA
S315010240002C050242023101D301E40315032679FD8F
S31501024010D559024202310313032470A7E7E0480689
S3150102402079FDDBF10231700998007F8000207D2045
S3150102403000267529E0077D2801207A110020507F8C
S31501024040089479FDD15F02420231031303247800F9
S315010240502BB5024202317800001C507F089479FD8B
S31501024060D143024202310313032478002973024227
S3150102407002310313032479FDDD950231553F010413
S31501024080507F010479FDD11D02420231031303243B
S3150102409070A8E1DF70BFC7FF70DFE7C079FDDA31D3
S315010240A00231700998007F8000207D200026752943
S315010240B0E0077D2801207A010014712FE7FF713F85
S315010240C0C7FF553F010878000038515F0104713975
S315010240D0E700138A4ACD7D2000267529E0077D284F
S315010240E001207A0100107130E000553F0108780085
S315010240F00010513F010411204ADA553F0108513F90
S31501024100010871E99FFF7F8000207D200026752925
S31501024110E0077D2801207A010010712F07FF5D3F1C
S31501024120099078000038515F0108713078007F8A62
S3150102413048007D2000267529E0077D2801207A00A6
S315010241400010713078005D3F099078000010513FF0
S3150102415001087D2907345D3F09901D3F0990553FAE
S315010241600898513F0898592900005D3F089C71281B
S31501024170E0001D293CD83129002A752A063F593FFC
S31501024180089C7529063F7D494B78752A063F712899
S31501024190E0001D293CD83549002A7128E0001D2975
S315010241A03CD83129002B752A063F593F089C7529AF
S315010241B0043F7D2944707529043F7529063F7D49CF
S315010241C04B78752A063F7128E0001D293CD83549EE
S315010241D0002B7120000071400000553F0110555F10
S315010241E001147128E0001D293CD85149016C51295D
S315010241F00168553F08A0555F08A4507F08A0509F4B
S3150102420008A470A8E05970B0C29C70D7E41470DC9F
S31501024210C5E179FDD3BB02420231553F08A0555F84
S3150102422008A4507F08A0509F08A44805480679FDB6
S31501024230D90B0231700998007F8000207D2000266B
S315010242407529E0077D2801207A100080507F08A099
S31501024250509F08A4780029AF02420231507F08A07C
S31501024260509F08A40315032679FDD2FF02420231AB
S315010242700313032470A7E7E0480679FDD92B02311F
S31501024280700998007F8000207D2000267529E007AD
S315010242907D2801207A000018507F08A0509F08A4AB
S315010242A0780029630242023178000014507F08A087
S315010242B0509F08A47800272902420231553F011076
S315010242C0555F01147800007C507F08A0509F08A416
S315010242D07800293302420231507F08A0509F08A478
S315010242E00315032679FDD283024202310313032405
S315010242F070A7E7E0480679FDD91B023170099800DB
S315010243007F8000207D2000267529E0077D28012077
S315010243107A110018507F08A0509F08A4780028E758
S315010243200242023178000014507F08A0509F08A46F
S31501024330780026AD02420231553F0110555F011444
S31501024340507F0110509F011470A8E1DF70BFC7FFB3
S3150102435070DFE7C079FDD7790231700998007F8055
S3150102436000207D2000267529E0077D2801207A019B
S315010243700014712FE7FF713FC7FF553F01187800FF
S31501024380004E507F0110509F011470B8E1E04806BB
S3150102439079FDD8150231700998007F8000207D20B1
S315010243A000267529E0077D2801207A000010713068
S315010243B0E000553F011878000016507F0110509F0A
S315010243C0011479FDD95D0231553F0118513F01189A
S315010243D071E99FFF7F8000207D2000267529E00775
S315010243E07D2801207A010010712F07FF5D3F099296
S315010243F078000038515F0118713078007F8A4800D1
S315010244007D2000267529E0077D2801207A0000100B
S31501024410713078005D3F099278000010513F011812
S315010244207D2907345D3F09921D3F0992553F08A830
S31501024430513F08A8592900005D3F08AC7128E000E8
S315010244401D293CD83129002E752A063F593F08AC51
S315010244507529063F7D494B78752A063F7128E0008A
S315010244601D293CD83549002E7128E0001D293CD86A
S315010244703129002F752A063F593F08AC7529043F99
S315010244807D2944707529043F7529063F7D494B787C
S31501024490752A063F7128E0001D293CD83549002FAF
S315010244A07120000071400000553F0120555F012433
S315010244B07128E0001D293CD8514901745129017026
S315010244C0553F08B0555F08B4507F08B0509F08B4F5
S315010244D070A8E05970B0C29C70D7E41470DCC5E1D3
S315010244E079FDD0ED02420231553F08B0555F08B45D
S315010244F0507F08B0509F08B44805480679FDD63D5D
S315010245000231700998007F8000207D2000267529DE
S31501024510E0077D2801207A100080507F08B0509F65
S3150102452008B4780026E102420231507F08B0509F5A
S3150102453008B40315032679FDD03102420231031371
S31501024540032470A7E7E0480679FDD65D02317009BA
S3150102455098007F8000207D2000267529E0077D28AE
S3150102456001207A000018507F08B0509F08B47800E5
S3150102457026950242023178000014507F08B0509FFE
S3150102458008B47800245B02420231553F0120555F8F
S3150102459001247800007C507F08B0509F08B478004F
S315010245A0266502420231507F08B0509F08B40315B6
S315010245B0032679FDCFB5024202310313032470A704
S315010245C0E7E0480679FDD64D0231700998007F80F1
S315010245D000207D2000267529E0077D2801207A1119
S315010245E00018507F08B0509F08B47800261902427D
S315010245F0023178000014507F08B0509F08B4780049
S3150102460023DF02420231553F0120555F0124507FCB
S315010246100120509F012470A8E1DF70BFC7FF70DF40
S31501024620E7C079FDD4AB0231700998007F80002082
S315010246307D2000267529E0077D2801207A010014D4
S31501024640712FE7FF713FC7FF553F01287800004EE2
S31501024650507F0120509F012470B8E1E0480679FDA0
S31501024660D5470231700998007F8000207D200026FF
S315010246707529E0077D2801207A0000107130E000DB
S31501024680553F012878000016507F0120509F0124D2
S3150102469079FDD68F0231553F0128513F012871E933
S315010246A09FFF7F8000207D2000267529E0077D2857
S315010246B001207A010010712F07FF5D3F09947800EE
S315010246C00038515F0128713078007F8A48007D20C9
S315010246D000267529E0077D2801207A000010713035
S315010246E078005D3F099478000010513F01287D2929
S315010246F007345D3F09941D3F0994553F08B8513F60
S3150102470008B8592900005D3F08BC7128E0001D293F
S315010247103CD83129002C752A063F593F08BC752918
S31501024720063F7D494B78752A063F7128E0001D290F
S315010247303CD83549002C7128E0001D293CD8312985
S31501024740002D752A063F593F08BC7529043F7D296C
S3150102475044707529043F7529063F7D494B78752AB0
S31501024760063F7128E0001D293CD83549002D7120EC
S315010247700000553F08C07128E0001D293CD83129A7
S3150102478003E77529063F553F08C4513F08C4553F03
S3150102479008C0513F08C07009A8017F8000207D2012
S315010247A000267529E0077D2801207A010010712073
S315010247B00001353F012C7800000C513F08C0353FFE
S315010247C0012C7128E0001D293CD831290029752ABE
S315010247D0063F313F012C1929C0017529063F7D2962
S315010247E008707529063F7D494B78752A063F71285F
S315010247F0E0001D293CD83549002971200000553FAA
S3150102480008C87128E0001D293CD8312903E9752918
S31501024810063F553F08CC513F08CC553F08C8513F8A
S3150102482008C87009A8017F8000207D20002675290D
S31501024830E0077D2801207A01001071200001353F31
S31501024840012D7800000C513F08C8353F012D712812
S31501024850E0001D293CD831290029752A063F313F3E
S31501024860012D1929C0017529063F7D291070752967
S31501024870063F7D494B78752A063F7128E0001D29BE
S315010248803CD8354900297120000071400000553F8E
S315010248900130555F01347128E0001D293CD8514988
S315010248A002C4512902C0553F08D0555F08D4507F32
S315010248B008D0509F08D44805480679FDD27F0231B7
S315010248C0700998007F8000207D2000267529E00767
S315010248D07D2801207A100080507F08D0509F08D48D
S315010248E07800232302420231507F08D0509F08D418
S315010248F00315032679FDCC73024202310313032405
S3150102490070A7E7E0480679FDD29F02317009980047
S315010249107F8000207D2000267529E0077D28012061
S315010249207A000018507F08D0509F08D4780022D709
S315010249300242023178000014507F08D0509F08D4F9
S315010249407800209D02420231553F0130555F013404
S315010249507800007C507F08D0509F08D4780022A7A7
S3150102496002420231507F08D0509F08D40315032614
S3150102497079FDCBF7024202310313032470A7E7E064
S31501024980480679FDD28F0231700998007F80002096
S315010249907D2000267529E0077D2801207A1100185D
S315010249A0507F08D0509F08D47800225B0242023120
S315010249B078000014507F08D0509F08D47800202137
S315010249C002420231553F0130555F0134507F0130B9
S315010249D0509F013470A7E7F0480679FDD0F3023102
S315010249E0700998007F8000207D2000267529E00746
S315010249F07D2801207A01001071200001353F01381E
S31501024A007800004C507F0130509F0134480548061A
S31501024A1079FDD1950231700998007F8000207D20B1
S31501024A2000267529E0077D2801207A0000107120F1
S31501024A300000353F013878000016507F0130509F43
S31501024A40013479FDC7070231353F01387128E0008B
S31501024A501D293CD831290029752A063F313F0138E3
S31501024A601929C0017529063F7D2918707529063F46
S31501024A707D494B78752A063F7128E0001D293CD8ED
S31501024A803549002971200000553F08D87128E000F8
S31501024A901D293CD8312903EC7529063F553F08DC0F
S31501024AA0513F08DC553F08D8513F08D87009A80183
S31501024AB07F8000207D2000267529E0077D280120C0
S31501024AC07A01001071200001353F01397800000C8E
S31501024AD0513F08D8353F01397128E0001D293CD8DC
S31501024AE0312900297529063F7D2A0774313F01398B
S31501024AF07D2907741929C0017D2907747D494B78DF
S31501024B007D290774752A063F7128E0001D293CD8C4
S31501024B103549002971200000353F08E0313F08E0A0
S31501024B207529063F7148E0001D4A3CD87D2A4A1480
S31501024B3031290028752A063F7128E0001D293CD833
S31501024B403549035A313F08E07529063F1929800183
S31501024B50353F08E0313F08E07529063F7148E0001C
S31501024B601D4A3CD87D2A4A1431290028752A063F56
S31501024B707128E0001D293CD83549035B313F08E025
S31501024B807529063F19298001353F08E0313F08E0C2
S31501024B907529063F7148E0001D4A3CD87D2A4A1410
S31501024BA031290028752A063F7128E0001D293CD8C3
S31501024BB03549035C313F08E07529063F1929800111
S31501024BC0353F08E0313F08E07529063F7148E000AC
S31501024BD01D4A3CD87D2A4A1431290028752A063FE6
S31501024BE07128E0001D293CD83549035D313F08E0B3
S31501024BF07529063F19298001353F08E0313F08E052
S31501024C007529063F7148E0001D4A3CD87D2A4A149F
S31501024C1031290028752A063F7128E0001D293CD852
S31501024C203549035E313F08E07529063F192980019E
S31501024C30353F08E0313F08E07529063F7148E0003B
S31501024C401D4A3CD87D2A4A1431290028752A063F75
S31501024C507128E0001D293CD83549035F313F08E040
S31501024C607529063F19298001353F08E0313F08E0E1
S31501024C707529063F7148E0001D4A3CD87D2A4A142F
S31501024C8031290028752A063F7128E0001D293CD8E2
S31501024C9035490360313F08E07529063F192980012C
S31501024CA0353F08E0313F08E07529063F7148E000CB
S31501024CB01D4A3CD87D2A4A1431290028752A063F05
S31501024CC07128E0001D293CD835490361313F08E0CE
S31501024CD07529063F19298001353F08E07120000038
S31501024CE0353F08E1313F08E17529063F7148E00089
S31501024CF01D4A3CD8314A035A754A063F191F800894
S31501024D007D284A1435490990313F08E17529063F44
S31501024D1019298001353F08E1313F08E17529063F2E
S31501024D207148E0001D4A3CD8314A035B754A063F89
S31501024D30191F80087D284A1435490990313F08E137
S31501024D407529063F19298001353F08E1313F08E1FE
S31501024D507529063F7148E0001D4A3CD8314A035C79
S31501024D60754A063F191F80087D284A14354909905C
S31501024D70313F08E17529063F19298001353F08E1CE
S31501024D80313F08E17529063F7148E0001D4A3CD8CA
S31501024D90314A035D754A063F191F80087D284A1468
S31501024DA035490990313F08E17529063F19298001E4
S31501024DB0353F08E1313F08E17529063F7148E000B8
S31501024DC01D4A3CD8314A035E754A063F191F8008BF
S31501024DD07D284A1435490990313F08E17529063F74
S31501024DE019298001353F08E1313F08E17529063F5E
S31501024DF07148E0001D4A3CD8314A035F754A063FB5
S31501024E00191F80087D284A1435490990313F08E166
S31501024E107529063F19298001353F08E1313F08E12D
S31501024E207529063F7148E0001D4A3CD8314A0360A4
S31501024E30754A063F191F80087D284A14354909908B
S31501024E40313F08E17529063F19298001353F08E1FD
S31501024E50313F08E17529063F7148E0001D4A3CD8F9
S31501024E60314A0361754A063F191F80087D284A1493
S31501024E7035490990313F08E17529063F1929800113
S31501024E80353F08E11D3F099848134894480570C00B
S31501024E90018348877D284B7879FE333D0231752A95
S31501024EA0063F7128E0001D293CD835490362712865
S31501024EB0E000312912B67529063F700998007F80F4
S31501024EC000207D2000267529E0077D2801207A121F
S31501024ED000387128E0001D0913207120000071407D
S31501024EE0000055280000554800047128E0001D09FC
S31501024EF012E8712000007140000055280000554853
S31501024F000004780000347128E0001D09132071287D
S31501024F10E000714000005528000055480004712840
S31501024F20E0001D0912E87128E000714000005528D1
S31501024F300000554800047128E0001D29132051493B
S31501024F400004512900000313032479FDCEC1023264
S31501024F507128E0001D293CD8554903287128E00033
S31501024F601D2912E8514900045129000003130324A3
S31501024F7079FDCE9B02327128E0001D293CD85549A4
S31501024F80032C7128E000512912F8031378001DD36E
S31501024F90023111404ADA7128E0001D293CD85549EF
S31501024FA003347128E0001D293CD87141E0C1715DCD
S31501024FB0C721554900047128E0001D293CD87140DA
S31501024FC00008354900017128E0001D293CD87140CD
S31501024FD00001354900007128E0001D293CD87140C5
S31501024FE00000354900027128E0001D293CD87140B4
S31501024FF00000354900107128E0001D293CD8714096
S315010250000000354900117128E0001D293CD8714084
S315010250100000354900127128E0001D293CD8714073
S315010250200000354900137128E0001D293CD8714062
S315010250300000354900147128E0001D293CD8714051
S315010250400000354900157128E0001D293CD8714040
S315010250500000354900167128E0001D293CD871402F
S3150102506000003549001771200000553F013C7128A7
S31501025070E0001D293CD851290328553F08E4515F18
S3150102508008E471200000138A4ACC130A4ACE7FBD76
S31501025090CB827D2000267529E0077D2801207A0131
S315010250A000A6507F08E479FDC0FB014E013D507F09
S315010250B008E479FDC0EF02420231031303247800AA
S315010250C01B450242023101D301E40315032679FD90
S315010250D0C499024202310313032470A7E7E048068A
S315010250E079FDCAC50231700998007F8000207D20B2
S315010250F000267529E0077D2801207A000020507FCD
S3150102510008E479FDC09F02420231031303247800A9
S315010251101AF5024202317800001C507F08E479FD3B
S31501025120C0830242023103130324780018B30242F8
S3150102513002310313032479FDCCD50231553F013CDB
S31501025140780000A2507F08E479FDC059014E013D65
S31501025150507F08E479FDC04D024202310313032454
S3150102516078001AA30242023101D301E40315032690
S3150102517079FDC3F7024202310313032470A7E7E064
S31501025180480679FDCA8F0231700998007F80002096
S315010251907D2000267529E0077D2801207A1100204D
S315010251A0507F08E479FDBFFD024202310313032455
S315010251B078001A53024202317800001C507F08E43B
S315010251C079FDBFE10242023103130324780018116B
S315010251D0024202310313032479FDCC330231553FD6
S315010251E0013C515F013C7128E37F138A4ACC7D2041
S315010251F000267529E0077D2801207A010010713FFA
S315010252007FFF353F014078000038515F013C712034
S315010252100000138A4ACD7D2000267529E0077D28E4
S3150102522001207A01001071200000353F014078000B
S315010252300010513F013C11204AD8353F01407128E7
S31501025240E0001D293CD831290014752A063F313F59
S3150102525001407D494B78752A063F7128E0001D29D8
S315010252603CD83549001471200000553F014471288C
S31501025270E0001D293CD85129032C553F08E8515F0E
S3150102528008E871200000138A4ACC130A4ACE7FBD70
S31501025290CB827D2000267529E0077D2801207A012F
S315010252A000A6507F08E879FDBEFB014E013D507F05
S315010252B008E879FDBEEF02420231031303247800A6
S315010252C019450242023101D301E40315032679FD90
S315010252D0C299024202310313032470A7E7E048068A
S315010252E079FDC8C50231700998007F8000207D20B2
S315010252F000267529E0077D2801207A000020507FCB
S3150102530008E879FDBE9F02420231031303247800A5
S3150102531018F5024202317800001C507F08E879FD37
S31501025320BE830242023103130324780016B30242FA
S3150102533002310313032479FDCAD50231553F0144D3
S31501025340780000A2507F08E879FDBE59014E013D61
S31501025350507F08E879FDBE4D024202310313032450
S31501025360780018A30242023101D301E40315032690
S3150102537079FDC1F7024202310313032470A7E7E064
S31501025380480679FDC88F0231700998007F80002096
S315010253907D2000267529E0077D2801207A1100204B
S315010253A0507F08E879FDBDFD024202310313032451
S315010253B078001853024202317800001C507F08E837
S315010253C079FDBDE10242023103130324780016116D
S315010253D0024202310313032479FDCA330231553FD6
S315010253E00144515F01447128E040138A4ACC7D2071
S315010253F000267529E0077D2801207A010010712017
S315010254000003353F014878000038515F014471209D
S315010254100000138A4ACD7D2000267529E0077D28E2
S3150102542001207A01001071200000353F0148780001
S315010254300010513F014411204AD8353F01487128D5
S31501025440E0001D293CD8312900157529063F7D2A20
S315010254500774313F01487D2907741929C0037D2943
S3150102546007747D494B787D290774752A063F712891
S31501025470E0001D293CD83549001571200000553F31
S31501025480014C7128E0001D293CD851290330553FB2
S3150102549008EC515F08EC7128E61C1929D140112A42
S315010254A04AC011294AC0553F08EC515F08EC7120E8
S315010254B00000138A4ACC130A4ACE7FBDCB827D20D5
S315010254C000267529E0077D2801207A0100A6507F72
S315010254D008EC79FDBCCF014E013D507F08EC79FD08
S315010254E0BCC3024202310313032478001719024294
S315010254F0023101D301E40315032679FDC06D02428F
S3150102550002310313032470A7E7E0480679FDC69921
S315010255100231700998007F8000207D2000267529BE
S31501025520E0077D2801207A000020507F08EC79FDF2
S31501025530BC730242023103130324780016C90242E4
S3150102554002317800001C507F08EC79FDBC570242FB
S315010255500231031303247800148702420231031332
S31501025560032479FDC8A90231553F014C780000A2F6
S31501025570507F08EC79FDBC2D014E013D507F08ECB0
S3150102558079FDBC2102420231031303247800167706
S315010255900242023101D301E40315032679FDBFCB91
S315010255A0024202310313032470A7E7E0480679FD9C
S315010255B0C6630231700998007F8000207D20002693
S315010255C07529E0077D2801207A110020507F08EC19
S315010255D079FDBBD102420231031303247800162757
S315010255E0024202317800001C507F08EC79FDBBB5FE
S315010255F00242023103130324780013E50242023107
S315010256000313032479FDC8070231553F014C515F4B
S31501025610014C7128E77F1929D1FF138A4ACC7D20D3
S3150102562000267529E0077D2801207A010010713FC5
S315010256307FFF5D3F015078000038515F014C7120B8
S315010256400000138A4ACD7D2000267529E0077D28B0
S3150102565001207A010010712000005D3F015078009F
S315010256600010513F014C11204AD85D3F015071286B
S31501025670E0001D293CD831290010752A063F593F01
S3150102568001507529063F7D494B78752A063F7128D7
S31501025690E0001D293CD8354900107128E0001D297A
S315010256A03CD831290011752A063F593F0150752907
S315010256B0043F7D2944707529043F7529063F7D49BA
S315010256C04B78752A063F7128E0001D293CD83549D9
S315010256D0001171200000553F01547128E0001D2977
S315010256E03CD851290334553F08F0513F08F0553F44
S315010256F00154513F0154700998007F8000207D209A
S3150102570000267529E0077D2801207A00000C712008
S315010257100000553F0154515F015471200000713F51
S31501025720C7FF7F8A48007D2000267529E0077D286C
S3150102573001207A010010713F7FFF5D3F0158780019
S315010257400034513F0154700998007F8000207D206A
S3150102575000267529E0077D2801207A0000107120B4
S3150102576000005D3F01587800000C513F01545D3F36
S3150102577001587128E0001D293CD831290012752AE9
S31501025780063F593F01587529063F7D494B78752ACF
S31501025790063F7128E0001D293CD8354900127128BF
S315010257A0E0001D293CD831290013752A063F593FCD
S315010257B001587529043F7D2944707529043F7529CD
S315010257C0063F7D494B78752A063F7128E0001D295F
S315010257D03CD83549001371200000353F08F4313FAA
S315010257E008F47529063F7148E0001D4A3CD87D2A16
S315010257F04A1431290010752A063F7128E0001D2935
S315010258003CD835490351313F08F47529063F192918
S315010258108001353F08F4313F08F47529063F714886
S31501025820E0001D4A3CD87D2A4A1431290010752A06
S31501025830063F7128E0001D293CD835490352313F04
S3150102584008F47529063F19298001353F08F4313FCD
S3150102585008F47529063F7148E0001D4A3CD87D2AA5
S315010258604A1431290010752A063F7128E0001D29C4
S315010258703CD835490353313F08F47529063F1929A6
S315010258808001353F08F4313F08F47529063F714816
S31501025890E0001D4A3CD87D2A4A1431290010752A96
S315010258A0063F7128E0001D293CD835490354313F92
S315010258B008F47529063F19298001353F08F4313F5D
S315010258C008F47529063F7148E0001D4A3CD87D2A35
S315010258D04A1431290010752A063F7128E0001D2954
S315010258E03CD835490355313F08F47529063F192934
S315010258F08001353F08F4313F08F47529063F7148A6
S31501025900E0001D4A3CD87D2A4A1431290010752A25
S31501025910063F7128E0001D293CD835490356313F1F
S3150102592008F47529063F19298001353F08F4313FEC
S3150102593008F47529063F7148E0001D4A3CD87D2AC4
S315010259404A1431290010752A063F7128E0001D29E3
S315010259503CD835490357313F08F47529063F1929C1
S315010259608001353F08F4313F08F47529063F714835
S31501025970E0001D4A3CD87D2A4A1431290010752AB5
S31501025980063F7128E0001D293CD835490358313FAD
S3150102599008F47529063F19298001353F08F471205B
S315010259A00000353F08F5313F08F57529063F714874
S315010259B0E0001D4A3CD8314A0351754A063F191F78
S315010259C080087D284A1435490998313F08F5752919
S315010259D0063F19298001353F08F5313F08F575293A
S315010259E0063F7148E0001D4A3CD8314A0352754AC6
S315010259F0063F191F80087D284A1435490998313F07
S31501025A0008F57529063F19298001353F08F5313F09
S31501025A1008F57529063F7148E0001D4A3CD8314A0E
S31501025A200353754A063F191F80087D284A143549D2
S31501025A300998313F08F57529063F19298001353F35
S31501025A4008F5313F08F57529063F7148E0001D4A00
S31501025A503CD8314A0354754A063F191F80087D28EE
S31501025A604A1435490998313F08F57529063F19291E
S31501025A708001353F08F5313F08F57529063F714822
S31501025A80E0001D4A3CD8314A0355754A063F191FA3
S31501025A9080087D284A1435490998313F08F5752948
S31501025AA0063F19298001353F08F5313F08F5752969
S31501025AB0063F7148E0001D4A3CD8314A0356754AF1
S31501025AC0063F191F80087D284A1435490998313F36
S31501025AD008F57529063F19298001353F08F5313F39
S31501025AE008F57529063F7148E0001D4A3CD8314A3E
S31501025AF00357754A063F191F80087D284A143549FE
S31501025B000998313F08F57529063F19298001353F64
S31501025B1008F5313F08F57529063F7148E0001D4A2F
S31501025B203CD8314A0358754A063F191F80087D2819
S31501025B304A1435490998313F08F57529063F19294D
S31501025B408001353F08F51D5F09A0480348844815C1
S31501025B507121E0C1031670DDC72148877D4853785C
S31501025B6079FE26750231752A063F7128E0001D2944
S31501025B703CD835490359513F082411204AD8752A80
S31501025B80043F7128E0001D293CD85D49033871287C
S31501025B90E0001D293CD8312903EE7529063F4D3314
S31501025BA0031479FDE8677128E0001D293CD83129E3
S31501025BB003ED7529063F4B73031479FDE84F7128EE
S31501025BC0E0001D293CD8592903387529043F486349
S31501025BD0708003E8031579FDDA1B481379FDFBB7DB
S31501025BE07128E0001D29393851490000194A8001FE
S31501025BF0554900001D7F09B8500B00040090538BD4
S31501025C00FFF053ABFFF453CBFFF853EBFFFC033129
S31501025C100004182106F00080D501D3F1011F4823A3
S31501025C2079FDFB73197F8010500B0004009053EB32
S31501025C30FFFC033100041821069800805401006C10
S31501025C4057E10064011F7120000071400000553FB9
S31501025C500010555F001471200000353F000A7128BB
S31501025C60E0001D293CD871400116554902F47128FC
S31501025C70E0001D293CD8714000083549034F193F00
S31501025C80801048234814031579FE209F0231752A94
S31501025C90063F7128E0001D293CD835490346313FAC
S31501025CA0000A7529063F195F80087D2A4A1431299F
S31501025CB00008752A063F7128E0001D293CD835499E
S31501025CC00347313F000A7529063F19298001353FED
S31501025CD0000A313F000A7529063F195F80087D2AAD
S31501025CE04A1431290008752A063F7128E0001D2948
S31501025CF03CD835490348313F000A7529063F19291F
S31501025D008001353F000A313F000A7529063F195FB6
S31501025D1080087D2A4A1431290008752A063F71280E
S31501025D20E0001D293CD835490349313F000A75294E
S31501025D30063F19298001353F000A313F000A7529BC
S31501025D40063F195F80087D2A4A1431290008752AFF
S31501025D50063F7128E0001D293CD83549034A313FE7
S31501025D60000A7529063F19298001353F000A313F8C
S31501025D70000A7529063F195F80087D2A4A143129CE
S31501025D800008752A063F7128E0001D293CD83549CD
S31501025D90034B313F000A7529063F19298001353F18
S31501025DA0000A313F000A7529063F195F80087D2ADC
S31501025DB04A1431290008752A063F7128E0001D2977
S31501025DC03CD83549034C313F000A7529063F19294A
S31501025DD08001353F000A313F000A7529063F195FE6
S31501025DE080087D2A4A1431290008752A063F71283E
S31501025DF0E0001D293CD83549034D313F000A75297A
S31501025E00063F19298001353F000A313F000A7529EB
S31501025E10063F195F80087D2A4A1431290008752A2E
S31501025E20063F7128E0001D293CD83549034E313F12
S31501025E30000A7529063F19298001353F000A712892
S31501025E40E0001D293CD8312903467529063F700910
S31501025E5098007F8000207D2000267529E0077D2895
S31501025E6001207A12026A7128E0001D293CD83129E3
S31501025E7003477529063F7009A8537F8000207D20BC
S31501025E8000267529FFFF7529063F353F000B71284C
S31501025E90E0001D293CD83129034C7529063F7009BA
S31501025EA0A8547F8000207D2000267529FFFF7529D1
S31501025EB0063F353F000C315F000B313F000C7D2A56
S31501025EC04A14353F000B313F000B7529063F700915
S31501025ED098027F8000207D2000267529FFFF752903
S31501025EE0063F353F000C313F000C7529063F70090C
S31501025EF098007F8000207D2000267529E0077D28F5
S31501025F0001207A120170712000005D3F00087120A4
S31501025F100080553F001871200000553F001C71207A
S31501025F20E1031D2982C8553F00507120000B353F00
S31501025F3000207120000C353F00217120000C353FF5
S31501025F4000227120000D353F002371200000353FEC
S31501025F50000D7120000071400000553F0024555F7D
S31501025F60002871200001353F00247C000146712082
S31501025F7060007140000135491316513F0018515F07
S31501025F80001C553F0058555F005C195F8058712807
S31501025F90E0001C690B7848044805480648077D4815
S31501025FA0537879FDE771191F8024195F80307128B2
S31501025FB0E0001C690B7848047120E11F031570BFCC
S31501025FC0C7F0488603077D48537879FDE80D7120AD
S31501025FD003E85D3F00084400593F00087529043F64
S31501025FE0194984FF5D5F0008700998007F800020CF
S31501025FF07D2000267529E0077D2801207A02FFDC33
S31501026000193F802048234894480570C002514847E9
S315010260107D284B7879FE21C1712407105D3F000866
S315010260204400593F00087529043F194984FF5D5F01
S315010260300008700998007F8000207D2000267529BE
S31501026040E0077D2801207A02FFDC71205800192918
S31501026050D180714B02F0554900047120580019296B
S31501026060D180714000007154C50F55490004780072
S31501026070005E71200000353F000E313F000E75298A
S31501026080063F195F80087D2A4A147140000135498D
S315010260900024313F000E7529063F19298001353F3B
S315010260A0000E193F802C48234894480570C00251BE
S315010260B048177D284B7879FE211F0231752A063F42
S315010260C07128E0001D293CD835490350483379FD32
S315010260D0F6C5197F8068500B0004009053EBFFFC54
S315010260E003310004182106F00080D501D3F1011F06
S315010260F0484379FDF6A1197F8010500B00040090E8
S3150102610053EBFFFC03310004182106E80080D70196
S31501026110D5F1011FD23F513F00087009A8067F80C1
S3150102612000207D2000267529E0077D2801207A11AD
S315010261300066513F00087D2A10707120E1031D2976
S3150102614097287D2A4A14514900007120E1031D292D
S3150102615097287D2A4A147D2903A6000679FE6CF149
S315010261607800003679FE6D0B7800002E79FE6D29D6
S315010261707800002679FE6D457800001E79FFFA97B0
S315010261807800001679FFFAB37800000E79FFFF59FD
S31501026190780000064400197F8018500B0004009015
S315010261A053EBFFFC03310004182106F00080D501F0
S315010261B0D3F1011F488379FDCE6948034814481576
S315010261C07121E4FF031670D8C7EF79FE185F480301
S315010261D0480448157121E4FF031670D8C6EF79FE0B
S315010261E0184B48234904480570C006A279FE183D9A
S315010261F048234874480570C0014A79FE182F48138E
S315010262004814480570C0028079FE182148134824B3
S31501026210480570C0028279FE1813481348344805AE
S3150102622070C0028479FE180548134844480570C0B7
S31501026230028179FE17F748134854480570C0028354
S3150102624079FE17E948134804480570C0028579FEAC
S3150102625017DB48234914480570C0020179FE17CDA0
S315010262604803483448157123E060031670C8C0F329
S3150102627079FE17B948134884480570C0018279FE30
S3150102628017AB48134894480570C0018379FE179DE0
S315010262904803488448157121E0C1031670DDC72100
S315010262A079FE1789712060007140E200194AD00314
S315010262B0554902E848234894480570C0025179FEBF
S315010262C0176B48234814480570C0011679FE175DFD
S315010262D079FE0827482348044805637679FE174D57
S315010262E04823480479FE1971713FE404594904A807
S315010262F0194AC4E0194AD00C5D4904A87120E1018A
S315010263001D49A2F27128E0001D2900005549089095
S315010263107128E0001D2939507147E423715AC70AD1
S31501026320554901347128E0001D293950715F7FFFFB
S31501026330554901CC7128E0001D29395071400001EF
S31501026340354902757128E0001D2939385149000085
S315010263507128E0001D293950554901E07128E000F4
S315010263601D29395071400001354902747128E00036
S315010263701D293938514900007128E0001D2939507B
S31501026380554901E47128E0001D29393851490000B7
S315010263907128E0001D293950554901D47128E000C0
S315010263A01D2939507140000135490276197F801045
S315010263B0500B0004009053EBFFFC0331000418213B
S315010263C006F0D3F1011F02317D3F0BA6197F801022
S315010263D053EBFFFC03310004182106E0D7F1011F3C
S315010263E0713FE4047140000055490000713FE40425
S315010263F051290020553F0008713FE4047148E0002D
S315010264001D4A000055490020197F802053EBFFFCED
S3150102641003310004182106F0D3F1011F713FE40490
S3150102642071400000554900107C008146197F801099
S3150102643053EBFFFC03310004182106F00080D5015D
S31501026440D3F1011F7120E1001D291000031379FF09
S31501026450FF7179FFFF8779FFFFBF197F8010500B0C
S315010264600004009053EBFFFC03310004182106E8F7
S3150102647000801B810908D701014F013E016D015CB4
S3150102648079FDB6B91823A8007A04003001E301F4B4
S3150102649001C501D679FDB7111823A8007A04000CAB
S315010264A001DF01CE7800001401E301F47800013B1B
S315010264B01823A8017A16FFEC01E301F41961801889
S315010264C079FDBA9E182106F00080138322CC10832F
S315010264D022CED5011BC109087CBD2B827A15002467
S315010264E0014E013F108322CD7A05000A01E37800AD
S315010264F00012780000B31823A8017A16FFF201F3FD
S315010265001961801079FDBA62182106E800801B81A3
S315010265100908D701014F013E016D015C79FDB61DE6
S315010265201823A8007A14000C01DF01CE7800002896
S3150102653001E301F401C501D679FDB66D1823A80060
S315010265407A14001401E301F47800009F1823A801CC
S315010265507A16FFD801E301F41961801879FDBA02AE
S31501026560182106F000801BC10908138322CC10836F
S3150102657022CED501013F014E7CBD2B827A05000A4E
S3150102658001E37800001A108322CD7A1500107800F3
S3150102659000171823A8017A16FFEA01F31961801080
S315010265A079FDB9C6013770EFEF807A12002270CFFA
S315010265B0E7800C677A02002E7463027F7120000164
S315010265C01823A80071400002780000147463027F48
S315010265D0712000051823A800714000037C6A499EB8
S315010265E0000448430004013770EFEFF07A120028E5
S315010265F070CFE7F00C677A02003A7469033F4813D9
S315010266001829A8007A06002E1824A8007120000273
S315010266107800001A7469033F48531829A8007A06BC
S3150102662000141824A800712000037C69199E000435
S3150102663048430004182106D800801B01090818677F
S31501026640C77F70C8E40FDB0170DFC7FF013E014F50
S31501026650013C0D677A01005070CFE7F00D677A11A0
S3150102666000120C677A02001C1824A8007A1600147C
S3150102667001E301F401E501F679FDAE95780002FA2E
S31501026680183CA8007157E7F97107E7F97144C1FB94
S315010266907104C1FB708AE4447D28515E7085C51878
S315010266A07800033270C7E7DB70DFC7FF0D677A1127
S315010266B0004070C7E61F70DFC7FF0D677A11012020
S315010266C070AFE63770D1E00070BCC43C70CEC59C99
S315010266D079FDAE3D70A7E7F0480679FDB3F302E115
S315010266E001F41823A8007A1502EC780000F270C7AB
S315010266F0E7F2600E70DFC7FF0D677A11007E70C781
S31501026700E7E501E370DFC7FF0D677A11003C01E59A
S3150102671001F6480D79FDADF970A7E7F0480679FD56
S31501026720AE496215014B013A01F401E3480679FDCE
S31501026730ADDF0146013501B401A379FDB10F013E79
S31501026740014F7800009C70A7E7F04806481D79FDC5
S31501026750AE1970A7E7F0014B013A01F401E34806CD
S3150102676079FDADAD0146013501B401A379FDB0DD77
S31501026770013E014F7800006A70C8E00370CFC7FF7F
S315010267800D677A11004201E370A7E7F84806482D22
S3150102679079FDADD770A7E7F8014B013A01F401E3A0
S315010267A0480679FDAE2B70A7E7F0480679FDAD6183
S315010267B00146013501B401A379FDB091013E014FB4
S315010267C07800001E01E501F67077E7F04804483DBE
S315010267D079FDB079013E014F780000062C0D01E5E5
S315010267E001F601E301F479FDADE7013801490185BD
S315010267F0014679FDADDB70A7E790014B013A70B511
S31501026800C53A70DCE32270DBC21179FDADC370A714
S31501026810E7A970C4E47670AFC34B70C1C5EB79FDCD
S31501026820ACEF0146013501B401A379FDADA370A711
S31501026830E7B170D4E0D070A1C56670C7C55179FDC4
S31501026840ACCF0146013501B401A379FDAD8370A731
S31501026850E7B770D8E54C70A8C5CD70C4C06E79FD96
S31501026860ACAF0146013501B401A379FDAD6370A751
S31501026870E7C270D2E20070A9C12470D0C3FF79FDCC
S31501026880AC8F0146013501B401A379FDAD4370A771
S31501026890E7D570CAE55570AAC55570CAC50D79FD09
S315010268A0AC6F014601350194018379FDAD2370B7C1
S315010268B0E7A2014970B6C444013801B401A370C507
S315010268C0E46A70CDC42F79FDAD0770A7E7AD70CA32
S315010268D0E2DE70BBC62D70DFC59A79FDAC8D01462D
S315010268E0013501B401A379FDACE770A7E7B370D511
S315010268F0E77470B6C0F270D3C26D79FDAC6D014614
S31501026900013501B401A379FDACC770A7E7BC70DFFD
S31501026910E62370AEC1C670C2C67179FDAC4D0146A1
S31501026920013501B401A379FDACA770A7E7C970D3FC
S31501026930E19870B3C19970DDC3C479FDAC2D0146EE
S31501026940013501B401A379FDAC87183DACFF0146BF
S3150102695001357A06002A0183019479FDABB301461A
S31501026960013501F401E379FDAC670146013501F414
S3150102697001E379FDABF502317800005A6C3D736093
S31501026980E10301831F7B9768019404DB79FDAB81E7
S315010269900146013501F401E379FDAC357120E103CC
S315010269A01D2997487FA9EA14C05DC16D79FDABBB6C
S315010269B001E501F679FDABB301460135C14BC03B99
S315010269C079FDABA7183CA8000231194983807D2ABB
S315010269D0491E03131961802879FDB576182106E04F
S315010269E000801B810910D231D341C2F1D90177FC52
S315010269F0657FC3E11FBCFC01183DA8137A15009AF5
S31501026A00183DA8007A04004270AFE63770D1E00063
S31501026A1070BCC43C70CEC59C79FDAAF548054806F2
S31501026A2079FDB0AD1823A8007A050102183FA80026
S31501026A307A1400F67FC9FB797127E7F0480E7FE0E9
S31501026A40489E780000E82D4C40DC7F89F8387D2A83
S31501026A50F3797A1200DC70AFE63770D1E00070BCD0
S31501026A60C43C70CEC59C79FDAAA74805480679FDA6
S31501026A70B05F1823A8007A0500B4183FA8007A056A
S31501026A8000107120E0107D29EE307FFF4A1445CFB8
S31501026A90480E78000098183DA8337A050018183D6B
S31501026AA0A9047A06008C0146013579FDAA637800AC
S31501026AB00084713F7FFF1F9CFBED7D3CE4307F89A3
S31501026AC0F0397A12006C70AFE63770D1E00070BC13
S31501026AD0C43C70CEC59C79FDAA374805480679FDA6
S31501026AE0AFEF1823A8007A050044183FA8007A05DB
S31501026AF00032183DA8147A06000A200F78000024F5
S31501026B001BBDB034712000017D29E8307D29F214C4
S31501026B107D5E48107D4A5110031E7D4AF850032FAF
S31501026B2045CE78000008480E620FD2F1D3E1C23198
S31501026B30C3411961802079FDB428182106E8008035
S31501026B40013770C7E749600770C1C7D8D7010D671A
S31501026B507A11000E480478000839780000A070CF37
S31501026B60E77F70DFC7FF0D677A01000C10631AC158
S31501026B707800008A18818008780002992E3318A3BA
S31501026B80A8017A1600507A14001C18A3A8027A06E4
S31501026B90005A506100085081000C780007F5780010
S31501026BA00042506100085081000C780007E5013768
S31501026BB070C6E37F600770DFC7FF0D677A11003E7B
S31501026BC011201ADA1829A8007A0600324803780039
S31501026BD0002C506100085081000C481578000F7393
S31501026BE0106302C679FFFFCA506100085081000C8A
S31501026BF0481578000F5D79FFFFB8C7010090217132
S31501026C000004182106D800801B610914D231D34130
S31501026C10C2F1DB0177FC657FC3E11FBCFC01183DB4
S31501026C20A8137A15009E183DA8007A04004670AF93
S31501026C30E63770D1E00070BCC43C70CEC59C79FDCC
S31501026C40A8CF4805480679FDAE871823A8007A051C
S31501026C500100183FA8007A0400F41BE9C77F7D2AC8
S31501026C60F3797137E7F0480E7FFF489E780000E21C
S31501026C702D4C41DC7F89F8387D2AF3797A1200D6C8
S31501026C8070AFE63770D1E00070BCC43C70CEC59CD3
S31501026C9079FDA87D4805480679FDAE351823A80079
S31501026CA07A0500AE183FA8007A0400107120E010A0
S31501026CB07D29EE307FFF4A1445CF480E78000092B7
S31501026CC0183DA8337A050018183DA9047A060086EC
S31501026CD00146013579FDA8397800007E713F7FFFB3
S31501026CE01F7CFBED7D3BDC307F69F0397A12006651
S31501026CF070AFE63770D1E00070BCC43C70CEC59C63
S31501026D0079FDA80D4805480679FDADC51823A800E9
S31501026D107A05003E183FA8007A04002C183DA814F3
S31501026D207A06000A200F7800001E714004334817C4
S31501026D307F9C505042C77CFE3A140DE77A0000064A
S31501026D40200F017E45BE78000008480E480FD2F199
S31501026D50D3E1C231C3411961802879FDB200746A57
S31501026D604E3F0231194A8481182AA8167A150086DD
S31501026D70182AA8007A04003C714EE149715EC2CA22
S31501026D80106352C071400000108352CC7A0500781C
S31501026D901829A8007A04006C1929C77F7077E78041
S31501026DA01829A8007110E0007D28199E7800005864
S31501026DB02D777CE756307CE818397A12004C710E31
S31501026DC0E149711EC2CA106342C0710000001083FC
S31501026DD042CC7A0500321829A8007A040010710003
S31501026DE0E0807D0A56307D2952147D293878780053
S31501026DF00016182AA8807A06000E10631AC000042B
S31501026E007120000003130004780002CA780004A866
S31501026E10182106E000801BC109181866C77F70E7B2
S31501026E20E749D90170E1C7D8014F013E0C767A11C3
S31501026E3000147120000054640000552400047800F7
S31501026E4001EE70E8E01670F9C3E30C767A1100A040
S31501026E507127E7C970E7E7C91823A8007121C7801E
S31501026E60747E007770E1C7D07A0500447146E73532
S31501026E7011234AC17148C4430C7E7A020018706616
S31501026E80E7357145E6851863D1447154C308112962
S31501026E901AC1106952C111291AC1547F0000112960
S31501026EA052C14813553F0004780002227146E73564
S31501026EB011234AC07148C4430C7E7A0200187066D7
S31501026EC0E7357145E6851863D1447154C308112922
S31501026ED01AC0106952C011291AC1547F0000112922
S31501026EE052C02C03553F0004780001E270E8E349E1
S31501026EF070E1C7800C767A11011C114302C4712715
S31501026F00E7007067E72270E6E735707FC18470E8B3
S31501026F10C443106A1AC810634AC07127E7C91060D0
S31501026F201ADA7121C78010801AD11823A81F1124D9
S31501026F304AC811043AC8112A4AC1114942C17A15ED
S31501026F40002077C7006F18A384FF7160E1036C25E7
S31501026F501D6B97887CAB282E0C577A0200887CC55C
S31501026F60BE7075474E3F07571827A8087A0500765F
S31501026F7070E6E73518E7D14410E43AC810C93AC1B8
S31501026F80112932C111293AC170E5E68570F4C308A7
S31501026F9010E43AC811074AC110E642C174EA4E3FEB
S31501026FA07CAA28501825A8197A15000E54FF00004C
S31501026FB00261780000347105E6857144E48D190891
S31501026FC0D1A37146C132110442C8114452C81126D5
S31501026FD042C110C64AC110C642C1110A32C1114983
S31501026FE042C1555F0000515F0000183EA8001129F9
S31501026FF052C1110942C1551F00047A0400D0114A37
S3150102700002C6110802C6555F0000551F000478002A
S3150102701000BA70EFE77F70FFC7FF0C767A010016A0
S3150102702010631AC1546400045464000048037800D2
S31501027030009C7108E3807CC5BE7018A5847A7CAA7F
S31501027040B8707D4A3050112052DA11204AD1114AC4
S315010270504AC155210008112A42C811404ADA114093
S3150102706052D1112952C15541000C112942C8710050
S31501027070000055210010108942CE7A050012108AAD
S3150102708042CE7A05001048167800000C4836780080
S31501027090000648261861800801F448277100E103B9
S315010270A01D089808780003DB183EA8007A04001E22
S315010270B0513F0000112902C6553F0000513F00040D
S315010270C0112902C6553F000400331961802079FD5A
S315010270D0AE98182106E000801BC10918D90173EF89
S315010270E0E7F074600057024002320136014502415F
S315010270F00CF07A02001C014E013F0306013579FDAF
S31501027100A4CF01F501E679FDA407780001A21823AF
S31501027110A8007A150034186BC77F7D682B797A121D
S31501027120018E7A1600247128E0007140002155492A
S3150102713013947128E0001D2911005069000050893D
S3150102714000047800016A7D4AA470182AA8007A060A
S3150102715000461826A8007A0600147D265C70194A94
S3150102716084EB7D29A87079FFFFEC7100000066B6F9
S315010271707A02000E6C161908800179FFFFF418E8ED
S31501027180B0017D4A3A1418E8B0207D273C307D29AA
S31501027190403044761CAAFC0174C6033F67F564B607
S315010271A07A1200107D27FC706C167D290870047610
S315010271B06C167D27FC707CAA0E707CE63A14496334
S315010271C07D2608707100000048057120E02000B399
S315010271D07C854A140C747A11000E7CA44A14064763
S315010271E07D084A147CC4FC706C176C1604477D2911
S315010271F00C707A20FFDE4A037120000071600000E4
S31501027200620400B37C6B22140C757A10000E7A02AA
S31501027210003A0D637A1100347D632214015018235A
S31501027220A8007A040010197FC380181FB0007C05DC
S31501027230019406577D2922147CA330107CA52910BE
S3150102724006360035065701057CC3FC706C176C16B1
S31501027250043768147A20FFB07CE433797A1200206D
S315010272601829ACFF7A060010190880017120000066
S315010272707800000C1927C0017D274A147D050C7080
S315010272807D290C701908C0011927D3801828A80076
S315010272907D4AA0707D29399E70EA97E05521000C3E
S315010272A07D4A2A14031455410008032319618020DB
S315010272B079FDACB67466005170AFE78002310137D1
S315010272C00C567A02001A714000217128E0005549D4
S315010272D0139411231AC810691AC000041823A800AE
S315010272E07A15002A186AC77F700A98007A1200A0D6
S315010272F07A16001A714000217128E00010631AC142
S315010273005549139410631AC900047D29BC701829C2
S31501027310A8007A06001866877A02000E6C171929E8
S31501027320800179FFFFF41929B0011929848174E7D3
S31501027330027F192AC001648749967CE750307D296C
S315010273400E706C177140E10048037100000000B62F
S315010273507CC852140C767A11000E7D065214066709
S315010273607C6352146C177D4A0C707A20FFE618274B
S31501027370A8007A16000C186AC0017C6352147D2992
S31501027380B87068131929833F7C691A140004013005
S31501027390182106E860007167E78018A0AF317A15F7
S315010273A0001411001ADA7D695B781828A8007A168A
S315010273B000CA11031AC870F5E54770A6E10F70FA03
S315010273C0C74E70AEC4F610E83AC87147E70010E737
S315010273D02AC0112322C810C83AC870A6E7D070E69F
S315010273E0E49370A1C50170FEC27C10E63AC110E8B1
S315010273F03AC810E72AC010C83AC870E7E2B670E187
S31501027400C36110E63AC170C7E52A10E83AC870D5D9
S31501027410C2AB10E732C070C7E69910E83AC870D31A
S31501027420C19910E83AC80D607A110018114852C87C
S3150102743011274AC1112A4AC1112B4AC17800003CBF
S3150102744070C7E7480D607A01001070C7E69054C113
S3150102745000087800000A180083FFD2015061000873
S31501027460114852C8116B1AC1110A1AC111474AC1F0
S31501027470114852C1112B52C1031321710004701F0D
S315010274807E587D8000267C21016E7120E1030080F9
S315010274901D299B30540101AC1D6101A879FDAA4148
S315010274A07CF8107019E684FF7F49C02E1B6584FDA6
S315010274B0014C7F691E707D29019502667F60481E17
S315010274C0027A7F69D8F87CCFD8507D2918707CCA98
S315010274D010705581015C023F7FE54A147C8FD214FC
S315010274E07D48521448070C477A11002C7C673214E6
S315010274F0712000002A037CE510707A10000C7D2AA7
S31501027500282E11204AD1186180A820077D23292E11
S3150102751079FFFFD648070CA77A1100547CA772148B
S31501027520189784FC6C257140000048067C06780099
S315010275307A11002A1926A4FC186180A87D292A1429
S3150102754020067D234A14186402045129FFFC1123E3
S315010275504AC8114A4AC079FFFFD67CE61070192142
S31501027560800820077D46492E79FFFFAE1BA180F8D0
S315010275707F49107001A97D3D4A141BC1800855211E
S315010275800148187FA80072C7E700720000007F3128
S315010275901070195980011839A80048177EBE8A143D
S315010275A07C7E882E48057D27511E192984FF700984
S315010275B098007A12004270E7E3807CA410701143AE
S315010275C03AC870E8E380114052DA114052D110CA2A
S315010275D03AC8106332C118C5A4FC10601ADA7CD508
S315010275E032147C7D212E20055066FFFC106A1AC0DA
S315010275F079FFFFBA5501015001F47800060B70A715
S31501027600E600023C10632AC879FFF75770E8E100E9
S315010276105101015010633AC811341AC112804ADA73
S315010276201140A2D1114952C17A0D0036187FB00814
S3150102763018B984FF6C257CBE2A14508500F07C891A
S315010276401E307E944A147D2918307D2920505525F5
S3150102765000F018BFB0077D332E30780000387A0E5D
S31501027660001C193984FF7D2910707D3E4A14512967
S3150102767000F07D3346707800001C138AB2CC108A62
S31501027680B2CE7CBD2B827A1500187260000078009A
S3150102769000D81833A8007A15000C780000CC726065
S315010276A0000218B980011839A800712000011A9444
S315010276B080014803716000007CA9291E18A584FF78
S315010276C02A057A1200327C9D182E182BA8007A06FA
S315010276D000141824A8007A1600181884B10178003B
S315010276E000081884B0FF7C9D192E716000012033B9
S315010276F079FFFFCC7A0D0040183FA8017A160022C5
S31501027700183FA8027A06003018B984FF6C257CBEA0
S315010277102A14508500F01884C03F7800001618B963
S3150102772084FF6C257CBE2A14508500F01884C07F24
S31501027730548500F01833A8027A06002E7067E78096
S31501027740182BA800114352C17A16001E5501015089
S315010277505541014C01F4780004AF5141014C5101EC
S315010277600150114A1AC1108A82CE7A0500DA1879B5
S3150102777084FF7CFD8A1448057140000020057C8542
S31501027780C8500CA47A1000141885A4FC7C87202EFC
S315010277907D4A237879FFFFE8182AA8007A06039022
S315010277A048171927A4FC50A101487D25482E1829FE
S315010277B0A8007A06000A200779FFFFEA192180A8A4
S315010277C07CB9DA147D59721418D980017D4A107078
S315010277D06C257D8952147C193A14712000000C061D
S315010277E07A11005E7CE92A147C6952147CE83A1407
S315010277F0197784FCC177480410E03AD17CEC492E12
S3150102780018E180A87C671A1448077C0778007A1168
S31501027810001E1B27A4FC1A8B02047F23C82E2007F5
S315010278201334CAC81084CAC079FFFFE27CF54A1430
S315010278302006548700041929800479FFFFA401094F
S3150102784079FFFD4E03237C9F00D0780003BB7108AC
S31501027850E380138342CC108342CE7CBD2B827A0510
S3150102786000407147E3807CFE8A14114352C8200905
S31501027870114052DA207F114052D1110A42C81140F9
S3150102788052DA106342C17F28107010601ADA7D1E27
S315010278904214546700F0554800F0780000107CFE4F
S315010278A08A1410601ADA546700F001F47067E780EF
S315010278B0481F780003537F24107019198002183962
S315010278C0ACFE044D7D5E221448057167E3807D0896
S315010278D0F95E190884FF700898007A1200207CFD6F
S315010278E0282E10E03AD110E33AC810635AC87CEA4E
S315010278F0292E18A584FC79FFFFDC7060E103480795
S315010279001C639B3C7D07C8517A10004A7D081070A2
S31501027910714000007D1E421448050CA57A1100240F
S315010279200C757A11001E7CBF107020057FBF182EC0
S315010279307D68F82E117D5AC8114A5AC079FFFFDEB9
S315010279407CE51070191E805020077D45412E79FF76
S31501027950FFB618B2A8037A1501C27100E1031D0828
S315010279609B207D48C02E7D0A42147D0903A600068E
S31501027970191980021839ACFE4814019571400000AC
S315010279807D08215E7800006E191980021839ACFE55
S31501027990481548077D48295E78000020195E805007
S315010279A0191980017D4A22141839A80048130325A2
S315010279B07D03411E780000AC194A84FF700A9800C3
S315010279C07A12001C7F251070191E80501B3984FF04
S315010279D07D05402E10E742C079FFFFE0027218339F
S315010279E0A8007A160008114702C6555C0000780005
S315010279F0012A190884FF700898007A12001C7CA4D7
S31501027A00107018FE805018A584FF7CE4382E114AA6
S31501027A103AC079FFFFE07D4853781833A8007A16F9
S31501027A200008110A02C6551C0000481751010058E8
S31501027A30114852C10C977A11001A7CE91070191E6D
S31501027A40805020077D29402E114A4AC079FFFFE85E
S31501027A507A160008114A02C6555C0004780000BC79
S31501027A60190884FF700898007A12002450650000F4
S31501027A7050E5FFFC10871AC010E722C110E33AC095
S31501027A8054E50000188506FC79FFFFD848170C97C4
S31501027A907CF9381E00B77A30002450AA0000510A38
S31501027AA0FFFC10E82AC011083AC1110542C0550A65
S31501027AB0000018EA06FC79FFFFE048177140000052
S31501027AC00C977CF9381E00B77A30001C7F2710709C
S31501027AD0191E80501B3984FF7D07402E114A42C070
S31501027AE079FFFFE81833A80050E100585101005C04
S31501027AF07A06001054FC0000551C00047800001898
S31501027B0010E702C6110802C654FC0000551C000407
S31501027B10114A02C6555C00085181015C1A83C007ED
S31501027B201D6101A87D81012079FDA3FE1BFF84F859
S31501027B3001397F2A10707D5D502E182AA8007A0617
S31501027B40FD6C1B3984FF1BFF84F879FFFFE80137BF
S31501027B50600718A7AF317A15001210E01ADA02315E
S31501027B601827A8007A16009C11431AC870E5E72E59
S31501027B707126E2D770F9C1D37125C73410EA3AC822
S31501027B8070C6E63810E74AC170DDC71B10EA3AC86B
S31501027B907127E15010E732C07121C50110EA3AC8D6
S31501027BA07107E40810E74AC17111C08910EA3AC89F
S31501027BB0116A1AC8112742C01825A8007107E62AB8
S31501027BC07115C2AB7A060018114A4AC8112A42C176
S31501027BD0112B4AC811234AC078000028112B4AC822
S31501027BE070E7E70010E43AC810E74AC1112B42C810
S31501027BF0114A3AC8108A22C111244AC011234AC124
S31501027C0003130004746A4E3F0231182AA8007A0649
S31501027C10003A186AC77F182AA8007A0600060004E5
S31501027C207069E40070E77CB010691AC80C7471219E
S31501027C30E5A27128C2607A1000C6746A4E3F02310B
S31501027C40194A84E778000012182AA8FF7A06000A60
S31501027C5010631AC000047D4A2214182AA8FE7A0566
S31501027C60001C714EE1491823A800715EC2CA7D4902
S31501027C7053787A04007078000044182AA8007A051D
S31501027C8000127D4AB870752902417D434B78000482
S31501027C90182AACE87A04005470F803501869C380B4
S31501027CA00C747A010024714EE1491829A800715E0B
S31501027CB0C2CA7D4953787A16002C715EE149715E1A
S31501027CC0C2CA780000207141E5A21829A8007148AC
S31501027CD0C2607D4953787A16000C7151E5A271484A
S31501027CE0C260106A4AC80004194A801975290241FC
S31501027CF07D43B8707C694B787066E30010691AC8D7
S31501027D000004000000000000000000000000000066
S31501027D10000000000000000000000000000000005A
S31501027D200000000000000000FFFDACE0FFFDAD24F5
S31501027D30FFFDAD68FFFDADACFFFDADF0FFFDAE345D
S31501027D40182106C000801AC1091854010044480FBF
S31501027D50300300342A00E655C0E373BEE0001BBDC2
S31501027D60D1E0C00E44D0D00EC0E3CE03C2EE66000F
S31501027D70E62AC0D377D70F3D77CCF73D77CBDF3DE8
S31501027D8077D8C73D77D9AF3D52DD000077DA973D07
S31501027D9077DB7F3D77DC673D77C04F3D1AD6D2034D
S31501027DA077DE36BD56DD000056E300085583000C2A
S31501027DB055630010D583D693D7A3D8B3D9C3DA03B3
S31501027DC0DBE3E81F77C00F3D77DCF77DD203D3C330
S31501027DD077C0E73DD40377DCCF3DD5C377C0B77D06
S31501027DE0D60377DCA73DD7C377C08F3DD80377DCAF
S31501027DF0777DD9C377C0673D77DE4EBDDA03DBE314
S31501027E003003003C2A00E60701F31800D000000007
S31501027E101800D00001F3500100441AC1081800905D
S31501027E201821804000044D504335354649313130E1
S31501027E30182106D000801B010910DD01480FC0E39D
S31501027E407480063F67E0C0CEE603CCD3E802C1D315
S31501027E5067BCE20667DCE6071B80C803E604484FF7
S31501027E6078000198CE036600E611C00E73837F7F08
S31501027E7073637FFB46C0D00EC00E46B0D00EC00E55
S31501027E801800D203740004DFD00E749CDFBF2A0CE3
S31501027E90E605C0B3C30B44C0D30BC00E65D0740054
S31501027EA004DFD00EC00E67D0E204482F7800011419
S31501027EB07480063F67E0E264C2932C005163000CB2
S31501027EC0C4B3C5A3C6837F395A1404B95163001CCE
S31501027ED01999B020C8B3C993048ACA837F5A5A141E
S31501027EE05163002C1B5AB020049B7C1AD4307C1996
S31501027EF0643004B87F3B2838188BA8201B38B02081
S31501027F007C0CCC307F4030387D8C3838E51051639B
S31501027F10002C480A532800002C08574800041B4B22
S31501027F20B02040A8468957280000E80E2C0853289D
S31501027F30000457080000CBA325FA1B5AB02040A81B
S31501027F40468957280004532800007D9ADB78530896
S31501027F500004440A449A7F5AC379E633C0A36D0BDF
S31501027F6044B0DE0AC0B3559B003C50080000C0B3C2
S31501027F70541B004050080004C0B3541B00447480D3
S31501027F80063F67F0E60BC00E6580740004DFD00E73
S31501027F90C00E6780E203636FE8142C00D00DC00E99
S31501027FA065F0740004DFD00ECE036600E626C00E2D
S31501027FB066E0E603624FE805C00E66F0E61E623F22
S31501027FC0C00E73637FFE73437F7F73A37FFB46B04D
S31501027FD0D00EC00E46A0D00EC00E46D0D00ECE0395
S31501027FE06600E60BC00E1800D203740004DFD00E41
S31501027FF0C0E3C30E45C0D30E3003003C2A00E60798
S3150102800001F31800D00000001800D00001F3CD01E1
S315010280101B01081000901821803000044D50433591
S315010280203546453100313000182106D000801B410A
S315010280300918DD01480F300300342A00E623748053
S31501028040063F6790E60BC063500600B053C600B404
S31501028050538600B853A600BCE8187480063F6780B1
S31501028060E60BC063500600A053C600A4538600A8BF
S3150102807053A600ACE80AC063C406C5E6C6C6C7D69F
S31501028080E804C063CA06CBE6748606BF2A36E5094A
S31501028090E6312A06E60B2A16E6162A26E61FE857CF
S315010280A02A46E63C2A56E64FE852C2D32C0BC3C3F4
S315010280B0490AC4E304CD04DE1BDEB02040EB777E21
S315010280C0801FE847C5D32C0EC6C3480AC7B304CDE1
S315010280D004BD1BBDB02040DEE83CC8D301E0C9C3E4
S315010280E02C0ECAB3480A04CD04BD1BBDB02040DE26
S315010280F0E830300300342A00E608CBE301C0480A1F
S3150102810023FEE4052C0EE825637FE826CBE32C0D3E
S315010281101BDEB0207FBEF430E81C300300342A0097
S31501028120E60ECBE301D0480A23FEE10BCBE32C0D8D
S3150102813025FE1BDEB0207FBEF430E80B637FE80C20
S31501028140480EE80749FA73D0E000E803638FE804B2
S3150102815046E040A0D0053003003C2A00E60701F3C1
S315010281601800D00000001800D00001F3CD011B4118
S31501028170081800901821803000044D5043353547C8
S315010281804C313130182106D000801B410918DD011E
S31501028190490E480F30C3003449402A067D66F09ED7
S315010281A07C06009E4A8E4AC67FDE589E7C06009E4B
S315010281B07486063F2A36E509E6312A06E60B2A16B1
S315010281C0E6162A26E61FE8562A46E63C2A56E64ED1
S315010281D0E851C2D32C0BC3C3490AC40304CD04D04C
S315010281E01800B020400B7760801FE846C5D32C00EB
S315010281F0C6C3480AC7B304CD04BD1BBDB02040D0D7
S31501028200E83BC8D3010EC9C32C00CAB3480A04CD40
S3150102821004BD1BBDB02040D0E82F300300342A0034
S31501028220E608CB03498E480A23F0E4052C00E8242C
S31501028230637FE834CB032C0C1800B0207F80043016
S31501028240E81B300300342A00E60DCB0349CE480A67
S3150102825023F0E10ACBD32C0025FD1BBDB02040D073
S31501028260E80B637FE81B4800E80749FA7010E00053
S31501028270E803638FE813C0D37CBCD030460C62DBC3
S315010282807D7EE86E7D600078D00EC00E44C0D00EB1
S31501028290C00E46C00D0C7FFFD89E3003003C2A005B
S315010282A0E60701F31800D00000001800D00001F320
S315010282B0CD011B41081800901821803000044D5051
S315010282C0433535534C313130182106C000801A81AD
S315010282D0091054010044014E015D016C017B030A40
S315010282E030030034480FCE932A007739013FE20A60
S315010282F07480063F1800C8812A00E604637F78006D
S3150102830002047480063F716000084A0867807C0B8C
S31501028310C09E7F05039605807C002851E2067CE01B
S3150102832033781800C803E604481F780001D83003E1
S3150102833000342A00E603C083E803C083203851785B
S3150102834000001960C810E6051960C8092A00E2058D
S315010283507560077D2A40E204484F780001A82A0683
S31501028360E2064800540800047800019ACE0366002A
S31501028370E61DC0081800CA03E619C00872E37F7F2A
S3150102838072C37FBF71837FEF7C00B838D008C00803
S315010283907C00B038D008C0087C006038D008C0081C
S315010283A01800D203740004DFD0087496DFBF1816D2
S315010283B0A800E60951830000500C000C7C00B3783A
S315010283C0540C000CC00865B0740004DFD008C00864
S315010283D067B0E204482F780000E87480063F6780A0
S315010283E0E606C0086590740004DFD0087480063F73
S315010283F067F0E60BC0086580740004DFD008C00888
S315010284006780E203636FE85C74D7F0BF772CF0BF35
S315010284100D967480063F7EECB85E67807EAC389E10
S3150102842063307D6B289E7D99009E48097C19B84070
S31501028430E01C529B000077C0063F243C6780569D94
S315010284400000203B203DE6081BA0C81FE2051FBD18
S3150102845003E01F7B03E07C1D63967C0061D67C00F2
S31501028460E851E6032009E8E3C00877D9063F65F03B
S31501028470740004DFD008D0DAD1CAD2BAD99ACE03AF
S315010284806600E60BC00866E0E603624FE819C0081B
S3150102849066F0E603623FE81400CE678EE633196B97
S315010284A080201AB58020557A00001960C90456BA8F
S315010284B00008E628C0EA1BDE810CD0EAE823C008E0
S315010284C073837FFE73637F7F73A37FBF73C37FEF64
S315010284D046C0D008C00846B0D008C00846D0D00869
S315010284E0C00846E0D008CE036600E60CC0081800B4
S315010284F0D203740004DFD008C0E3C30E7C00B37854
S31501028500D30E3003003C2A00E60701F31800D0001F
S3150102851000001800D00001F3500100441A8108102E
S3150102852000901821804000044D50433535465031A4
S3150102853000313000182106D000801806ACFF1B213D
S315010285400914DD01013F015E62FC016D4800D0059F
S31501028550E602C8B67486063F2256E518E9016C267C
S3150102856000871CC6000E047600B6000678000024B9
S315010285707800010078000176780001A6780001CE24
S31501028580780001F4780002EAE804630C78000340FB
S31501028590300300342A00E603C033E803C033203334
S315010285A0C0A367BA7A120328675AE66067CAE60861
S315010285B0775AF7FF775C083D213C78000312676A18
S315010285C0E63467FAE62BC00373437FFE46A0D00367
S315010285D0C10D2A00E612C05D00BBC16D01F3C27D69
S315010285E002D0309D002762EC0007D03E2A037A12A0
S315010285F002DE62FC780002D8C00373A37F7F736335
S315010286007FBF73C37FEF46D0D003C00346B0D0030A
S31501028610C00346E0D003780002B6775AF7FF775CCB
S31501028620083D210C780002A867FAE61948807363AF
S315010286307FFED00573437F7F73A37FBF73C37FEF33
S31501028640C00346B0D003C00346A0D003C00346D040
S31501028650D003C00346E0D00378000274775AF7FFCD
S31501028660775C083D210C7800026662EC78000260B4
S31501028670300300342A00E603C033E803C033203353
S31501028680C0A367DA7A120248675AE62D67EAE60458
S31501028690495C7800023A676AE60C67FAE607C003A4
S315010286A073C37FFE46E0D003E80F492C780002200F
S315010286B0490E67FAD0E5E607C00373C37FFE46E0BB
S315010286C0D003E80262FC2B2C7A120204C00373C3A4
S315010286D07F7F73A37FFB46E0D003C00346D0D0035E
S315010286E0780001EC62EC780001E6C10D2A007A12EB
S315010286F001DEC04D00BBC15D02D2C26D62ECC37D1B
S31501028700511D0010513D00140007D03E2A03E20517
S31501028710C10D2A007A0201B862FC780001B2C10DCC
S315010287202A007A1201AAC04D00BBC15D02D0C36DF7
S3150102873062ECC47D0007D03E2A03E205C10D2A0080
S315010287407A02018C62FC78000186C10D2A007A1236
S31501028750017EC04D00BBC15D01D72C0662EC00074C
S31501028760D03E2A03E205C10D2A007A02016262FCA9
S315010287707800015C300300342A00E204637C78004D
S31501028780014EC03351630054186380541960C80204
S315010287907A1200DE1960C8017A1200D41960C84043
S315010287A0E603497CE865C0AFC79D501A0058C0A9C7
S315010287B00DA0E240C0AFC79D501A005CC1A90DA031
S315010287C0E239C0AFC79D501A0060C2A90DA0E232BC
S315010287D0C0AFC79D501A0064C3A90DA0E22BC0AF5A
S315010287E0C79D501A0068C4A90DA0E224C0AFC79D57
S315010287F0501A006CC5A90DA0E21DC0AFC79D501A43
S315010288000070C6A90DA0E216C0AFC79D501A00742A
S31501028810C7A90DA0E20FC0AFC79D501A0078C8A91B
S315010288200DA0E208C0AFC79D501A007CC9A90DA0D0
S31501028830E6046350D005E8034800D0051960C90271
S31501028840E60BC03F4B0AC00367207C1CD09E4B132C
S315010288507F83009EE80DC0031800CCDBD003C00362
S3150102886061E0D003C0036000D003E80262ECC03FBE
S31501028870534300F0186380F067BAE629679AE62641
S3150102888067AAE61BC00361F0D003C00361B0D0033F
S31501028890C00367D0E2FEC10D2A00E619C05D00BB26
S315010288A0C16D01F3C27D02D0C34D62EC0007D03E19
S315010288B02A03E60D62FCE80B4880D005C00361F08D
S315010288C0D003C00361B0D003E80262EC301F003C62
S315010288D02A00E60701C31800D00000001800D000E4
S315010288E001C3CD011B210814009018218030000418
S315010288F04D5043353543533100313000FFFDDFF82A
S31501028900FFFDDFF8FFFDD728FFFDD7B4FFFDD8EC49
S31501028910FFFDDFF8FFFDDBECFFFDD5D4FFFDDD6AD0
S31501028920FFFDDFF8FFFDDFF8FFFDDFF8FFFDDFF8F2
S31501028930FFFDDFF8FFFDDE14FFFDD910FFFDDFF8B5
S31501028940FFFDDFF8FFFDDFF8FFFDDFF8FFFDD9666A
S31501028950FFFDD9D4FFFDDAE6FFFDD650FFFDDFF8B4
S31501028960FFFDDEE0FFFDDFF8FFFDDEBCFFFDDFF808
S31501028970FFFDDFF8FFFDDFF8FFFDDFF8FFFDDFF8A2
S31501028980FFFDDFF8FFFDDFF8FFFDD858000000000C
S31501028990406CBB3333333333406CBB333333333302
S315010289A0406CBB3333333333406CBB3333333333F2
S315010289B0406CBB3333333333406CBB3333333333E2
S315010289C0406CBB3333333333406CBB3333333333D2
S315010289D0406CBB3333333333406CBB3333333333C2
S315010289E0406CBB3333333333406CBB3333333333B2
S315010289F0406B8C4EA4A8C15540699492A305532697
S31501028A004067E000000000004066620000000000CE
S31501028A10406510F0D844D0144063E5559B3D07C824
S31501028A204062D943958106254061E80000000000B5
S31501028A3040610DB71758E219406047460AA64C3005
S31501028A40405F242C3C9EECC0405DD8000000000033
S31501028A50405CA66666666666405B8C4EA4A8C155F6
S31501028A60405A871C432CA57A406900000000000089
S31501028A7040790000000000004082C00000000000B2
S31501028A804089000000000000408F40000000000005
S31501028A904092C000000000004095E0000000000086
S31501028AA04099000000000000409C200000000000E8
S31501028AB0409F40000000000040A13000000000007D
S31501028AC040A2C0000000000040A4500000000000C7
S31501028AD040A5E0000000000040A770000000000071
S31501028AE040A900000000000040AA9000000000001A
S31501028AF040AC20000000000040ADB00000000000C4
S31501028B0040AF40000000000040B0680000000000D5
S31501028B1040B130000000000040B1F8000000000042
S31501028B2040B2C0000000000040B38800000000000F
S31501028B3040B450000000000040B5180000000000DB
S31501028B40406CBB3333333333406CBB333333333350
S31501028B50406CBB3333333333406CBB333333333340
S31501028B60406CBB3333333333406CBB333333333330
S31501028B70406CBB3333333333406CBB333333333320
S31501028B80406CBB3333333333406CBB333333333310
S31501028B90406CBB3333333333406CBB333333333300
S31501028BA0406CAEB851EB851F406CA51EB851EB85E2
S31501028BB0406C9B851EB851EC406BFA7FCB923A2AE8
S31501028BC0406A552D77318FC54068DEAA64C2F838EE
S31501028BD040678F93DD97F62B406662000000000026
S31501028BE04065512474538EF34064591758E219654E
S31501028BF04063769BA5E353F84062A70068DB8BAC22
S31501028C004061E80000000000406137B15B573EABAE
S31501028C1040609471DE69AD434035000000000000FA
S31501028C204035000000000000403500000000000051
S31501028C304035000000000000403500000000000041
S31501028C404035000000000000403500000000000031
S31501028C504035000000000000403500000000000021
S31501028C604035000000000000403500000000000011
S31501028C704035000000000000403500000000000001
S31501028C8040350000000000004034000000000000F2
S31501028C904031800000000000402E0000000000006C
S31501028CA040290000000000004020000000000000F2
S31501028CB000000000000000000000000000000000AB
S31501028CC0408F400000000000409F4000000000006D
S31501028CD040A770000000000040AF40000000000005
S31501028CE040B388000000000040B770000000000099
S31501028CF040BB58000000000040BF400000000000D9
S31501028D0040C194000000000040C38800000000003A
S31501028D1040C57C000000000040C770000000000052
S31501028D2040C964000000000040CB5800000000006A
S31501028D3040CD4C000000000040CF40000000000082
S31501028D4040D09A000000000040D1940000000000CB
S31501028D5040D28E0000000000406CBB333333333304
S31501028D60406CBB3333333333406CBB33333333332E
S31501028D70406CBB3333333333406CBB33333333331E
S31501028D80406CBB3333333333406CBB33333333330E
S31501028D90406CBB3333333333406CBB3333333333FE
S31501028DA0406CBB3333333333406CBB3333333333EE
S31501028DB0406CBB3333333333406CAEB851EB851F52
S31501028DC0406CA51EB851EB85406C9B851EB851ECD3
S31501028DD0406C9B851EB851EC406C9B851EB851ECCC
S31501028DE0406C9B851EB851EC406C9B851EB851ECBC
S31501028DF0406C7B851EB851EC406C7B851EB851ECEC
S31501028E00406C5BD70A3D70A4406C3B851EB851ECA1
S31501028E10406C1B851EB851EC406B9B851EB851EC0C
S31501028E20406B5BD70A3D70A4406AFBD70A3D70A42A
S31501028E30403500000000000040350000000000003F
S31501028E40403500000000000040350000000000002F
S31501028E50403500000000000040350000000000001F
S31501028E604033E5532617C1BE40310DB8BAC710CB00
S31501028E70402DD80346DC5D64402A871DE69AD42C30
S31501028E804027E000000000004025B460AA64C2F851
S31501028E904023E5532617C1BE40225D8ADAB9F55A47
S31501028EA040210DB8BAC710CB401FD54C985F06F7C3
S31501028EB0401DD7F62B6AE7D5401C16A161E4F76679
S31501028EC0401A8710CB295E9E0000000000000000B8
S31501028ED00000000000000000000000000000000089
S31501028EE03FC999999999999A3FD999999999999A2B
S31501028EF03FE33333333333333FE999999999999A56
S31501028F003FF00000000000003FF0000000000000FA
S31501028F1040418000000000004044000000000000C3
S31501028F20404500000000000040460000000000002D
S31501028F304047000000000000404800000000000019
S31501028F404049000000000000404B80000000000084
S31501028F504046800000000000404900000000000079
S31501028F60404B800000000000404E0000000000005F
S31501028F704050400000000000405180000000000007
S31501028F804052C000000000004054000000000000F2
S31501028F9000000000000000000000000000000000C8
S31501028FA040340000000000004044000000000000C0
S31501028FB040518000000000004059000000000000FE
S31501028FC040590000000000000000000000000000FF
S31501028FD04039000000000000403E00000000000091
S31501028FE04041800000000000404280000000000075
S31501028FF0404400000000000040490000000000005B
S31501029000447A0000000000004409800044BB80004D
S315010290100000000041A00000420C0000424800008E
S31501029020429E000042C8000042F0000042FA0000DF
S315010290304302000043020000432A00000000000030
S3150102904041A00000420C000042480000429E00007E
S3150102905042C8000042F0000042FA0000432000002C
S3150102906043200000432A00000000000041A0000046
S31501029070420C000042480000429E000042C8000025
S3150102908042F0000042FA00004320000043200000A3
S31501029090433400000000000041A00000420C000021
S315010290A042480000429E000042D2000042F0000007
S315010290B04302000043200000432000004334000025
S315010290C00000000041A00000420C000042480000DE
S315010290D042AA000042D2000042FA00004307000001
S315010290E0432000004320000043340000000000003A
S315010290F041A00000420C00004248000042AA0000C2
S3150102910042D2000042FA0000430C0000432A00004A
S31501029110432A0000435200000000000041A0000063
S3150102912041F000004248000042AA000042DC000071
S3150102913042FA0000431100004320000043200000D0
S3150102914043480000000000004190000041F0000089
S315010291504248000042B4000042DC0000430700001E
S31501029160431B000043200000432000004348000047
S31501029170000000004190000041C800004248000082
S3150102918042BE000042DC000043070000431B000010
S315010291904320000043200000434800000000000075
S315010291A04190000041C800004220000042C8000070
S315010291B042DC000043070000431B0000432000007D
S315010291C043200000434800000000000041880000DF
S315010291D041C800004220000042DC000042E60000D5
S315010291E043070000431B0000432000004320000008
S315010291F043480000000000004188000041C8000009
S315010292004220000042DC000042E600004307000063
S31501029210431B000043200000432000004348000096
S31501029220000000004180000041A000004220000031
S3150102923042DC000042FA000043070000431B000023
S315010292404320000043200000433E000000000000CE
S315010292504180000041A000004220000042C80000F7
S3150102926042FA000043020000431B000043200000B3
S31501029270432000004334000000000000417000005A
S3150102928041A000004220000042B4000042F000006A
S3150102929043020000431B000043200000432000005C
S315010292A043340000000000004170000041A00000AC
S315010292B04220000042B4000042DC000042F00000FD
S315010292C043070000430E0000430E0000431800004E
S315010292D0000000004170000041A000004220000091
S315010292E042A0000042B4000042C8000042DC000075
S315010292F042F0000042F000004305000000000000B9
S315010293004160000041A0000042200000429000009E
S3150102931042A0000042B4000042C8000042D200004E
S3150102932042D2000042EC0000000000004160000051
S3150102933041A0000042180000428C00004298000041
S3150102934042A4000042B0000042BC000042BE00003E
S3150102935042D400000000000041600000419000007C
S31501029360420C000042820000428C0000429400003E
S3150102937042A4000042B0000042B6000042C800000A
S31501029380000000004160000041900000420C000014
S3150102939042820000428C00004294000042A4000076
S315010293A042B0000042B6000042C8000000000000C0
S315010293B04120000041A0000041F0000042200000CF
S315010293C04248000042700000428C000042A00000A8
S315010293D042B4000042C8000040ACCCCD412CCCCDF9
S315010293E04181999A41ACCCCD41D800004201999A6A
S315010293F042173333422CCCCD4242666642580000B4
S31501029400426D999A4281999A428C666642973333A2
S3150102941042A2000042ACCCCD42B7999A42C26666DC
S3150102942042CD333342D8000042E400003E99999A74
S315010294303E99999A40200000402000000000000059
S315010294404040000041C8000041F000000000000059
S315010294500000000000000000000000000000000003
S31501029460000000003E99999A3ECCCCCD3F0CCCCD62
S315010294703F19999A000000003EE666663F0CCCCD84
S315010294803F3333333F4CCCCD000000003F00000098
S315010294903F0F5C293F3851EC3F51EB85000000003C
S315010294A03F07AE143F147AE13F47AE143F5C28F6FC
S315010294B0000000003F0CCCCD3F1EB8523F4F5C2945
S315010294C03F63D70A000000003F147AE13F26666631
S315010294D03F547AE13F6666660000000040A0000044
S315010294E041A0000041C8000041F000000000000058
S315010294F040A00000410000004120000041A0000000
S3150102950042200000427000003ECCCCCD3ECCCCCDF8
S315010295103F99999A3F99999A41A00000000000004B
S315010295204409800044D4800043FA0000458CA0001F
S315010295300000000042C800004521D000452C200051
S31501029540451A700045252000C1D0955BC1BCFAD7EA
S31501029550C1A6AD32C1900503C1732A9DC149EC78FA
S31501029560C12218C6C1023C19C0C9867DC0935C429C
S31501029570C045B838BFBED0FDBD98EFDB3FB432233C
S31501029580403D93C8409713E140D1AAED410BCAFB76
S31501029590412F1B37415BE3EB418A003F41A300DECA
S315010295A041C0907541DC0B70C2EFFC6AC2DBFE77EB
S315010295B0C2C80000C2B401BEC2A0036EC28BFC9235
S315010295C0C26FFC85C2480000C220037BC1F00DB9FF
S315010295D0C19FF247C11FF23D00000000411FF23D4B
S315010295E0419FF24741F00DB94220037B42480000F8
S315010295F0426FFC85428BFC9242A0036E42B401BECD
S3150102960042C8000042DBFE77C1D687B1C1BC32E453
S31501029610C19ECEF2C18242BBC1568217C1250963E0
S31501029620C0F4F616C0AB603BC05D1CF0BFC090C86B
S315010296303CCC44923FB80DBD4037859B408871D9D9
S3150102964040B851EC40EB635E41119EF14130BD667B
S31501029650414F0F7C4175B7414191F40641A77F52B3
S3150102966041BD0A7841D273B4C2EFFD71C2DBFC6A15
S31501029670C2C7FBB3C2B4036EC2A0028FC28C01BEC3
S31501029680C27001BEC2480000C21FFE42C1EFF90903
S31501029690C19FF5C3C11FE47A3C09B429411FE47A8B
S315010296A0419FF5C341EFF909421FFE4242480000BC
S315010296B0427001BE428C01BE42A0028F42B4036EC9
S315010296C042C8041942DBFC6A0000000A00000014C9
S315010296D00000000400000006FFFE2AF2FFFE21320E
S315010296E0FFFE244EFFFE24B2FFFE24D2FFFE24F229
S315010296F0FFFE25D8FFFE2888FFFE29FAFFFE373E28
S31501029700FFFE2B50FFFE373EFFFE2C1CFFFE2E32C4
S31501029710FFFE2FB4FFFE300CFFFE318EFFFE31E657
S31501029720FFFE3364FFFE35D2FFFFCA34FFFFCA3C98
S31501029730FFFFCA44FFFFCA4CFFFFCA54FFFFCA5CC0
S31501029740FFFFCA64000000003C7A2B7F222F65E2EC
S315010297503C81A62633145C073C7007887AF0CBBDA0
S315010297603C91A62633145C073FDDAC670561BB4F0E
S315010297703FE921FB54442D183FEF730BD281F69B2F
S315010297803FF921FB54442D183FC90F0040490F00F0
S315010297904096CB0040C90F0040FB53004116CB0057
S315010297A0412FED0041490F0041623100417B5300D7
S315010297B0418A3A004196CB0041A35C0041AFED00DC
S315010297C041BC7E0041C90F0041D5A00041E23100F2
S315010297D041EEC20041FB53004203F200420A3A0043
S315010297E0421083004216CB00421D140042235C0044
S315010297F04229A500422FED0042363600423C7E0048
S315010298004242C70042490F00000000A2000000F9CF
S31501029810000000830000006E0000004E00000044BC
S315010298200000001500000029000000FC00000027CE
S3150102983000000057000000D1000000F500000034CE
S31501029840000000DD000000C0000000DB0000006235
S3150102985000000095000000990000003C0000004352
S315010298600000009000000041000000FE00000051CF
S3150102987000000063000000AB000000DE000000BB38
S31501029880000000C500000061000000B700000024CE
S315010298900000006E0000003A000000420000004D88
S315010298A0000000D2000000E00000000600000049AE
S315010298B00000002E000000EA00000009000000D1AD
S315010298C0000000920000001C000000FE0000001DC6
S315010298D0000000EB0000001C000000B1000000299E
S315010298E0000000A70000003E000000E80000008220
S315010298F000000035000000F50000002E000000BB4C
S315010299000000004400000084000000E90000009C01
S315010299100000007000000026000000B40000005F95
S315010299200000007E000000410000003900000091A5
S31501029930000000D600000039000000830000005339
S3150102994000000039000000F40000009C00000084C1
S315010299500000005F0000008B000000BD000000F95E
S31501029960000000280000003B0000001F000000F874
S3150102997000000097000000FF000000DE0000000565
S31501029980000000980000000F000000EF0000002F09
S31501029990000000110000008B0000005A0000000ABE
S315010299A00000006D0000001F0000006D000000367F
S315010299B00000007E000000CF00000027000000CB5F
S315010299C000000009000000B70000004F0000004639
S315010299D00000003F000000660000009E0000005FDC
S315010299E0000000EA0000002D0000007500000027BB
S315010299F0000000BA000000C7000000EB000000E50D
S31501029A00000000F10000007B0000003D000000079D
S31501029A1000000039000000F70000008A0000005231
S31501029A2000000092000000EA0000006B000000FB4B
S31501029A300000005F000000B10000001F0000008D61
S31501029A400000005D0000000800000056000000034F
S31501029A500000003000000046000000FC0000007B10
S31501029A600000006B000000AB000000F0000000CF18
S31501029A70000000BC000000200000009A000000F473
S31501029A80000000360000001D000000A9000000E3EE
S31501029A9000000091000000610000005E000000E687
S31501029AA00000001B0000000800000065000000998C
S31501029AB0000000850000005F00000014000000A005
S31501029AC000000068000000400000008D000000FF59
S31501029AD0000000D8000000800000004D0000007365
S31501029AE00000002700000031000000060000000609
S31501029AF00000001500000056000000CA00000073B5
S31501029B00000000A8000000C900000060000000E299
S31501029B100000007B000000C00000008C0000006B0A
S31501029B20FFFFDE68FFFFDE50FFFFDE50FFFFDE7C38
S31501029B300000000400000007000000093FC9000000
S31501029B4039F0000037DA000033A200002E8400004B
S31501029B502B50000027C2000022D000001FC40000C3
S30D01029B601BC6000017440000B8
S31501029B68FFFE000000800000000000000000000067
S31501029B7800000000000000000000000000000000D4
S31501029B8800000000000000000000000000000000C4
S31501029B9800400000010000000000008000000000F3
S31501029BA8000011892312329B462457AD653674BFCC
S31501029BB88C489DC1AF5ABED3CA6CDBE5E97EF8F77C
S31501029BC8108101083393221A56A5472C75B7643EAC
S31501029BD89CC98D40BFDBAE52DAEDCB64F9FFE8765C
S31501029BE82102308B02101399672676AF443455BD8C
S31501029BF8AD4ABCC38E589FD1EB6EFAE7C87CD9F53C
S31501029C083183200A1291031877A7662E54B5453C6B
S31501029C18BDCBAC429ED98F50FBEFEA66D8FDC9741B
S31501029C284204538D6116709F042015A9273236BB4B
S31501029C38CE4CDFC5ED5EFCD7886899E1AB7ABAF3FB
S31501029C485285430C7197601E14A1052837B3263A2B
S31501029C58DECDCF44FDDFEC5698E98960BBFBAA72DB
S31501029C686306728F4014519D252234AB063017B90B
S31501029C78EF4EFEC7CC5CDDD5A96AB8E38A789BF1BB
S31501029C887387620E5095411C35A3242A16B10738EB
S31501029C98FFCFEE46DCDDCD54B9EBA8629AF98B709B
S31501029CA884089581A71AB693C22CD3A5E13EF0B7CB
S31501029CB8084019C92B523ADB4E645FED6D767CFF7B
S31501029CC894898500B79BA612D2ADC324F1BFE036AB
S31501029CD818C109483BD32A5A5EE54F6C7DF76C7E5B
S31501029CE8A50AB48386189791E32EF2A7C03CD1B58B
S31501029CF8294238CB0A501BD96F667EEF4C745DFD3B
S31501029D08B58BA40296998710F3AFE226D0BDC1346A
S31501029D1839C3284A1AD10B587FE76E6E5CF54D7C1A
S31501029D28C60CD785E51EF497802891A1A33AB2B34A
S31501029D384A445BCD695678DF0C601DE92F723EFBFA
S31501029D48D68DC704F59FE41690A98120B3BBA2322A
S31501029D585AC54B4C79D7685E1CE10D683FF32E7ADA
S31501029D68E70EF687C41CD595A12AB0A3823893B10A
S31501029D786B467ACF485459DD2D623CEB0E701FF9BA
S31501029D88F78FE606D49DC514B1ABA02292B98330EA
S31501029D987BC76A4E58D5495C3DE32C6A1EF10F789A
S31501029DA80460000004600000046000000460000012
S31501029DB80460000004600000046000000460000002
S31501029DC80800000008000000080000000800000062
S31501029DD808000000080000000460000008000000F6
S31501029DE804600000046000000460000004600000D2
S31501029DF804600000046000000460000004600000C2
S31501029E0804600000046000000460000004600000B1
S31501029E1804600000046000000460000004600000A1
S31501029E280460000004600000046000000460000091
S31501029E380460000004600000046000000460000081
S31501029E480460000004600000046000000460000071
S31501029E580460000004600000046000000460000061
S31501029E680460000004600000046000000460000051
S31501029E780460000004600000046000000460000041
S31501029E8808000000080000000800000008000000A1
S31501029E980800000008000000080000000800000091
S31501029EA80400000004000000040000000400000091
S31501029EB80400000004000000040000000400000081
S31501029EC80800000008000000080000000800000061
S31501029ED80800000008000000040000000800000055
S31501029EE80400000004000000040000000400000051
S31501029EF80400000004000000040000000400000041
S31501029F080400000004000000040000000400000030
S31501029F180400000004000000040000000400000020
S31501029F280400000004000000040000000400000010
S31501029F380400000004000000040000000400000000
S31501029F4804000000040000000400000004000000F0
S31501029F5804000000040000000400000004000000E0
S31501029F6804000000040000000400000004000000D0
S31501029F7804000000040000000400000004000000C0
S31501029F8808000000080000000800000008000000A0
S31501029F980800000008000000080000000800000090
S31501029FA80400000004000000040000000400000090
S31501029FB80400000004000000040000000400000080
S31501029FC80800000008000000080000000800000060
S31501029FD80800000008000000040000000800000054
S31501029FE80400000004000000040000000400000050
S31501029FF80400000004000000040000000400000040
S3150102A008040000000400000004000000040000002F
S3150102A018040000000400000004000000040000001F
S3150102A028040000000400000004000000040000000F
S3150102A03804000000040000000400000004000000FF
S3150102A04804000000040000000400000004000000EF
S3150102A05804000000040000000400000004000000DF
S3150102A06804000000040000000400000004000000CF
S3150102A07804000000040000000400000004000000BF
S3150102A088080000000800000008000000080000009F
S3150102A098080000000800000008000000080000008F
S3150102A0A81718212246424744450000191A1B1C006B
S3150102A0B81D1E1F204B404C494A0000191A1B1C0041
S3150102A0C89596970046000000000000000000000077
S3150102A0D89596974B404C494A000000000000000043
S3150102A0E856312E30000000007FFFFFFFFFFFFFFF02
S31540000000010043C8010043C8010043C8010043C87A
S31540000010010043C8010043C8010043C8010043C86A
S31540000020010043C8010043C8010043C8010043C85A
S31540000030010043C8010043C8010043C8010043C84A
S31540000040010043C8010043C8010043C8010043C83A
S31540000050010043C8010043C8010043C8010043C82A
S31540000060010043C8010043C8010043C8010043C81A
S31540000070010043C8010043C8010043C8010043C80A
S31540000080010043C8010043C8010043C8010043C8FA
S31540000090010043C8010043C8010043C8010043C8EA
S315400000A0010043C8010043C8010043C8010043C8DA
S315400000B0010043C8010043C8010043C8010043C8CA
S315400000C0010043C8010043C8010043C8010043C8BA
S315400000D0010043C8010043C8010043C8010043C8AA
S315400000E0010043C8010043C8010043C8010043C89A
S315400000F0010043C8010043C8010043C8010043C88A
S31540000100010043C8010043C8010043C8010043C879
S31540000110010043C8010043C8010043C8010043C869
S31540000120010043C8010043C8010043C8010043C859
S31540000130010043C8010043C8010043C8010043C849
S31540000140010043C8010043C8010043C8010043C839
S31540000150010043C8010043C8010043C8010043C829
S31540000160010043C8010043C8010043C8010043C819
S31540000170010043C8010043C8010043C8010043C809
S31540000180010043C8010043C8010043C8010043C8F9
S31540000190010043C8010043C8010043C8010043C8E9
S315400001A0010043C8010043C8010043C8010043C8D9
S315400001B0010043C8010043C8010043C8010043C8C9
S315400001C0010043C8010043C8010043C8010043C8B9
S315400001D0010043C8010043C8010043C8010043C8A9
S315400001E0010043C8010043C8010043C8010043C899
S315400001F0010043C8010043C8010043C8010043C889
S31540000200010043C8010043C8010043C8010043C878
S31540000210010043C8010043C8010043C8010043C868
S31540000220010043C8010043C8010043C8010043C858
S31540000230010043C8010043C8010043C8010043C848
S31540000240010043C8010043C8010043C8010043C838
S31540000250010043C8010043C8010043C8010043C828
S31540000260010043C8010043C8010043C8010043C818
S31540000270010043C8010043C8010043C8010043C808
S31540000280010043C8010043C8010043C8010043C8F8
S31540000290010043C8010043C8010043C8010043C8E8
S315400002A0010043C8010043C8010043C8010043C8D8
S315400002B0010043C8010043C8010043C8010043C8C8
S315400002C0010043C8010043C8010043C8010043C8B8
S315400002D0010043C8010043C8010043C8010043C8A8
S315400002E0010043C8010043C8010043C8010043C898
S315400002F0010043C8010043C8010043C8010043C888
S31540000300010043C8010043C8010043C8010043C877
S31540000310010043C8010043C8010043C8010043C867
S31540000320010043C8010043C8010043C8010043C857
S31540000330010043C8010043C8010043C8010043C847
S31540000340010043C8010043C8010043C8010043C837
S31540000350010043C8010043C8010043C8010043C827
S31540000360010043C8010043C8010043C8010043C817
S31540000370010043C8010043C8010043C8010043C807
S31540000380010043C8010043C8010043C8010043C8F7
S31540000390010043C8010043C8010043C8010043C8E7
S315400003A0010043C8010043C8010043C8010043C8D7
S315400003B0010043C8010043C8010043C8010043C8C7
S315400003C0010043C8010043C8010043C8010043C8B7
S315400003D0010043C8010043C8010043C8010043C8A7
S315400003E0010043C8010043C8010043C8010043C897
S315400003F0010043C8010043C8010043C8010043C887
S31540000400010043C8010043C8010043C8010043C876
S31540000410010043C8010043C8010043C8010043C866
S31540000420010043C8010043C8010043C8010043C856
S31540000430010043C8010043C8010043C8010043C846
S31540000440010043C8010043C8010043C8010043C836
S31540000450010043C8010043C8010043C8010043C826
S31540000460010043C8010043C8010043C8010043C816
S31540000470010043C8010043C8010043C8010043C806
S31540000480010043C8010043C8010043C8010043C8F6
S31540000490010043C8010043C8010043C8010043C8E6
S315400004A0010043C8010043C8010043C8010043C8D6
S315400004B0010043C8010043C8010043C8010043C8C6
S315400004C0010043C8010043C8010043C8010043C8B6
S315400004D0010043C8010043C8010043C8010043C8A6
S315400004E0010043C8010043C8010043C8010043C896
S315400004F0010043C8010043C8010043C8010043C886
S31540000500010043C8010043C8010043C8010043C875
S31540000510010043C8010043C8010043C8010043C865
S31540000520010043C8010043C8010043C8010043C855
S31540000530010043C8010043C8010043C8010043C845
S31540000540010043C8010043C8010043C8010043C835
S31540000550010043C8010043C8010043C8010043C825
S31540000560010043C8010043C8010043C8010043C815
S31540000570010043C8010043C8010043C8010043C805
S31540000580010043C8010043C8010043C8010043C8F5
S31540000590010043C8010043C8010043C8010043C8E5
S315400005A0010043C8010043C8010043C8010043C8D5
S315400005B0010043C8010043C8010043C8010043C8C5
S315400005C0010043C8010043C8010043C8010043C8B5
S315400005D0010043C8010043C8010043C8010043C8A5
S315400005E0010043C8010043C8010043C8010043C895
S315400005F0010043C8010043C8010043C8010043C885
S31540000600010043C8010043C8010043C8010043C874
S31540000610010043C8010043C8010043C8010043C864
S31540000620010043C8010043C8010043C8010043C854
S31540000630010043C8010043C8010043C8010043C844
S31540000640010043C8010043C8010043C8010043C834
S31540000650010043C8010043C8010043C8010043C824
S31540000660010043C8010043C8010043C8010043C814
S31540000670010043C8010043C8010043C8010043C804
S31540000680010043C8010043C8010043C8010043C8F4
S31540000690010043C8010043C8010043C8010043C8E4
S315400006A0010043C8010043C8010043C8010043C8D4
S315400006B0010043C8010043C8010043C8010043C8C4
S315400006C0010043C8010043C8010043C8010043C8B4
S315400006D0010043C8010043C8010043C8010043C8A4
S315400006E0010043C8010043C8010043C8010043C894
S315400006F0010043C8010043C8010043C8010043C884
S31540000700010043C8010043C8010043C8010043C873
S31540000710010043C8010043C8010043C8010043C863
S31540000720010043C8010043C8010043C8010043C853
S31540000730010043C8010043C8010043C8010043C843
S31540000740010043C8010043C8010043C8010043C833
S31540000750010043C8010043C8010043C8010043C823
S31540000760010043C8010043C8010043C8010043C813
S31540000770010043C8010043C8010043C8010043C803
S31540000780010043C8010043C8010043C8010043C8F3
S31540000790010043C8010043C8010043C8010043C8E3
S315400007A0010043C8010043C8010043C8010043C8D3
S315400007B0010043C8010043C8010043C8010043C8C3
S315400007C0010043C8010043C8010043C8010043C8B3
S315400007D0010043C8010043C8010043C8010043C8A3
S315400007E0010043C8010043C8010043C8010043C893
S315400007F0010043C8010043C8010043C8010043C883
S31540000800010043C8010043C8010043C8010043C872
S31540000810010043C8010043C8010043C8010043C862
S31540000820010043C8010043C8010043C8010043C852
S31540000830010043C8010043C8010043C8010043C842
S31540000840010043C8010043C8010043C8010043C832
S31540000850010043C8010043C8010043C8010043C822
S31540000860010043C8010043C8010043C8010043C812
S31540000870010043C8010043C8010043C8010043C802
S31540000880010043C8010043C8010043C8010043C8F2
S31540000890010043C8010043C8010043C8010043C8E2
S315400008A0010043C8010043C8010043C8010043C8D2
S315400008B0010043C8010043C8010043C8010043C8C2
S315400008C0010043C8010043C8010043C8010043C8B2
S315400008D0010043C8010043C8010043C8010043C8A2
S315400008E0010043C8010043C8010043C8010043C892
S315400008F0010043C8010043C8010043C8010043C882
S31540000900010043C8010043C8010043C8010043C871
S31540000910010043C8010043C8010043C8010043C861
S31540000920010043C8010043C8010043C8010043C851
S31540000930010043C8010043C8010043C8010043C841
S31540000940010043C8010043C8010043C8010043C831
S31540000950010043C8010043C8010043C8010043C821
S31540000960010043C8010043C8010043C8010043C811
S31540000970010043C8010043C8010043C8010043C801
S31540000980010043C8010043C8010043C8010043C8F1
S31540000990010043C8010043C8010043C8010043C8E1
S315400009A0010043C8010043C8010043C8010043C8D1
S315400009B0010043C8010043C8010043C8010043C8C1
S315400009C0010043C8010043C8010043C8010043C8B1
S315400009D0010043C8010043C8010043C8010043C8A1
S315400009E0010043C8010043C8010043C8010043C891
S315400009F0010043C8010043C8010043C8010043C881
S31540000A00010043C8010043C8010043C8010043C870
S31540000A10010043C8010043C8010043C8010043C860
S31540000A20010043C8010043C8010043C8010043C850
S31540000A30010043C8010043C8010043C8010043C840
S31540000A40010043C8010043C8010043C8010043C830
S31540000A50010043C8010043C8010043C8010043C820
S31540000A60010043C8010043C8010043C8010043C810
S31540000A70010043C8010043C8010043C8010043C800
S31540000A80010043C8010043C8010043C8010043C8F0
S31540000A90010043C8010043C8010043C8010043C8E0
S31540000AA0010043C8010043C8010043C8010043C8D0
S31540000AB0010043C8010043C8010043C8010043C8C0
S31540000AC0010043C8010043C8010043C8010043C8B0
S31540000AD0010043C8010043C8010043C8010043C8A0
S31540000AE0010043C8010043C8010043C8010043C890
S31540000AF0010043C8010043C8010043C8010043C880
S31540000B00010043C8010043C8010043C8010043C86F
S31540000B10010043C8010043C8010043C8010043C85F
S31540000B20010043C8010043C8010043C8010043C84F
S31540000B30010043C8010043C8010043C8010043C83F
S31540000B40010043C8010043C8010043C8010043C82F
S31540000B50010043C8010043C8010043C8010043C81F
S31540000B60010043C8010043C8010043C8010043C80F
S30D40000B70010043C8010043C81F
S70501000000F9
